claim_id,invoice_id,policy_id,patient_id,office_id,insurance_company_id,network_status,benefit_year,service_date,submitted_date,adjudicated_date,days_to_adjudicate,amount_claimed,amount_paid,claim_status,denial_reason_code,required_prior_auth
1,901,12,357,12,9,In-Network,2023-24,2023-09-01,2023-09-05,2023-10-30,55,15.07,15.07,Clean-Paid,,False
2,340,1,137,20,4,In-Network,2023-24,2023-09-01,2023-09-06,2023-10-12,36,95.07,95.07,Clean-Paid,,False
3,1874,6,744,2,8,In-Network,2023-24,2023-09-04,2023-09-07,2023-10-18,41,107.74,107.74,Clean-Paid,,False
4,1452,16,581,17,7,In-Network,2023-24,2023-09-04,2023-09-07,2023-10-14,37,153.13,153.13,Clean-Paid,,False
5,611,8,239,4,1,Out-of-Network,2023-24,2023-09-04,2023-09-05,2023-10-14,39,298.04,0.0,Denied,Prior Auth Required,False
6,501,3,200,11,1,Out-of-Network,2023-24,2023-09-04,2023-09-09,2023-10-11,32,598.37,598.37,Clean-Paid,,True
7,250,32,98,13,1,In-Network,2023-24,2023-09-04,2023-09-05,2023-10-19,44,68.47,68.47,Clean-Paid,,False
8,553,20,218,12,4,Out-of-Network,2023-24,2023-09-04,2023-09-06,2023-10-25,49,189.11,189.11,Clean-Paid,,False
9,876,29,347,14,5,In-Network,2023-24,2023-09-04,2023-09-08,2023-10-17,39,48.47,48.47,Clean-Paid,,False
10,1865,6,740,18,8,In-Network,2023-24,2023-09-04,2023-09-08,2023-10-17,39,9.68,9.68,Clean-Paid,,False
11,767,27,300,19,9,In-Network,2023-24,2023-09-04,2023-09-05,2023-10-22,47,158.97,158.97,Clean-Paid,,False
12,634,29,247,14,5,In-Network,2023-24,2023-09-04,2023-09-07,2023-10-12,35,692.21,692.21,Clean-Paid,,True
13,621,5,243,7,4,In-Network,2023-24,2023-09-04,2023-09-05,2023-10-23,48,123.54,123.54,Clean-Paid,,False
14,1479,31,595,18,2,In-Network,2023-24,2023-09-04,2023-09-09,2023-10-11,32,93.78,0.0,Denied,Missing X-Ray,False
15,151,3,59,6,1,In-Network,2023-24,2023-09-05,2023-09-09,2023-10-14,35,95.07,95.07,Clean-Paid,,False
16,656,21,259,15,2,In-Network,2023-24,2023-09-05,2023-09-07,2023-10-06,29,436.62,436.62,Clean-Paid,,True
17,1104,27,441,11,9,In-Network,2023-24,2023-09-05,2023-09-06,2023-10-23,47,23.9,23.9,Clean-Paid,,False
18,1996,31,788,7,2,In-Network,2023-24,2023-09-05,2023-09-05,2023-10-07,32,224.02,224.02,Clean-Paid,,False
19,1385,6,555,19,8,In-Network,2023-24,2023-09-07,2023-09-10,2023-10-09,29,83.9,83.9,Clean-Paid,,False
20,653,21,257,12,2,In-Network,2023-24,2023-09-07,2023-09-12,2023-10-16,34,58.06,58.06,Clean-Paid,,False
21,760,33,297,12,8,Out-of-Network,2023-24,2023-09-07,2023-09-09,2023-10-14,35,110.12,110.12,Clean-Paid,,False
22,753,33,295,19,8,In-Network,2023-24,2023-09-08,2023-09-10,2023-10-20,40,224.02,224.02,Clean-Paid,,False
23,1549,35,620,19,7,In-Network,2023-24,2023-09-08,2023-09-08,2023-10-04,26,181.96,181.96,Clean-Paid,,False
24,1641,20,653,15,4,In-Network,2023-24,2023-09-11,2023-09-16,2023-10-21,35,224.02,224.02,Clean-Paid,,False
25,1183,29,472,20,5,In-Network,2023-24,2023-09-11,2023-09-16,2023-10-26,40,139.17,139.17,Clean-Paid,,False
26,537,21,211,18,2,In-Network,2023-24,2023-09-11,2023-09-12,2023-10-19,37,238.97,238.97,Clean-Paid,,False
27,989,11,391,8,5,In-Network,2023-24,2023-09-11,2023-09-13,2023-10-19,36,224.02,224.02,Clean-Paid,,False
28,487,9,196,7,6,In-Network,2023-24,2023-09-11,2023-09-13,2023-10-11,28,64.1,0.0,Denied,Missing X-Ray,False
29,1119,35,446,8,7,In-Network,2023-24,2023-09-11,2023-09-13,2023-10-15,32,139.17,139.17,Clean-Paid,,False
30,1444,16,577,13,7,In-Network,2023-24,2023-09-11,2023-09-15,2023-10-27,42,198.97,198.97,Clean-Paid,,False
31,308,3,123,17,1,Out-of-Network,2023-24,2023-09-11,2023-09-13,2023-10-29,46,242.66,242.66,Clean-Paid,,False
32,927,13,367,13,4,In-Network,2023-24,2023-09-11,2023-09-15,2023-10-29,44,203.54,203.54,Clean-Paid,,False
33,995,4,393,9,2,In-Network,2023-24,2023-09-11,2023-09-11,2023-10-13,32,224.02,224.02,Clean-Paid,,False
34,1203,12,480,5,9,In-Network,2023-24,2023-09-11,2023-09-14,2023-10-31,47,0.0,0.0,Clean-Paid,,False
35,1322,1,529,3,4,Out-of-Network,2023-24,2023-09-11,2023-09-16,2023-11-05,50,189.11,189.11,Clean-Paid,,False
36,677,23,266,19,5,In-Network,2023-24,2023-09-12,2023-09-12,2023-10-22,40,102.16,102.16,Clean-Paid,,False
37,934,13,369,6,4,In-Network,2023-24,2023-09-12,2023-09-13,2023-10-21,38,58.06,58.06,Clean-Paid,,False
38,590,19,232,12,9,In-Network,2023-24,2023-09-12,2023-09-17,2023-11-03,47,224.02,224.02,Clean-Paid,,False
39,441,32,175,10,1,In-Network,2023-24,2023-09-13,2023-09-15,2023-11-01,47,95.07,95.07,Clean-Paid,,False
40,681,23,268,12,5,In-Network,2023-24,2023-09-13,2023-09-18,2023-10-13,25,173.13,173.13,Clean-Paid,,False
41,651,21,257,12,2,In-Network,2023-24,2023-09-13,2023-09-13,2023-10-14,31,224.02,224.02,Clean-Paid,,False
42,418,32,167,20,1,Out-of-Network,2023-24,2023-09-13,2023-09-13,2023-10-15,32,298.04,0.0,Denied,Max Benefit Exceeded,False
43,519,14,205,5,4,In-Network,2023-24,2023-09-14,2023-09-16,2023-10-22,36,113.13,113.13,Clean-Paid,,False
44,374,25,148,14,9,In-Network,2023-24,2023-09-14,2023-09-19,2023-11-11,53,112.57,112.57,Clean-Paid,,False
45,964,19,379,18,9,In-Network,2023-24,2023-09-14,2023-09-14,2023-11-03,50,103.9,0.0,Denied,Missing X-Ray,False
46,1700,2,676,12,9,In-Network,2023-24,2023-09-14,2023-09-16,2023-10-31,45,267.74,267.74,Clean-Paid,,False
47,674,23,265,18,5,In-Network,2023-24,2023-09-14,2023-09-14,2023-10-15,31,224.02,224.02,Clean-Paid,,False
48,97,21,37,4,2,In-Network,2023-24,2023-09-15,2023-09-18,2023-10-29,41,122.16,0.0,Denied,Coverage Terminated,False
49,1320,1,528,7,4,In-Network,2023-24,2023-09-15,2023-09-15,2023-10-28,43,408.08,408.08,Clean-Paid,,True
50,1616,30,644,19,5,In-Network,2023-24,2023-09-15,2023-09-20,2023-10-13,23,153.58,153.58,Clean-Paid,,False
51,1229,16,493,11,7,In-Network,2023-24,2023-09-18,2023-09-20,2023-10-28,38,192.82,192.82,Clean-Paid,,False
52,649,32,255,1,1,In-Network,2023-24,2023-09-18,2023-09-18,2023-10-30,42,93.78,93.78,Clean-Paid,,False
53,1222,16,490,2,7,In-Network,2023-24,2023-09-18,2023-09-18,2023-10-26,38,224.02,224.02,Clean-Paid,,False
54,2010,32,794,5,1,In-Network,2023-24,2023-09-18,2023-09-22,2023-11-02,41,585.12,585.12,Clean-Paid,,True
55,201,2,77,16,9,In-Network,2023-24,2023-09-18,2023-09-21,2023-10-29,38,224.02,224.02,Clean-Paid,,False
56,209,6,83,8,8,In-Network,2023-24,2023-09-18,2023-09-19,2023-10-21,32,192.82,0.0,Denied,Missing X-Ray,False
57,2013,32,795,15,1,In-Network,2023-24,2023-09-18,2023-09-22,2023-10-24,32,127.74,127.74,Clean-Paid,,False
58,1474,15,593,11,1,Out-of-Network,2023-24,2023-09-18,2023-09-21,2023-11-08,48,548.37,0.0,Denied,Prior Auth Required,True
59,1127,3,450,17,1,Out-of-Network,2023-24,2023-09-18,2023-09-22,2023-10-28,36,101.42,0.0,Denied,Timely Filing Expired,False
60,1500,11,603,13,5,In-Network,2023-24,2023-09-18,2023-09-20,2023-10-25,35,268.68,268.68,Clean-Paid,,False
61,328,35,130,9,7,In-Network,2023-24,2023-09-18,2023-09-21,2023-10-18,27,102.16,102.16,Clean-Paid,,False
62,1586,14,632,1,4,In-Network,2023-24,2023-09-18,2023-09-22,2023-11-08,47,224.02,224.02,Clean-Paid,,False
63,1268,14,509,15,4,In-Network,2023-24,2023-09-18,2023-09-19,2023-10-25,36,74.15,74.15,Clean-Paid,,False
64,1752,30,698,4,5,In-Network,2023-24,2023-09-18,2023-09-20,2023-10-26,36,224.02,224.02,Clean-Paid,,False
65,166,3,64,13,1,In-Network,2023-24,2023-09-18,2023-09-23,2023-11-04,42,29.68,29.68,Clean-Paid,,False
66,1375,15,552,1,1,In-Network,2023-24,2023-09-19,2023-09-23,2023-10-31,38,254.28,254.28,Clean-Paid,,False
67,433,17,173,15,5,In-Network,2023-24,2023-09-20,2023-09-25,2023-10-27,32,192.82,192.82,Clean-Paid,,False
68,1049,27,416,12,9,In-Network,2023-24,2023-09-20,2023-09-21,2023-11-04,44,28.96,28.96,Clean-Paid,,False
69,1703,25,677,19,9,In-Network,2023-24,2023-09-21,2023-09-25,2023-11-14,50,340.18,0.0,Denied,Prior Auth Required,True
70,235,13,93,6,4,In-Network,2023-24,2023-09-21,2023-09-24,2023-10-27,33,267.74,267.74,Clean-Paid,,False
71,522,14,206,9,4,Out-of-Network,2023-24,2023-09-21,2023-09-26,2023-11-06,41,21.42,21.42,Clean-Paid,,False
72,46,8,17,6,1,In-Network,2023-24,2023-09-21,2023-09-25,2023-10-29,34,129.14,129.14,Clean-Paid,,False
73,1725,27,686,9,9,In-Network,2023-24,2023-09-22,2023-09-27,2023-11-13,47,0.0,0.0,Clean-Paid,,False
74,646,32,254,1,1,In-Network,2023-24,2023-09-22,2023-09-26,2023-11-12,47,224.02,224.02,Clean-Paid,,False
75,630,29,246,7,5,In-Network,2023-24,2023-09-22,2023-09-27,2023-10-31,34,224.02,224.02,Clean-Paid,,False
76,1941,26,769,11,4,In-Network,2023-24,2023-09-22,2023-09-22,2023-11-11,50,224.02,224.02,Clean-Paid,,False
77,1315,1,527,20,4,In-Network,2023-24,2023-09-22,2023-09-25,2023-11-02,38,224.02,224.02,Clean-Paid,,False
78,725,3,282,11,1,Out-of-Network,2023-24,2023-09-22,2023-09-26,2023-11-08,43,160.91,0.0,Denied,Timely Filing Expired,False
79,743,9,289,3,6,In-Network,2023-24,2023-09-22,2023-09-23,2023-10-24,31,92.88,0.0,Denied,Max Benefit Exceeded,False
80,175,3,68,11,1,Out-of-Network,2023-24,2023-09-22,2023-09-23,2023-11-10,48,188.93,188.93,Clean-Paid,,False
81,550,20,217,15,4,In-Network,2023-24,2023-09-25,2023-09-27,2023-11-03,37,224.02,224.02,Clean-Paid,,False
82,1034,30,411,17,5,In-Network,2023-24,2023-09-25,2023-09-27,2023-10-30,33,224.02,224.02,Clean-Paid,,False
83,55,21,21,3,2,In-Network,2023-24,2023-09-25,2023-09-30,2023-11-07,38,501.18,0.0,Denied,Prior Auth Required,True
84,1326,31,530,12,2,In-Network,2023-24,2023-09-25,2023-09-26,2023-11-03,38,103.9,0.0,Denied,Frequency Limit Exceeded,False
85,1696,2,674,18,9,In-Network,2023-24,2023-09-25,2023-09-29,2023-11-23,55,164.75,164.75,Clean-Paid,,False
86,30,35,11,17,7,In-Network,2023-24,2023-09-25,2023-09-28,2023-11-05,38,311.64,311.64,Clean-Paid,,True
87,1652,6,657,7,8,In-Network,2023-24,2023-09-25,2023-09-29,2023-11-05,37,224.02,224.02,Clean-Paid,,False
88,1033,30,410,6,5,In-Network,2023-24,2023-09-25,2023-09-25,2023-11-02,38,153.58,153.58,Clean-Paid,,False
89,473,21,191,8,2,In-Network,2023-24,2023-09-25,2023-09-26,2023-11-06,41,224.02,224.02,Clean-Paid,,False
90,1862,6,740,18,8,In-Network,2023-24,2023-09-25,2023-09-29,2023-11-05,37,224.02,224.02,Clean-Paid,,False
91,1841,14,732,20,4,In-Network,2023-24,2023-09-25,2023-09-25,2023-11-14,50,267.74,267.74,Clean-Paid,,False
92,663,16,261,5,7,In-Network,2023-24,2023-09-25,2023-09-30,2023-11-07,38,119.17,119.17,Clean-Paid,,False
93,1175,29,470,13,5,In-Network,2023-24,2023-09-25,2023-09-28,2023-10-27,29,224.02,224.02,Clean-Paid,,False
94,1915,23,759,19,5,In-Network,2023-24,2023-09-25,2023-09-30,2023-10-29,29,75.07,75.07,Clean-Paid,,False
95,533,21,210,4,2,In-Network,2023-24,2023-09-25,2023-09-30,2023-11-06,37,132.57,132.57,Clean-Paid,,False
96,1158,31,464,5,2,In-Network,2023-24,2023-09-25,2023-09-28,2023-11-03,36,224.02,224.02,Clean-Paid,,False
97,281,5,113,2,4,Out-of-Network,2023-24,2023-09-25,2023-09-30,2023-11-16,47,298.04,298.04,Clean-Paid,,False
98,885,9,351,14,6,Out-of-Network,2023-24,2023-09-25,2023-09-29,2023-10-31,32,285.94,285.94,Clean-Paid,,False
99,1886,16,749,18,7,In-Network,2023-24,2023-09-25,2023-09-29,2023-10-29,30,63.9,63.9,Clean-Paid,,False
100,258,10,102,10,9,In-Network,2023-24,2023-09-25,2023-09-29,2023-11-21,53,224.02,224.02,Clean-Paid,,False
101,177,3,69,10,1,In-Network,2023-24,2023-09-26,2023-09-27,2023-11-08,42,224.02,224.02,Clean-Paid,,False
102,463,1,187,6,4,In-Network,2023-24,2023-09-26,2023-09-28,2023-11-14,47,224.02,224.02,Clean-Paid,,False
103,972,22,382,9,6,Out-of-Network,2023-24,2023-09-26,2023-09-28,2023-10-23,25,285.94,285.94,Clean-Paid,,False
104,469,1,189,20,4,In-Network,2023-24,2023-09-27,2023-09-29,2023-11-05,37,93.78,93.78,Clean-Paid,,False
105,92,21,36,10,2,In-Network,2023-24,2023-09-27,2023-09-27,2023-11-07,41,254.28,0.0,Denied,Prior Auth Required,False
106,1547,35,620,19,7,In-Network,2023-24,2023-09-27,2023-10-01,2023-10-29,28,254.28,254.28,Clean-Paid,,False
107,1425,17,570,18,5,In-Network,2023-24,2023-09-27,2023-10-02,2023-11-09,38,118.15,118.15,Clean-Paid,,False
108,1656,6,658,11,8,In-Network,2023-24,2023-09-27,2023-09-30,2023-11-04,35,112.57,112.57,Clean-Paid,,False
109,757,33,296,15,8,In-Network,2023-24,2023-09-27,2023-09-30,2023-11-06,37,112.57,112.57,Clean-Paid,,False
110,1224,16,490,2,7,In-Network,2023-24,2023-09-27,2023-09-29,2023-11-02,34,411.62,411.62,Clean-Paid,,True
111,1271,14,510,16,4,In-Network,2023-24,2023-09-28,2023-10-01,2023-11-20,50,0.0,0.0,Clean-Paid,,False
112,1189,29,474,9,5,Out-of-Network,2023-24,2023-09-28,2023-09-28,2023-10-29,31,53.22,0.0,Denied,Max Benefit Exceeded,False
113,1578,33,629,5,8,In-Network,2023-24,2023-09-28,2023-09-28,2023-11-10,43,192.82,192.82,Clean-Paid,,False
114,1339,34,536,13,2,In-Network,2023-24,2023-09-28,2023-09-28,2023-10-26,28,173.58,173.58,Clean-Paid,,False
115,661,16,261,5,7,In-Network,2023-24,2023-09-29,2023-09-30,2023-11-01,32,224.02,224.02,Clean-Paid,,False
116,1666,9,663,18,6,In-Network,2023-24,2023-09-29,2023-10-02,2023-10-31,29,224.02,224.02,Clean-Paid,,False
117,1936,9,767,3,6,In-Network,2023-24,2023-09-29,2023-10-01,2023-11-05,35,654.71,654.71,Clean-Paid,,True
118,238,13,94,15,4,In-Network,2023-24,2023-09-29,2023-09-30,2023-11-16,47,267.74,267.74,Clean-Paid,,False
119,33,35,12,16,7,In-Network,2023-24,2023-09-29,2023-09-29,2023-11-03,35,38.06,38.06,Clean-Paid,,False
120,1181,29,472,20,5,In-Network,2023-24,2023-10-02,2023-10-07,2023-11-08,32,254.28,254.28,Clean-Paid,,False
121,305,3,122,20,1,Out-of-Network,2023-24,2023-10-02,2023-10-05,2023-11-20,46,285.94,285.94,Clean-Paid,,False
122,1502,14,604,4,4,In-Network,2023-24,2023-10-02,2023-10-03,2023-11-21,49,224.02,224.02,Clean-Paid,,False
123,818,17,321,19,5,In-Network,2023-24,2023-10-02,2023-10-03,2023-10-26,23,73.78,73.78,Clean-Paid,,False
124,1534,35,616,20,7,In-Network,2023-24,2023-10-02,2023-10-04,2023-11-07,34,224.02,224.02,Clean-Paid,,False
125,1123,3,449,18,1,In-Network,2023-24,2023-10-02,2023-10-03,2023-11-09,37,192.82,192.82,Clean-Paid,,False
126,991,11,391,8,5,In-Network,2023-24,2023-10-02,2023-10-02,2023-10-31,29,118.15,118.15,Clean-Paid,,False
127,483,21,195,11,2,In-Network,2023-24,2023-10-02,2023-10-02,2023-10-29,27,192.82,192.82,Clean-Paid,,False
128,189,34,72,5,2,In-Network,2023-24,2023-10-02,2023-10-04,2023-11-04,31,159.17,159.17,Clean-Paid,,False
129,87,21,34,8,2,In-Network,2023-24,2023-10-02,2023-10-03,2023-11-10,38,224.02,224.02,Clean-Paid,,False
130,59,21,24,20,2,In-Network,2023-24,2023-10-03,2023-10-05,2023-11-09,35,224.02,224.02,Clean-Paid,,False
131,1451,16,581,17,7,In-Network,2023-24,2023-10-04,2023-10-04,2023-11-12,39,103.96,103.96,Clean-Paid,,False
132,1812,28,721,8,3,In-Network,2023-24,2023-10-04,2023-10-08,2023-11-02,25,29.68,29.68,Clean-Paid,,False
133,1182,29,472,20,5,In-Network,2023-24,2023-10-04,2023-10-05,2023-11-01,27,172.57,172.57,Clean-Paid,,False
134,1762,33,701,7,8,In-Network,2023-24,2023-10-04,2023-10-05,2023-11-06,32,75.07,75.07,Clean-Paid,,False
135,1116,35,446,8,7,In-Network,2023-24,2023-10-04,2023-10-08,2023-11-07,30,254.28,0.0,Denied,Frequency Limit Exceeded,False
136,476,21,192,10,2,In-Network,2023-24,2023-10-04,2023-10-06,2023-11-04,29,68.47,0.0,Denied,Coding Error,False
137,800,7,315,9,7,In-Network,2023-24,2023-10-04,2023-10-05,2023-11-02,28,436.62,436.62,Clean-Paid,,True
138,612,8,239,4,1,Out-of-Network,2023-24,2023-10-04,2023-10-04,2023-11-16,43,134.46,134.46,Clean-Paid,,False
139,983,11,387,8,5,In-Network,2023-24,2023-10-05,2023-10-09,2023-11-01,23,48.47,48.47,Clean-Paid,,False
140,1877,16,746,19,7,In-Network,2023-24,2023-10-05,2023-10-09,2023-11-05,27,359.12,359.12,Clean-Paid,,True
141,1144,12,457,9,9,In-Network,2023-24,2023-10-05,2023-10-07,2023-11-20,44,254.28,254.28,Clean-Paid,,False
142,1680,25,668,5,9,In-Network,2023-24,2023-10-05,2023-10-07,2023-11-25,49,118.15,0.0,Denied,Prior Auth Required,False
143,1285,24,516,1,8,In-Network,2023-24,2023-10-05,2023-10-06,2023-11-06,31,58.06,58.06,Clean-Paid,,False
144,1462,26,587,15,4,In-Network,2023-24,2023-10-05,2023-10-05,2023-11-23,49,224.02,224.02,Clean-Paid,,False
145,133,15,51,15,1,In-Network,2023-24,2023-10-05,2023-10-05,2023-11-12,38,123.54,123.54,Clean-Paid,,False
146,1984,25,782,5,9,In-Network,2023-24,2023-10-06,2023-10-06,2023-11-19,44,73.78,0.0,Denied,Coverage Terminated,False
147,412,32,165,1,1,In-Network,2023-24,2023-10-06,2023-10-08,2023-11-11,34,224.02,224.02,Clean-Paid,,False
148,708,3,276,11,1,Out-of-Network,2023-24,2023-10-06,2023-10-10,2023-11-22,43,73.22,73.22,Clean-Paid,,False
149,667,16,263,10,7,In-Network,2023-24,2023-10-09,2023-10-14,2023-11-25,42,237.48,237.48,Clean-Paid,,False
150,482,21,194,17,2,In-Network,2023-24,2023-10-09,2023-10-12,2023-11-19,38,29.68,0.0,Denied,Coverage Terminated,False
151,778,34,306,4,2,In-Network,2023-24,2023-10-09,2023-10-13,2023-11-12,30,224.02,224.02,Clean-Paid,,False
152,1480,31,595,18,2,In-Network,2023-24,2023-10-09,2023-10-10,2023-11-12,33,377.68,0.0,Denied,Prior Auth Required,True
153,643,3,251,9,1,Out-of-Network,2023-24,2023-10-09,2023-10-09,2023-11-17,39,201.93,201.93,Clean-Paid,,False
154,450,24,180,7,8,In-Network,2023-24,2023-10-09,2023-10-11,2023-11-15,35,159.17,159.17,Clean-Paid,,False
155,1594,14,634,16,4,In-Network,2023-24,2023-10-09,2023-10-10,2023-11-15,36,451.18,451.18,Clean-Paid,,True
156,1232,16,493,11,7,In-Network,2023-24,2023-10-09,2023-10-14,2023-11-11,28,476.18,476.18,Clean-Paid,,True
157,264,15,105,17,1,Out-of-Network,2023-24,2023-10-10,2023-10-11,2023-11-19,39,285.94,285.94,Clean-Paid,,False
158,283,4,114,1,2,In-Network,2023-24,2023-10-10,2023-10-12,2023-11-19,38,224.02,224.02,Clean-Paid,,False
159,206,6,81,18,8,In-Network,2023-24,2023-10-10,2023-10-14,2023-11-20,37,224.02,224.02,Clean-Paid,,False
160,893,9,354,7,6,In-Network,2023-24,2023-10-10,2023-10-13,2023-11-12,30,254.28,254.28,Clean-Paid,,False
161,302,6,121,4,8,In-Network,2023-24,2023-10-10,2023-10-11,2023-11-09,29,224.02,224.02,Clean-Paid,,False
162,117,30,46,7,5,In-Network,2023-24,2023-10-10,2023-10-10,2023-11-11,32,192.82,192.82,Clean-Paid,,False
163,290,4,116,16,2,In-Network,2023-24,2023-10-10,2023-10-11,2023-11-18,38,92.57,92.57,Clean-Paid,,False
164,751,33,294,12,8,Out-of-Network,2023-24,2023-10-10,2023-10-13,2023-11-14,32,285.94,0.0,Denied,Coverage Terminated,False
165,1489,11,599,7,5,In-Network,2023-24,2023-10-10,2023-10-14,2023-11-11,28,73.78,73.78,Clean-Paid,,False
166,795,7,314,15,7,In-Network,2023-24,2023-10-10,2023-10-10,2023-11-11,32,224.02,224.02,Clean-Paid,,False
167,548,20,216,9,4,Out-of-Network,2023-24,2023-10-11,2023-10-11,2023-11-30,50,418.1,418.1,Clean-Paid,,True
168,932,13,369,6,4,In-Network,2023-24,2023-10-12,2023-10-13,2023-11-19,37,224.02,224.02,Clean-Paid,,False
169,959,19,377,7,9,In-Network,2023-24,2023-10-12,2023-10-12,2023-12-05,54,168.0,168.0,Clean-Paid,,False
170,1247,12,500,16,9,In-Network,2023-24,2023-10-12,2023-10-17,2023-11-27,41,192.82,192.82,Clean-Paid,,False
171,1236,21,495,10,2,In-Network,2023-24,2023-10-12,2023-10-17,2023-11-18,32,173.58,173.58,Clean-Paid,,False
172,801,7,315,9,7,In-Network,2023-24,2023-10-13,2023-10-14,2023-11-17,34,526.18,0.0,Denied,Prior Auth Required,True
173,53,21,21,3,2,In-Network,2023-24,2023-10-13,2023-10-17,2023-11-22,36,224.02,0.0,Denied,Prior Auth Required,False
174,147,30,58,1,5,In-Network,2023-24,2023-10-16,2023-10-20,2023-11-19,30,223.08,223.08,Clean-Paid,,False
175,395,22,158,16,6,Out-of-Network,2023-24,2023-10-16,2023-10-18,2023-11-18,31,258.13,258.13,Clean-Paid,,False
176,1584,20,631,20,4,In-Network,2023-24,2023-10-16,2023-10-20,2023-11-29,40,132.57,132.57,Clean-Paid,,False
177,187,34,72,5,2,In-Network,2023-24,2023-10-16,2023-10-17,2023-11-25,39,224.02,224.02,Clean-Paid,,False
178,2012,32,795,15,1,In-Network,2023-24,2023-10-16,2023-10-18,2023-11-24,37,223.08,223.08,Clean-Paid,,False
179,625,5,244,4,4,In-Network,2023-24,2023-10-16,2023-10-16,2023-12-05,50,15.07,15.07,Clean-Paid,,False
180,1540,35,617,14,7,In-Network,2023-24,2023-10-16,2023-10-17,2023-11-29,43,146.53,146.53,Clean-Paid,,False
181,1980,25,781,20,9,In-Network,2023-24,2023-10-16,2023-10-18,2023-12-06,49,75.07,75.07,Clean-Paid,,False
182,633,29,247,14,5,In-Network,2023-24,2023-10-16,2023-10-21,2023-11-19,29,133.78,133.78,Clean-Paid,,False
183,711,3,278,7,1,In-Network,2023-24,2023-10-16,2023-10-17,2023-12-03,47,224.02,224.02,Clean-Paid,,False
184,1108,27,442,9,9,In-Network,2023-24,2023-10-16,2023-10-19,2023-12-13,55,0.0,0.0,Clean-Paid,,False
185,1636,2,651,6,9,In-Network,2023-24,2023-10-16,2023-10-19,2023-12-04,46,238.97,238.97,Clean-Paid,,False
186,1567,33,626,5,8,In-Network,2023-24,2023-10-16,2023-10-21,2023-11-22,32,224.02,224.02,Clean-Paid,,False
187,1170,31,468,18,2,In-Network,2023-24,2023-10-16,2023-10-17,2023-11-19,33,224.02,224.02,Clean-Paid,,False
188,1866,6,742,10,8,In-Network,2023-24,2023-10-16,2023-10-17,2023-11-26,40,224.02,0.0,Denied,Max Benefit Exceeded,False
189,1390,25,557,9,9,In-Network,2023-24,2023-10-16,2023-10-19,2023-12-02,44,224.02,224.02,Clean-Paid,,False
190,1395,25,559,19,9,In-Network,2023-24,2023-10-16,2023-10-21,2023-12-01,41,192.82,192.82,Clean-Paid,,False
191,1086,31,434,18,2,In-Network,2023-24,2023-10-16,2023-10-16,2023-11-19,34,254.28,0.0,Denied,Frequency Limit Exceeded,False
192,1953,23,772,13,5,In-Network,2023-24,2023-10-17,2023-10-19,2023-11-20,32,192.37,0.0,Denied,Coverage Terminated,False
193,763,27,298,20,9,In-Network,2023-24,2023-10-17,2023-10-19,2023-12-08,50,143.9,143.9,Clean-Paid,,False
194,1226,16,492,16,7,In-Network,2023-24,2023-10-17,2023-10-21,2023-11-17,27,223.08,223.08,Clean-Paid,,False
195,693,29,271,6,5,In-Network,2023-24,2023-10-17,2023-10-19,2023-11-25,37,371.62,371.62,Clean-Paid,,True
196,58,21,23,15,2,In-Network,2023-24,2023-10-17,2023-10-22,2023-12-04,43,223.08,223.08,Clean-Paid,,False
197,720,3,281,11,1,Out-of-Network,2023-24,2023-10-17,2023-10-20,2023-12-05,46,347.44,347.44,Clean-Paid,,False
198,831,34,328,6,2,In-Network,2023-24,2023-10-18,2023-10-21,2023-11-18,28,203.54,203.54,Clean-Paid,,False
199,31,35,12,16,7,In-Network,2023-24,2023-10-18,2023-10-20,2023-11-28,39,298.94,298.94,Clean-Paid,,False
200,1383,6,555,19,8,In-Network,2023-24,2023-10-18,2023-10-20,2023-11-19,30,224.02,224.02,Clean-Paid,,False
201,1100,18,440,3,1,In-Network,2023-24,2023-10-18,2023-10-20,2023-12-01,42,223.08,223.08,Clean-Paid,,False
202,102,21,39,11,2,In-Network,2023-24,2023-10-18,2023-10-20,2023-11-24,35,254.28,254.28,Clean-Paid,,False
203,1447,16,579,7,7,In-Network,2023-24,2023-10-18,2023-10-23,2023-12-01,39,108.47,108.47,Clean-Paid,,False
204,1169,31,467,10,2,In-Network,2023-24,2023-10-18,2023-10-22,2023-11-28,37,212.37,212.37,Clean-Paid,,False
205,135,15,53,9,1,Out-of-Network,2023-24,2023-10-19,2023-10-20,2023-11-25,36,258.13,258.13,Clean-Paid,,False
206,1486,11,599,7,5,In-Network,2023-24,2023-10-19,2023-10-22,2023-11-16,25,224.02,0.0,Denied,Prior Auth Required,False
207,1689,2,671,16,9,In-Network,2023-24,2023-10-19,2023-10-23,2023-12-06,44,193.13,193.13,Clean-Paid,,False
208,650,32,255,1,1,In-Network,2023-24,2023-10-19,2023-10-22,2023-11-24,33,143.9,143.9,Clean-Paid,,False
209,1644,20,653,15,4,In-Network,2023-24,2023-10-19,2023-10-24,2023-12-06,43,203.54,203.54,Clean-Paid,,False
210,1358,18,545,11,1,Out-of-Network,2023-24,2023-10-19,2023-10-21,2023-12-03,43,149.11,0.0,Denied,Missing X-Ray,False
211,1337,34,536,13,2,In-Network,2023-24,2023-10-20,2023-10-25,2023-12-03,39,224.02,224.02,Clean-Paid,,False
212,938,5,371,17,4,In-Network,2023-24,2023-10-20,2023-10-22,2023-11-24,33,224.02,224.02,Clean-Paid,,False
213,1860,8,739,17,1,Out-of-Network,2023-24,2023-10-20,2023-10-24,2023-11-28,35,137.81,137.81,Clean-Paid,,False
214,1369,15,550,2,1,Out-of-Network,2023-24,2023-10-20,2023-10-22,2023-12-01,40,285.94,285.94,Clean-Paid,,False
215,360,22,143,6,6,In-Network,2023-24,2023-10-20,2023-10-20,2023-11-22,33,118.32,118.32,Clean-Paid,,False
216,1260,16,505,8,7,In-Network,2023-24,2023-10-20,2023-10-24,2023-11-25,32,224.02,224.02,Clean-Paid,,False
217,496,3,199,6,1,In-Network,2023-24,2023-10-20,2023-10-22,2023-12-08,47,224.02,224.02,Clean-Paid,,False
218,247,32,97,14,1,Out-of-Network,2023-24,2023-10-20,2023-10-20,2023-11-23,34,130.12,130.12,Clean-Paid,,False
219,427,17,170,2,5,Out-of-Network,2023-24,2023-10-20,2023-10-21,2023-11-24,34,285.94,285.94,Clean-Paid,,False
220,1118,35,446,8,7,In-Network,2023-24,2023-10-23,2023-10-28,2023-12-09,42,172.57,172.57,Clean-Paid,,False
221,23,23,9,18,5,In-Network,2023-24,2023-10-23,2023-10-26,2023-11-27,32,148.0,0.0,Denied,Frequency Limit Exceeded,False
222,1295,27,520,10,9,In-Network,2023-24,2023-10-23,2023-10-24,2023-12-09,46,224.02,224.02,Clean-Paid,,False
223,576,21,226,5,2,In-Network,2023-24,2023-10-23,2023-10-23,2023-11-24,32,132.57,0.0,Denied,Prior Auth Required,False
224,1063,10,421,18,9,In-Network,2023-24,2023-10-23,2023-10-25,2023-12-07,43,224.02,224.02,Clean-Paid,,False
225,798,7,315,9,7,In-Network,2023-24,2023-10-23,2023-10-26,2023-11-29,34,192.82,192.82,Clean-Paid,,False
226,366,22,145,6,6,In-Network,2023-24,2023-10-23,2023-10-28,2023-11-26,29,66.46,66.46,Clean-Paid,,False
227,929,13,368,20,4,In-Network,2023-24,2023-10-23,2023-10-26,2023-12-11,46,224.02,0.0,Denied,Max Benefit Exceeded,False
228,225,26,88,13,4,In-Network,2023-24,2023-10-23,2023-10-26,2023-12-13,48,58.06,58.06,Clean-Paid,,False
229,524,14,207,10,4,In-Network,2023-24,2023-10-23,2023-10-24,2023-12-02,39,224.02,224.02,Clean-Paid,,False
230,323,22,129,17,6,Out-of-Network,2023-24,2023-10-23,2023-10-24,2023-11-23,30,110.12,0.0,Denied,Prior Auth Required,False
231,430,17,171,11,5,In-Network,2023-24,2023-10-23,2023-10-24,2023-11-17,24,224.02,224.02,Clean-Paid,,False
232,1521,30,611,17,5,In-Network,2023-24,2023-10-23,2023-10-24,2023-11-26,33,224.02,0.0,Denied,Max Benefit Exceeded,False
233,1050,27,417,14,9,In-Network,2023-24,2023-10-23,2023-10-26,2023-12-13,48,224.02,0.0,Denied,Missing X-Ray,False
234,1455,35,583,3,7,In-Network,2023-24,2023-10-23,2023-10-23,2023-11-21,29,224.02,224.02,Clean-Paid,,False
235,586,9,230,17,6,Out-of-Network,2023-24,2023-10-24,2023-10-24,2023-11-27,34,134.46,134.46,Clean-Paid,,False
236,697,29,273,18,5,In-Network,2023-24,2023-10-24,2023-10-28,2023-11-24,27,224.02,224.02,Clean-Paid,,False
237,1815,28,722,10,3,In-Network,2023-24,2023-10-24,2023-10-29,2023-11-17,19,168.0,0.0,Denied,Timely Filing Expired,False
238,613,8,239,4,1,Out-of-Network,2023-24,2023-10-24,2023-10-25,2023-12-12,48,257.81,257.81,Clean-Paid,,False
239,1160,31,464,5,2,In-Network,2023-24,2023-10-24,2023-10-28,2023-11-26,29,384.12,384.12,Clean-Paid,,True
240,976,22,385,18,6,In-Network,2023-24,2023-10-24,2023-10-29,2023-12-07,39,223.08,223.08,Clean-Paid,,False
241,547,20,216,9,4,Out-of-Network,2023-24,2023-10-24,2023-10-27,2023-12-15,49,325.85,325.85,Clean-Paid,,False
242,185,3,71,20,1,Out-of-Network,2023-24,2023-10-25,2023-10-28,2023-12-15,48,285.94,285.94,Clean-Paid,,False
243,248,32,98,13,1,In-Network,2023-24,2023-10-25,2023-10-28,2023-12-02,35,254.28,254.28,Clean-Paid,,False
244,1505,14,604,4,4,In-Network,2023-24,2023-10-25,2023-10-27,2023-12-12,46,302.68,0.0,Denied,Prior Auth Required,True
245,454,24,182,19,8,In-Network,2023-24,2023-10-25,2023-10-29,2023-12-13,45,223.08,223.08,Clean-Paid,,False
246,1955,23,773,2,5,Out-of-Network,2023-24,2023-10-25,2023-10-25,2023-11-25,31,285.94,285.94,Clean-Paid,,False
247,1732,4,689,17,2,In-Network,2023-24,2023-10-25,2023-10-25,2023-12-02,38,763.65,763.65,Clean-Paid,,True
248,1030,30,409,17,5,In-Network,2023-24,2023-10-25,2023-10-28,2023-11-23,26,224.02,224.02,Clean-Paid,,False
249,267,15,107,12,1,In-Network,2023-24,2023-10-26,2023-10-26,2023-12-04,39,224.02,224.02,Clean-Paid,,False
250,1269,14,510,16,4,In-Network,2023-24,2023-10-26,2023-10-29,2023-12-06,38,224.02,224.02,Clean-Paid,,False
251,1237,21,496,7,2,In-Network,2023-24,2023-10-26,2023-10-26,2023-11-26,31,224.02,224.02,Clean-Paid,,False
252,1131,22,452,13,6,In-Network,2023-24,2023-10-26,2023-10-29,2023-12-07,39,224.02,224.02,Clean-Paid,,False
253,607,8,238,11,1,Out-of-Network,2023-24,2023-10-26,2023-10-30,2023-12-09,40,298.04,298.04,Clean-Paid,,False
254,691,29,271,6,5,In-Network,2023-24,2023-10-26,2023-10-29,2023-12-05,37,192.82,192.82,Clean-Paid,,False
255,1088,18,436,15,1,In-Network,2023-24,2023-10-26,2023-10-28,2023-12-03,36,224.02,0.0,Denied,Missing X-Ray,False
256,1787,2,713,11,9,In-Network,2023-24,2023-10-26,2023-10-30,2023-12-14,45,224.02,224.02,Clean-Paid,,False
257,1790,2,714,19,9,In-Network,2023-24,2023-10-26,2023-10-26,2023-12-18,53,268.68,268.68,Clean-Paid,,False
258,534,21,211,18,2,In-Network,2023-24,2023-10-26,2023-10-26,2023-12-01,36,224.02,224.02,Clean-Paid,,False
259,1041,27,414,9,9,In-Network,2023-24,2023-10-27,2023-10-31,2023-12-12,42,79.17,79.17,Clean-Paid,,False
260,1155,20,462,10,4,In-Network,2023-24,2023-10-27,2023-10-28,2023-12-04,37,224.02,224.02,Clean-Paid,,False
261,1554,32,622,17,1,Out-of-Network,2023-24,2023-10-27,2023-10-29,2023-12-15,47,244.64,244.64,Clean-Paid,,False
262,740,9,289,3,6,In-Network,2023-24,2023-10-27,2023-10-29,2023-11-23,25,224.02,0.0,Denied,Missing X-Ray,False
263,722,3,282,11,1,Out-of-Network,2023-24,2023-10-30,2023-11-03,2023-12-19,46,298.04,298.04,Clean-Paid,,False
264,528,9,209,18,6,In-Network,2023-24,2023-10-30,2023-10-30,2023-11-30,31,224.02,224.02,Clean-Paid,,False
265,195,34,75,19,2,In-Network,2023-24,2023-10-30,2023-10-31,2023-11-27,27,223.08,223.08,Clean-Paid,,False
266,1070,31,426,16,2,In-Network,2023-24,2023-10-30,2023-11-03,2023-12-15,42,224.02,224.02,Clean-Paid,,False
267,1196,28,477,20,3,In-Network,2023-24,2023-10-30,2023-11-04,2023-12-02,28,68.47,68.47,Clean-Paid,,False
268,334,35,133,12,7,In-Network,2023-24,2023-10-30,2023-11-02,2023-12-09,37,139.17,139.17,Clean-Paid,,False
269,410,34,163,3,2,In-Network,2023-24,2023-10-30,2023-11-01,2023-12-11,40,93.78,93.78,Clean-Paid,,False
270,1427,22,571,8,6,In-Network,2023-24,2023-10-30,2023-11-04,2023-12-11,37,224.02,224.02,Clean-Paid,,False
271,1896,31,753,5,2,In-Network,2023-24,2023-10-30,2023-11-02,2023-12-02,30,224.02,0.0,Denied,Max Benefit Exceeded,False
272,1993,19,787,13,9,In-Network,2023-24,2023-10-30,2023-10-30,2023-12-15,46,223.08,223.08,Clean-Paid,,False
273,104,16,40,3,7,In-Network,2023-24,2023-10-30,2023-11-04,2023-12-04,30,224.02,224.02,Clean-Paid,,False
274,790,7,312,12,7,In-Network,2023-24,2023-10-30,2023-10-31,2023-12-04,34,224.02,224.02,Clean-Paid,,False
275,1951,23,772,13,5,In-Network,2023-24,2023-10-30,2023-11-01,2023-11-29,28,224.02,224.02,Clean-Paid,,False
276,1484,31,598,2,2,In-Network,2023-24,2023-10-30,2023-11-04,2023-12-16,42,223.08,223.08,Clean-Paid,,False
277,993,4,392,12,2,In-Network,2023-24,2023-10-31,2023-11-04,2023-12-04,30,18.06,0.0,Denied,Missing X-Ray,False
278,968,22,380,9,6,Out-of-Network,2023-24,2023-10-31,2023-11-01,2023-12-03,32,251.54,251.54,Clean-Paid,,False
279,830,34,328,6,2,In-Network,2023-24,2023-10-31,2023-11-02,2023-12-10,38,233.13,233.13,Clean-Paid,,False
280,1920,23,761,10,5,In-Network,2023-24,2023-10-31,2023-11-02,2023-12-07,35,224.02,224.02,Clean-Paid,,False
281,873,29,346,3,5,In-Network,2023-24,2023-10-31,2023-11-01,2023-12-09,38,73.78,73.78,Clean-Paid,,False
282,106,16,41,14,7,In-Network,2023-24,2023-10-31,2023-11-04,2023-12-09,35,224.02,224.02,Clean-Paid,,False
283,1871,6,743,15,8,In-Network,2023-24,2023-10-31,2023-11-02,2023-12-02,30,148.0,0.0,Denied,Prior Auth Required,False
284,1916,23,760,4,5,In-Network,2023-24,2023-11-01,2023-11-03,2023-12-06,33,223.08,223.08,Clean-Paid,,False
285,1585,20,631,20,4,In-Network,2023-24,2023-11-01,2023-11-06,2023-12-17,41,98.06,98.06,Clean-Paid,,False
286,805,17,316,12,5,In-Network,2023-24,2023-11-01,2023-11-04,2023-12-03,29,153.58,153.58,Clean-Paid,,False
287,110,30,43,6,5,In-Network,2023-24,2023-11-02,2023-11-07,2023-11-30,23,48.47,0.0,Denied,Timely Filing Expired,False
288,1900,31,754,12,2,In-Network,2023-24,2023-11-02,2023-11-03,2023-12-11,38,192.82,192.82,Clean-Paid,,False
289,802,17,316,12,5,In-Network,2023-24,2023-11-02,2023-11-03,2023-12-07,34,224.02,224.02,Clean-Paid,,False
290,27,35,10,8,7,In-Network,2023-24,2023-11-02,2023-11-07,2023-12-08,31,371.62,371.62,Clean-Paid,,True
291,1356,18,544,12,1,In-Network,2023-24,2023-11-02,2023-11-07,2023-12-09,32,161.96,161.96,Clean-Paid,,False
292,256,10,101,8,9,In-Network,2023-24,2023-11-03,2023-11-05,2023-12-21,46,224.02,224.02,Clean-Paid,,False
293,199,34,76,8,2,In-Network,2023-24,2023-11-03,2023-11-03,2023-12-06,33,224.02,224.02,Clean-Paid,,False
294,903,12,358,5,9,In-Network,2023-24,2023-11-03,2023-11-03,2023-12-19,46,224.02,224.02,Clean-Paid,,False
295,1657,6,659,6,8,In-Network,2023-24,2023-11-03,2023-11-04,2023-12-10,36,223.08,223.08,Clean-Paid,,False
296,1143,12,456,16,9,In-Network,2023-24,2023-11-06,2023-11-10,2023-12-23,43,0.0,0.0,Denied,Max Benefit Exceeded,False
297,1076,31,430,11,2,In-Network,2023-24,2023-11-06,2023-11-06,2023-12-06,30,224.02,0.0,Denied,Missing X-Ray,False
298,312,22,125,16,6,Out-of-Network,2023-24,2023-11-06,2023-11-10,2023-12-03,23,285.94,285.94,Clean-Paid,,False
299,1481,31,596,5,2,In-Network,2023-24,2023-11-06,2023-11-07,2023-12-05,28,224.02,224.02,Clean-Paid,,False
300,1346,4,540,15,2,In-Network,2023-24,2023-11-06,2023-11-11,2023-12-15,34,224.02,0.0,Denied,Missing X-Ray,False
301,806,17,317,8,5,In-Network,2023-24,2023-11-06,2023-11-11,2023-12-14,33,224.02,224.02,Clean-Paid,,False
302,1148,1,459,19,4,In-Network,2023-24,2023-11-06,2023-11-06,2023-12-23,47,224.02,224.02,Clean-Paid,,False
303,714,3,279,20,1,Out-of-Network,2023-24,2023-11-06,2023-11-08,2023-12-25,47,285.94,285.94,Clean-Paid,,False
304,1377,15,552,1,1,In-Network,2023-24,2023-11-06,2023-11-07,2023-12-11,34,23.9,0.0,Denied,Missing X-Ray,False
305,891,9,353,9,6,Out-of-Network,2023-24,2023-11-06,2023-11-10,2023-12-15,35,285.94,0.0,Denied,Prior Auth Required,False
306,1784,16,710,18,7,In-Network,2023-24,2023-11-06,2023-11-11,2023-12-14,33,224.02,0.0,Denied,Coverage Terminated,False
307,1928,35,764,11,7,In-Network,2023-24,2023-11-06,2023-11-09,2023-12-15,36,224.02,224.02,Clean-Paid,,False
308,593,19,233,11,9,In-Network,2023-24,2023-11-06,2023-11-07,2023-12-19,42,192.82,192.82,Clean-Paid,,False
309,1264,16,508,5,7,In-Network,2023-24,2023-11-06,2023-11-10,2023-12-16,36,223.08,223.08,Clean-Paid,,False
310,1111,35,444,19,7,In-Network,2023-24,2023-11-07,2023-11-07,2023-12-07,30,692.21,0.0,Denied,Prior Auth Required,True
311,1946,26,770,6,4,In-Network,2023-24,2023-11-07,2023-11-07,2023-12-23,46,201.96,201.96,Clean-Paid,,False
312,1457,35,584,12,7,In-Network,2023-24,2023-11-07,2023-11-11,2023-12-07,26,224.02,224.02,Clean-Paid,,False
313,960,19,378,3,9,In-Network,2023-24,2023-11-07,2023-11-08,2023-12-19,41,224.02,224.02,Clean-Paid,,False
314,1200,12,479,6,9,In-Network,2023-24,2023-11-07,2023-11-10,2023-12-23,43,224.02,224.02,Clean-Paid,,False
315,1932,9,766,11,6,Out-of-Network,2023-24,2023-11-08,2023-11-09,2023-12-09,30,285.94,285.94,Clean-Paid,,False
316,1467,15,590,20,1,Out-of-Network,2023-24,2023-11-08,2023-11-11,2023-12-29,48,108.93,108.93,Clean-Paid,,False
317,758,33,297,12,8,Out-of-Network,2023-24,2023-11-08,2023-11-13,2023-12-27,44,298.04,298.04,Clean-Paid,,False
318,1006,30,397,7,5,In-Network,2023-24,2023-11-08,2023-11-10,2023-12-07,27,455.56,455.56,Clean-Paid,,True
319,846,5,335,14,4,In-Network,2023-24,2023-11-08,2023-11-10,2023-12-28,48,254.28,254.28,Clean-Paid,,False
320,882,9,350,11,6,Out-of-Network,2023-24,2023-11-09,2023-11-09,2023-12-06,27,285.94,285.94,Clean-Paid,,False
321,1363,18,547,8,1,In-Network,2023-24,2023-11-09,2023-11-13,2023-12-22,39,98.15,98.15,Clean-Paid,,False
322,965,22,380,9,6,Out-of-Network,2023-24,2023-11-09,2023-11-12,2023-12-21,39,285.94,285.94,Clean-Paid,,False
323,49,21,20,5,2,In-Network,2023-24,2023-11-09,2023-11-12,2023-12-12,30,224.02,224.02,Clean-Paid,,False
324,869,6,344,19,8,In-Network,2023-24,2023-11-09,2023-11-12,2023-12-25,43,75.07,75.07,Clean-Paid,,False
325,832,34,329,5,2,In-Network,2023-24,2023-11-09,2023-11-12,2023-12-21,39,224.02,224.02,Clean-Paid,,False
326,1728,4,688,4,2,In-Network,2023-24,2023-11-10,2023-11-10,2023-12-08,28,224.02,224.02,Clean-Paid,,False
327,1069,21,425,17,2,In-Network,2023-24,2023-11-10,2023-11-15,2023-12-11,26,224.02,224.02,Clean-Paid,,False
328,494,9,198,5,6,In-Network,2023-24,2023-11-10,2023-11-10,2023-12-12,32,654.71,654.71,Clean-Paid,,True
329,298,6,120,17,8,In-Network,2023-24,2023-11-10,2023-11-15,2023-12-17,32,224.02,224.02,Clean-Paid,,False
330,817,17,321,19,5,In-Network,2023-24,2023-11-10,2023-11-15,2023-12-17,32,409.12,409.12,Clean-Paid,,True
331,354,32,142,4,1,Out-of-Network,2023-24,2023-11-13,2023-11-17,2023-12-30,43,298.04,298.04,Clean-Paid,,False
332,203,2,80,5,9,In-Network,2023-24,2023-11-13,2023-11-15,2023-12-26,41,192.82,192.82,Clean-Paid,,False
333,546,20,215,11,4,In-Network,2023-24,2023-11-13,2023-11-18,2023-12-26,38,58.06,58.06,Clean-Paid,,False
334,1783,24,709,16,8,In-Network,2023-24,2023-11-13,2023-11-15,2023-12-24,39,138.15,138.15,Clean-Paid,,False
335,1493,11,600,2,5,Out-of-Network,2023-24,2023-11-13,2023-11-14,2023-12-16,32,833.78,833.78,Clean-Paid,,True
336,1036,30,411,17,5,In-Network,2023-24,2023-11-13,2023-11-13,2023-12-15,32,183.54,0.0,Denied,Coding Error,False
337,1323,31,530,12,2,In-Network,2023-24,2023-11-13,2023-11-17,2023-12-28,41,224.02,224.02,Clean-Paid,,False
338,894,9,354,7,6,In-Network,2023-24,2023-11-13,2023-11-17,2023-12-12,25,15.07,15.07,Clean-Paid,,False
339,269,15,108,13,1,In-Network,2023-24,2023-11-13,2023-11-14,2023-12-17,33,237.48,237.48,Clean-Paid,,False
340,1793,7,715,12,7,In-Network,2023-24,2023-11-13,2023-11-14,2023-12-24,40,224.02,224.02,Clean-Paid,,False
341,1919,23,760,4,5,In-Network,2023-24,2023-11-13,2023-11-18,2023-12-18,30,148.0,0.0,Denied,Frequency Limit Exceeded,False
342,1556,32,623,5,1,In-Network,2023-24,2023-11-13,2023-11-14,2023-12-25,41,192.82,192.82,Clean-Paid,,False
343,1604,9,640,15,6,In-Network,2023-24,2023-11-13,2023-11-18,2023-12-23,35,224.02,224.02,Clean-Paid,,False
344,1985,25,783,18,9,In-Network,2023-24,2023-11-13,2023-11-15,2023-12-29,44,224.02,224.02,Clean-Paid,,False
345,789,34,311,8,2,In-Network,2023-24,2023-11-13,2023-11-18,2023-12-23,35,468.06,468.06,Clean-Paid,,True
346,1570,33,627,14,8,In-Network,2023-24,2023-11-13,2023-11-16,2023-12-16,30,224.02,224.02,Clean-Paid,,False
347,1112,35,444,19,7,In-Network,2023-24,2023-11-14,2023-11-14,2023-12-22,38,69.68,0.0,Denied,Coverage Terminated,False
348,797,7,314,15,7,In-Network,2023-24,2023-11-14,2023-11-17,2023-12-30,43,95.07,95.07,Clean-Paid,,False
349,491,9,197,10,6,In-Network,2023-24,2023-11-14,2023-11-15,2023-12-11,26,88.0,0.0,Denied,Prior Auth Required,False
350,772,27,303,8,9,In-Network,2023-24,2023-11-14,2023-11-17,2023-12-26,39,254.28,254.28,Clean-Paid,,False
351,116,30,45,19,5,In-Network,2023-24,2023-11-14,2023-11-17,2023-12-21,34,38.06,38.06,Clean-Paid,,False
352,344,32,138,12,1,In-Network,2023-24,2023-11-14,2023-11-15,2023-12-28,43,46.88,46.88,Clean-Paid,,False
353,1078,31,431,18,2,In-Network,2023-24,2023-11-14,2023-11-15,2023-12-25,40,192.82,192.82,Clean-Paid,,False
354,301,6,120,17,8,In-Network,2023-24,2023-11-15,2023-11-18,2023-12-30,42,218.97,218.97,Clean-Paid,,False
355,678,23,267,3,5,In-Network,2023-24,2023-11-15,2023-11-15,2023-12-22,37,192.82,192.82,Clean-Paid,,False
356,1924,23,762,14,5,In-Network,2023-24,2023-11-16,2023-11-18,2023-12-17,29,73.78,73.78,Clean-Paid,,False
357,1678,25,668,5,9,In-Network,2023-24,2023-11-16,2023-11-18,2023-12-29,41,224.02,224.02,Clean-Paid,,False
358,1137,12,454,17,9,In-Network,2023-24,2023-11-17,2023-11-22,2024-01-12,51,15.07,15.07,Clean-Paid,,False
359,1825,7,726,5,7,In-Network,2023-24,2023-11-17,2023-11-18,2023-12-14,26,224.02,224.02,Clean-Paid,,False
360,1161,31,464,5,2,In-Network,2023-24,2023-11-17,2023-11-18,2023-12-17,29,233.13,233.13,Clean-Paid,,False
361,277,5,112,18,4,In-Network,2023-24,2023-11-20,2023-11-23,2024-01-07,45,224.02,224.02,Clean-Paid,,False
362,1331,31,532,2,2,In-Network,2023-24,2023-11-20,2023-11-23,2023-12-25,32,168.0,168.0,Clean-Paid,,False
363,352,32,141,14,1,Out-of-Network,2023-24,2023-11-20,2023-11-23,2023-12-25,32,156.95,156.95,Clean-Paid,,False
364,1780,24,709,16,8,In-Network,2023-24,2023-11-20,2023-11-22,2023-12-29,37,224.02,224.02,Clean-Paid,,False
365,783,34,309,13,2,In-Network,2023-24,2023-11-20,2023-11-25,2023-12-25,30,224.02,224.02,Clean-Paid,,False
366,1244,12,499,8,9,In-Network,2023-24,2023-11-20,2023-11-20,2024-01-05,46,224.02,224.02,Clean-Paid,,False
367,865,6,343,19,8,In-Network,2023-24,2023-11-20,2023-11-22,2023-12-22,30,224.02,224.02,Clean-Paid,,False
368,733,10,286,4,9,In-Network,2023-24,2023-11-20,2023-11-22,2024-01-04,43,224.02,224.02,Clean-Paid,,False
369,1217,1,488,4,4,In-Network,2023-24,2023-11-20,2023-11-22,2024-01-04,43,224.02,224.02,Clean-Paid,,False
370,1592,14,634,16,4,In-Network,2023-24,2023-11-20,2023-11-25,2024-01-11,47,224.02,224.02,Clean-Paid,,False
371,432,17,172,16,5,In-Network,2023-24,2023-11-20,2023-11-23,2023-12-22,29,192.82,192.82,Clean-Paid,,False
372,1748,30,696,8,5,In-Network,2023-24,2023-11-20,2023-11-25,2023-12-21,26,224.02,224.02,Clean-Paid,,False
373,654,21,258,10,2,In-Network,2023-24,2023-11-20,2023-11-22,2023-12-24,32,223.08,223.08,Clean-Paid,,False
374,1173,31,469,18,2,In-Network,2023-24,2023-11-20,2023-11-25,2024-01-01,37,223.08,223.08,Clean-Paid,,False
375,1289,24,518,18,8,In-Network,2023-24,2023-11-20,2023-11-24,2023-12-30,36,223.08,223.08,Clean-Paid,,False
376,1174,31,469,18,2,In-Network,2023-24,2023-11-20,2023-11-21,2023-12-31,40,212.37,0.0,Denied,Max Benefit Exceeded,False
377,761,27,298,20,9,In-Network,2023-24,2023-11-20,2023-11-25,2024-01-16,52,224.02,0.0,Denied,Frequency Limit Exceeded,False
378,669,16,263,10,7,In-Network,2023-24,2023-11-21,2023-11-22,2023-12-29,37,161.96,161.96,Clean-Paid,,False
379,1241,21,497,14,2,In-Network,2023-24,2023-11-21,2023-11-26,2023-12-22,26,103.9,103.9,Clean-Paid,,False
380,1690,2,671,16,9,In-Network,2023-24,2023-11-21,2023-11-25,2024-01-19,55,252.37,252.37,Clean-Paid,,False
381,1042,27,415,9,9,In-Network,2023-24,2023-11-22,2023-11-24,2024-01-04,41,224.02,224.02,Clean-Paid,,False
382,180,3,69,10,1,In-Network,2023-24,2023-11-22,2023-11-27,2024-01-12,46,501.18,0.0,Denied,Prior Auth Required,True
383,1964,23,775,1,5,In-Network,2023-24,2023-11-22,2023-11-25,2023-12-24,29,146.53,146.53,Clean-Paid,,False
384,1810,3,720,2,1,Out-of-Network,2023-24,2023-11-22,2023-11-25,2024-01-09,45,214.64,214.64,Clean-Paid,,False
385,1472,15,593,11,1,Out-of-Network,2023-24,2023-11-23,2023-11-28,2024-01-04,37,258.13,258.13,Clean-Paid,,False
386,730,3,284,11,1,Out-of-Network,2023-24,2023-11-23,2023-11-23,2024-01-05,43,217.81,0.0,Denied,Timely Filing Expired,False
387,670,16,263,10,7,In-Network,2023-24,2023-11-23,2023-11-28,2024-01-02,35,461.62,461.62,Clean-Paid,,True
388,1071,31,426,16,2,In-Network,2023-24,2023-11-23,2023-11-27,2024-01-05,39,203.54,203.54,Clean-Paid,,False
389,889,9,352,18,6,In-Network,2023-24,2023-11-23,2023-11-24,2023-12-22,28,223.08,223.08,Clean-Paid,,False
390,511,6,203,18,8,In-Network,2023-24,2023-11-24,2023-11-25,2023-12-29,34,73.78,0.0,Denied,Coverage Terminated,False
391,834,9,330,6,6,In-Network,2023-24,2023-11-24,2023-11-24,2023-12-26,32,224.02,224.02,Clean-Paid,,False
392,1495,11,601,3,5,In-Network,2023-24,2023-11-24,2023-11-26,2024-01-04,39,48.47,48.47,Clean-Paid,,False
393,1904,31,756,15,2,In-Network,2023-24,2023-11-24,2023-11-28,2023-12-24,26,192.82,192.82,Clean-Paid,,False
394,520,14,206,9,4,Out-of-Network,2023-24,2023-11-27,2023-11-29,2024-01-12,44,298.04,298.04,Clean-Paid,,False
395,1596,35,635,13,7,In-Network,2023-24,2023-11-27,2023-11-30,2023-12-29,29,572.62,0.0,Denied,Prior Auth Required,True
396,1482,31,597,13,2,In-Network,2023-24,2023-11-27,2023-11-30,2024-01-03,34,224.02,224.02,Clean-Paid,,False
397,39,8,15,19,1,Out-of-Network,2023-24,2023-11-27,2023-11-28,2024-01-01,34,285.94,285.94,Clean-Paid,,False
398,1027,10,407,19,9,In-Network,2023-24,2023-11-27,2023-12-01,2024-01-24,54,183.54,183.54,Clean-Paid,,False
399,173,3,68,11,1,Out-of-Network,2023-24,2023-11-27,2023-12-01,2024-01-11,41,285.94,285.94,Clean-Paid,,False
400,1582,20,630,20,4,In-Network,2023-24,2023-11-27,2023-11-28,2024-01-04,37,203.54,203.54,Clean-Paid,,False
401,380,25,151,19,9,In-Network,2023-24,2023-11-27,2023-11-30,2024-01-07,38,224.02,224.02,Clean-Paid,,False
402,962,19,379,18,9,In-Network,2023-24,2023-11-27,2023-12-02,2024-01-19,48,223.08,223.08,Clean-Paid,,False
403,526,9,208,2,6,Out-of-Network,2023-24,2023-11-27,2023-11-28,2024-01-02,35,285.94,285.94,Clean-Paid,,False
404,398,22,159,16,6,Out-of-Network,2023-24,2023-11-27,2023-12-02,2024-01-01,30,298.04,298.04,Clean-Paid,,False
405,37,8,14,2,1,Out-of-Network,2023-24,2023-11-27,2023-11-27,2024-01-08,42,285.94,285.94,Clean-Paid,,False
406,1402,2,562,19,9,In-Network,2023-24,2023-11-27,2023-12-02,2024-01-15,44,267.74,267.74,Clean-Paid,,False
407,1246,12,499,8,9,In-Network,2023-24,2023-11-27,2023-11-28,2024-01-16,49,23.9,23.9,Clean-Paid,,False
408,719,3,280,5,1,In-Network,2023-24,2023-11-28,2023-12-03,2024-01-11,39,436.62,0.0,Denied,Prior Auth Required,True
409,1785,16,711,14,7,In-Network,2023-24,2023-11-28,2023-11-29,2024-01-03,35,224.02,224.02,Clean-Paid,,False
410,1087,18,435,12,1,In-Network,2023-24,2023-11-28,2023-11-30,2024-01-04,35,224.02,224.02,Clean-Paid,,False
411,1496,11,601,3,5,In-Network,2023-24,2023-11-28,2023-11-29,2024-01-06,38,213.58,213.58,Clean-Paid,,False
412,1497,11,602,12,5,In-Network,2023-24,2023-11-29,2023-12-02,2023-12-31,29,267.74,0.0,Denied,Coding Error,False
413,1082,31,432,1,2,In-Network,2023-24,2023-11-29,2023-11-29,2024-01-03,35,58.06,58.06,Clean-Paid,,False
414,588,19,231,14,9,In-Network,2023-24,2023-11-29,2023-12-03,2024-01-25,53,224.02,224.02,Clean-Paid,,False
415,341,32,138,12,1,In-Network,2023-24,2023-11-29,2023-12-01,2024-01-06,36,224.02,224.02,Clean-Paid,,False
416,1764,33,702,10,8,In-Network,2023-24,2023-11-30,2023-12-04,2024-01-03,30,192.82,192.82,Clean-Paid,,False
417,1954,23,772,13,5,In-Network,2023-24,2023-11-30,2023-12-04,2024-01-12,39,252.37,252.37,Clean-Paid,,False
418,216,26,85,15,4,In-Network,2023-24,2023-11-30,2023-12-03,2024-01-14,42,224.02,0.0,Denied,Max Benefit Exceeded,False
419,310,3,124,14,1,Out-of-Network,2023-24,2023-11-30,2023-12-05,2024-01-11,37,298.04,298.04,Clean-Paid,,False
420,742,9,289,3,6,In-Network,2023-24,2023-12-01,2023-12-06,2024-01-13,38,69.68,0.0,Denied,Max Benefit Exceeded,False
421,858,28,339,20,3,In-Network,2023-24,2023-12-01,2023-12-03,2024-01-05,33,173.58,173.58,Clean-Paid,,False
422,1166,31,467,10,2,In-Network,2023-24,2023-12-01,2023-12-04,2023-12-30,26,223.08,223.08,Clean-Paid,,False
423,426,32,169,15,1,In-Network,2023-24,2023-12-01,2023-12-05,2024-01-09,35,29.68,29.68,Clean-Paid,,False
424,660,21,260,1,2,In-Network,2023-24,2023-12-01,2023-12-06,2024-01-17,42,127.74,127.74,Clean-Paid,,False
425,1394,25,558,8,9,In-Network,2023-24,2023-12-04,2023-12-04,2024-01-27,54,218.97,218.97,Clean-Paid,,False
426,874,29,347,14,5,In-Network,2023-24,2023-12-04,2023-12-07,2024-01-01,25,192.82,192.82,Clean-Paid,,False
427,190,34,72,5,2,In-Network,2023-24,2023-12-04,2023-12-04,2024-01-14,41,208.0,208.0,Clean-Paid,,False
428,1401,2,561,6,9,In-Network,2023-24,2023-12-04,2023-12-07,2024-01-26,50,224.02,224.02,Clean-Paid,,False
429,1736,4,690,20,2,In-Network,2023-24,2023-12-04,2023-12-06,2024-01-10,35,18.06,18.06,Clean-Paid,,False
430,1660,6,660,4,8,In-Network,2023-24,2023-12-04,2023-12-04,2024-01-14,41,48.47,0.0,Denied,Coding Error,False
431,657,21,260,1,2,In-Network,2023-24,2023-12-04,2023-12-07,2024-01-15,39,192.82,192.82,Clean-Paid,,False
432,1726,27,686,9,9,In-Network,2023-24,2023-12-04,2023-12-07,2024-01-16,40,108.47,108.47,Clean-Paid,,False
433,1907,31,756,15,2,In-Network,2023-24,2023-12-04,2023-12-07,2024-01-14,38,173.58,173.58,Clean-Paid,,False
434,1120,3,447,3,1,In-Network,2023-24,2023-12-04,2023-12-09,2024-01-23,45,224.02,224.02,Clean-Paid,,False
435,988,11,390,13,5,In-Network,2023-24,2023-12-04,2023-12-04,2023-12-27,23,139.17,139.17,Clean-Paid,,False
436,1281,31,513,3,2,In-Network,2023-24,2023-12-04,2023-12-07,2024-01-16,40,193.13,193.13,Clean-Paid,,False
437,632,29,246,7,5,In-Network,2023-24,2023-12-04,2023-12-05,2024-01-10,36,181.96,0.0,Denied,Coverage Terminated,False
438,726,3,283,14,1,Out-of-Network,2023-24,2023-12-05,2023-12-05,2024-01-17,43,319.63,319.63,Clean-Paid,,False
439,79,13,31,6,4,In-Network,2023-24,2023-12-05,2023-12-10,2024-01-20,41,142.88,142.88,Clean-Paid,,False
440,407,34,163,3,2,In-Network,2023-24,2023-12-05,2023-12-08,2024-01-17,40,224.02,224.02,Clean-Paid,,False
441,76,13,30,16,4,In-Network,2023-24,2023-12-05,2023-12-08,2024-01-22,45,201.96,201.96,Clean-Paid,,False
442,1083,31,433,20,2,In-Network,2023-24,2023-12-05,2023-12-10,2024-01-20,41,223.08,0.0,Denied,Timely Filing Expired,False
443,1795,7,715,12,7,In-Network,2023-24,2023-12-05,2023-12-07,2024-01-10,34,159.17,159.17,Clean-Paid,,False
444,306,3,123,17,1,Out-of-Network,2023-24,2023-12-05,2023-12-08,2024-01-12,35,347.44,347.44,Clean-Paid,,False
445,1332,31,533,2,2,In-Network,2023-24,2023-12-06,2023-12-11,2024-01-07,27,223.08,223.08,Clean-Paid,,False
446,971,22,381,15,6,In-Network,2023-24,2023-12-06,2023-12-11,2024-01-14,34,102.16,102.16,Clean-Paid,,False
447,1416,25,567,8,9,In-Network,2023-24,2023-12-06,2023-12-06,2024-01-14,39,107.74,107.74,Clean-Paid,,False
448,1611,9,642,14,6,Out-of-Network,2023-24,2023-12-06,2023-12-09,2024-01-06,28,137.81,137.81,Clean-Paid,,False
449,345,32,139,13,1,In-Network,2023-24,2023-12-06,2023-12-07,2024-01-23,47,192.82,192.82,Clean-Paid,,False
450,1981,25,781,20,9,In-Network,2023-24,2023-12-06,2023-12-09,2024-01-22,44,172.57,172.57,Clean-Paid,,False
451,100,21,38,10,2,In-Network,2023-24,2023-12-06,2023-12-10,2024-01-21,42,58.06,58.06,Clean-Paid,,False
452,108,30,43,6,5,In-Network,2023-24,2023-12-07,2023-12-10,2024-01-05,26,224.02,224.02,Clean-Paid,,False
453,1344,4,539,4,2,In-Network,2023-24,2023-12-07,2023-12-08,2024-01-17,40,224.02,224.02,Clean-Paid,,False
454,242,32,96,3,1,In-Network,2023-24,2023-12-07,2023-12-10,2024-01-14,35,224.02,224.02,Clean-Paid,,False
455,1647,20,655,18,4,In-Network,2023-24,2023-12-07,2023-12-07,2024-01-26,50,192.82,192.82,Clean-Paid,,False
456,81,12,32,20,9,In-Network,2023-24,2023-12-07,2023-12-08,2024-01-26,49,15.07,15.07,Clean-Paid,,False
457,309,3,123,17,1,Out-of-Network,2023-24,2023-12-07,2023-12-10,2024-01-12,33,283.34,283.34,Clean-Paid,,False
458,1820,28,724,7,3,In-Network,2023-24,2023-12-07,2023-12-11,2024-01-13,33,192.82,192.82,Clean-Paid,,False
459,1436,22,574,10,6,In-Network,2023-24,2023-12-08,2023-12-11,2024-01-18,38,183.54,183.54,Clean-Paid,,False
460,583,9,229,11,6,Out-of-Network,2023-24,2023-12-08,2023-12-08,2024-01-14,37,472.74,472.74,Clean-Paid,,True
461,1,24,1,16,8,In-Network,2023-24,2023-12-11,2023-12-12,2024-01-21,40,224.02,224.02,Clean-Paid,,False
462,887,9,351,14,6,Out-of-Network,2023-24,2023-12-11,2023-12-13,2024-01-20,38,50.12,50.12,Clean-Paid,,False
463,1054,10,418,13,9,In-Network,2023-24,2023-12-11,2023-12-15,2024-01-28,44,224.02,224.02,Clean-Paid,,False
464,2000,31,790,12,2,In-Network,2023-24,2023-12-11,2023-12-14,2024-01-09,26,254.28,254.28,Clean-Paid,,False
465,554,20,219,20,4,In-Network,2023-24,2023-12-11,2023-12-11,2024-01-15,35,223.08,223.08,Clean-Paid,,False
466,978,22,385,18,6,In-Network,2023-24,2023-12-11,2023-12-12,2024-01-18,37,75.07,75.07,Clean-Paid,,False
467,728,3,284,11,1,Out-of-Network,2023-24,2023-12-11,2023-12-11,2024-01-24,44,285.94,285.94,Clean-Paid,,False
468,424,32,169,15,1,In-Network,2023-24,2023-12-11,2023-12-11,2024-01-22,42,224.02,224.02,Clean-Paid,,False
469,181,3,70,8,1,In-Network,2023-24,2023-12-11,2023-12-11,2024-01-24,44,224.02,224.02,Clean-Paid,,False
470,1095,18,438,6,1,In-Network,2023-24,2023-12-11,2023-12-15,2024-02-02,49,192.82,192.82,Clean-Paid,,False
471,420,32,168,17,1,Out-of-Network,2023-24,2023-12-11,2023-12-14,2024-01-27,44,298.04,0.0,Denied,Frequency Limit Exceeded,False
472,365,22,145,6,6,In-Network,2023-24,2023-12-11,2023-12-13,2024-01-09,27,162.16,0.0,Denied,Missing X-Ray,False
473,69,20,28,4,4,In-Network,2023-24,2023-12-11,2023-12-15,2024-01-31,47,224.02,224.02,Clean-Paid,,False
474,1349,4,541,4,2,In-Network,2023-24,2023-12-11,2023-12-15,2024-01-26,42,92.57,92.57,Clean-Paid,,False
475,1445,16,579,7,7,In-Network,2023-24,2023-12-11,2023-12-11,2024-01-10,30,224.02,224.02,Clean-Paid,,False
476,999,30,395,16,5,In-Network,2023-24,2023-12-11,2023-12-14,2024-01-12,29,224.02,224.02,Clean-Paid,,False
477,768,27,300,19,9,In-Network,2023-24,2023-12-11,2023-12-11,2024-01-19,39,103.96,103.96,Clean-Paid,,False
478,237,13,93,6,4,In-Network,2023-24,2023-12-11,2023-12-15,2024-01-18,34,159.17,159.17,Clean-Paid,,False
479,423,32,168,17,1,Out-of-Network,2023-24,2023-12-12,2023-12-17,2024-01-25,39,81.65,81.65,Clean-Paid,,False
480,1854,8,737,4,1,Out-of-Network,2023-24,2023-12-12,2023-12-15,2024-01-24,40,285.94,285.94,Clean-Paid,,False
481,1668,9,663,18,6,In-Network,2023-24,2023-12-12,2023-12-15,2024-01-17,33,84.75,0.0,Denied,Prior Auth Required,False
482,1997,31,789,7,2,In-Network,2023-24,2023-12-13,2023-12-18,2024-01-27,40,224.02,224.02,Clean-Paid,,False
483,1576,33,628,9,8,In-Network,2023-24,2023-12-13,2023-12-13,2024-01-11,29,112.57,112.57,Clean-Paid,,False
484,823,34,325,19,2,In-Network,2023-24,2023-12-13,2023-12-15,2024-01-10,26,224.02,224.02,Clean-Paid,,False
485,2008,32,794,5,1,In-Network,2023-24,2023-12-13,2023-12-17,2024-02-02,47,224.02,224.02,Clean-Paid,,False
486,577,21,227,20,2,In-Network,2023-24,2023-12-13,2023-12-18,2024-01-14,27,224.02,224.02,Clean-Paid,,False
487,484,21,195,11,2,In-Network,2023-24,2023-12-13,2023-12-18,2024-01-27,40,93.78,0.0,Denied,Coverage Terminated,False
488,1398,25,560,3,9,In-Network,2023-24,2023-12-13,2023-12-17,2024-02-01,46,224.02,0.0,Denied,Missing X-Ray,False
489,1988,25,784,18,9,In-Network,2023-24,2023-12-13,2023-12-13,2024-02-03,52,192.82,192.82,Clean-Paid,,False
490,734,10,286,4,9,In-Network,2023-24,2023-12-14,2023-12-17,2024-02-04,49,424.12,424.12,Clean-Paid,,True
491,1018,28,403,2,3,In-Network,2023-24,2023-12-14,2023-12-17,2024-01-18,32,254.28,254.28,Clean-Paid,,False
492,1939,9,768,16,6,Out-of-Network,2023-24,2023-12-14,2023-12-19,2024-01-24,36,50.12,0.0,Denied,Frequency Limit Exceeded,False
493,815,17,320,14,5,In-Network,2023-24,2023-12-14,2023-12-16,2024-01-11,26,181.96,181.96,Clean-Paid,,False
494,488,9,197,10,6,In-Network,2023-24,2023-12-14,2023-12-15,2024-01-23,39,224.02,224.02,Clean-Paid,,False
495,1433,22,573,19,6,Out-of-Network,2023-24,2023-12-14,2023-12-14,2024-01-09,26,81.42,0.0,Denied,Missing X-Ray,False
496,337,35,135,2,7,In-Network,2023-24,2023-12-15,2023-12-17,2024-01-20,34,102.16,102.16,Clean-Paid,,False
497,1013,28,400,12,3,In-Network,2023-24,2023-12-15,2023-12-18,2024-01-10,23,224.02,224.02,Clean-Paid,,False
498,1418,17,568,1,5,In-Network,2023-24,2023-12-15,2023-12-19,2024-01-24,36,224.02,224.02,Clean-Paid,,False
499,1371,15,550,2,1,Out-of-Network,2023-24,2023-12-15,2023-12-20,2024-01-29,40,162.66,162.66,Clean-Paid,,False
500,541,21,214,13,2,In-Network,2023-24,2023-12-15,2023-12-20,2024-01-27,38,192.82,192.82,Clean-Paid,,False
501,170,2,67,3,9,In-Network,2023-24,2023-12-15,2023-12-15,2024-01-27,43,224.02,224.02,Clean-Paid,,False
502,1152,20,461,18,4,In-Network,2023-24,2023-12-18,2023-12-18,2024-01-28,41,224.02,224.02,Clean-Paid,,False
503,1733,4,690,20,2,In-Network,2023-24,2023-12-18,2023-12-20,2024-01-15,26,223.08,223.08,Clean-Paid,,False
504,499,3,200,11,1,Out-of-Network,2023-24,2023-12-18,2023-12-23,2024-01-31,39,285.94,285.94,Clean-Paid,,False
505,1468,15,591,10,1,In-Network,2023-24,2023-12-18,2023-12-23,2024-01-30,38,224.02,224.02,Clean-Paid,,False
506,1125,3,450,17,1,Out-of-Network,2023-24,2023-12-18,2023-12-18,2024-01-31,44,258.13,258.13,Clean-Paid,,False
507,1465,15,590,20,1,Out-of-Network,2023-24,2023-12-18,2023-12-20,2024-01-21,32,285.94,285.94,Clean-Paid,,False
508,261,15,103,19,1,Out-of-Network,2023-24,2023-12-18,2023-12-18,2024-01-27,40,285.94,285.94,Clean-Paid,,False
509,168,2,66,10,9,In-Network,2023-24,2023-12-18,2023-12-20,2024-01-29,40,224.02,224.02,Clean-Paid,,False
510,1361,18,547,8,1,In-Network,2023-24,2023-12-18,2023-12-22,2024-01-28,37,192.82,192.82,Clean-Paid,,False
511,1776,24,705,13,8,In-Network,2023-24,2023-12-18,2023-12-18,2024-01-29,42,468.06,468.06,Clean-Paid,,True
512,870,29,345,16,5,In-Network,2023-24,2023-12-18,2023-12-19,2024-01-14,26,224.02,224.02,Clean-Paid,,False
513,1558,32,623,5,1,In-Network,2023-24,2023-12-18,2023-12-18,2024-01-27,40,138.15,138.15,Clean-Paid,,False
514,941,5,371,17,4,In-Network,2023-24,2023-12-18,2023-12-22,2024-02-08,48,64.1,64.1,Clean-Paid,,False
515,600,8,235,1,1,In-Network,2023-24,2023-12-18,2023-12-22,2024-02-04,44,224.02,224.02,Clean-Paid,,False
516,641,3,251,9,1,Out-of-Network,2023-24,2023-12-18,2023-12-21,2024-01-24,34,285.94,285.94,Clean-Paid,,False
517,1664,6,662,17,8,In-Network,2023-24,2023-12-19,2023-12-20,2024-01-28,39,144.75,144.75,Clean-Paid,,False
518,1577,33,628,9,8,In-Network,2023-24,2023-12-19,2023-12-19,2024-01-19,31,167.74,167.74,Clean-Paid,,False
519,610,8,238,11,1,Out-of-Network,2023-24,2023-12-19,2023-12-20,2024-01-29,40,368.1,368.1,Clean-Paid,,True
520,348,32,140,13,1,In-Network,2023-24,2023-12-19,2023-12-24,2024-01-29,36,193.13,193.13,Clean-Paid,,False
521,1914,23,759,19,5,In-Network,2023-24,2023-12-19,2023-12-24,2024-02-02,40,241.96,241.96,Clean-Paid,,False
522,211,6,83,8,8,In-Network,2023-24,2023-12-19,2023-12-21,2024-02-04,45,150.4,150.4,Clean-Paid,,False
523,1007,30,397,7,5,In-Network,2023-24,2023-12-20,2023-12-25,2024-01-24,30,83.94,83.94,Clean-Paid,,False
524,215,26,84,11,4,In-Network,2023-24,2023-12-20,2023-12-21,2024-02-03,44,468.06,468.06,Clean-Paid,,True
525,123,15,49,17,1,Out-of-Network,2023-24,2023-12-20,2023-12-21,2024-02-03,44,285.94,285.94,Clean-Paid,,False
526,1681,25,669,9,9,In-Network,2023-24,2023-12-20,2023-12-21,2024-02-03,44,224.02,224.02,Clean-Paid,,False
527,1943,26,769,11,4,In-Network,2023-24,2023-12-20,2023-12-24,2024-02-02,40,78.96,78.96,Clean-Paid,,False
528,1609,9,642,14,6,Out-of-Network,2023-24,2023-12-20,2023-12-22,2024-01-15,24,285.94,0.0,Denied,Coverage Terminated,False
529,1702,2,676,12,9,In-Network,2023-24,2023-12-21,2023-12-21,2024-02-02,43,103.9,103.9,Clean-Paid,,False
530,1850,8,735,7,1,In-Network,2023-24,2023-12-21,2023-12-23,2024-01-26,34,224.02,224.02,Clean-Paid,,False
531,1072,31,426,16,2,In-Network,2023-24,2023-12-21,2023-12-26,2024-02-05,41,71.88,0.0,Denied,Coverage Terminated,False
532,295,4,119,5,2,In-Network,2023-24,2023-12-21,2023-12-21,2024-01-18,28,223.08,223.08,Clean-Paid,,False
533,829,34,328,6,2,In-Network,2023-24,2023-12-21,2023-12-21,2024-01-19,29,267.74,267.74,Clean-Paid,,False
534,498,3,199,6,1,In-Network,2023-24,2023-12-21,2023-12-25,2024-01-31,37,132.57,132.57,Clean-Paid,,False
535,1572,33,627,14,8,In-Network,2023-24,2023-12-21,2023-12-26,2024-02-02,38,83.9,83.9,Clean-Paid,,False
536,850,31,337,2,2,In-Network,2023-24,2023-12-22,2023-12-22,2024-01-30,39,223.08,223.08,Clean-Paid,,False
537,1599,35,637,1,7,In-Network,2023-24,2023-12-22,2023-12-22,2024-01-30,39,192.82,192.82,Clean-Paid,,False
538,1449,16,581,17,7,In-Network,2023-24,2023-12-22,2023-12-24,2024-01-31,38,224.02,224.02,Clean-Paid,,False
539,737,10,288,18,9,In-Network,2023-24,2023-12-22,2023-12-22,2024-02-01,41,237.48,237.48,Clean-Paid,,False
540,1926,35,763,6,7,In-Network,2023-24,2023-12-22,2023-12-22,2024-01-17,26,83.9,83.9,Clean-Paid,,False
541,1890,16,750,15,7,In-Network,2023-24,2023-12-25,2023-12-30,2024-02-07,39,92.57,92.57,Clean-Paid,,False
542,981,11,386,15,5,In-Network,2023-24,2023-12-25,2023-12-25,2024-01-25,31,311.64,311.64,Clean-Paid,,True
543,895,9,355,16,6,Out-of-Network,2023-24,2023-12-25,2023-12-25,2024-01-20,26,298.04,298.04,Clean-Paid,,False
544,1715,27,683,12,9,In-Network,2023-24,2023-12-25,2023-12-27,2024-02-03,38,224.02,0.0,Denied,Max Benefit Exceeded,False
545,1374,15,551,17,1,Out-of-Network,2023-24,2023-12-25,2023-12-30,2024-02-08,40,76.95,76.95,Clean-Paid,,False
546,1880,16,748,7,7,In-Network,2023-24,2023-12-25,2023-12-25,2024-01-28,34,192.82,192.82,Clean-Paid,,False
547,935,5,370,7,4,In-Network,2023-24,2023-12-25,2023-12-26,2024-01-28,33,224.02,224.02,Clean-Paid,,False
548,1962,23,775,1,5,In-Network,2023-24,2023-12-25,2023-12-27,2024-01-21,25,192.82,192.82,Clean-Paid,,False
549,609,8,238,11,1,Out-of-Network,2023-24,2023-12-25,2023-12-26,2024-01-27,32,257.81,257.81,Clean-Paid,,False
550,1372,15,551,17,1,Out-of-Network,2023-24,2023-12-25,2023-12-29,2024-02-05,38,258.13,258.13,Clean-Paid,,False
551,987,11,390,13,5,In-Network,2023-24,2023-12-25,2023-12-28,2024-01-22,25,267.74,267.74,Clean-Paid,,False
552,1662,6,662,17,8,In-Network,2023-24,2023-12-25,2023-12-30,2024-02-14,46,237.48,237.48,Clean-Paid,,False
553,982,11,387,8,5,In-Network,2023-24,2023-12-25,2023-12-26,2024-01-30,35,224.02,224.02,Clean-Paid,,False
554,1298,27,521,4,9,In-Network,2023-24,2023-12-25,2023-12-25,2024-02-12,49,223.08,223.08,Clean-Paid,,False
555,1760,33,701,7,8,In-Network,2023-24,2023-12-25,2023-12-28,2024-01-30,33,224.02,224.02,Clean-Paid,,False
556,26,35,10,8,7,In-Network,2023-24,2023-12-25,2023-12-29,2024-01-25,27,108.47,108.47,Clean-Paid,,False
557,1347,4,540,15,2,In-Network,2023-24,2023-12-25,2023-12-27,2024-01-30,34,55.07,55.07,Clean-Paid,,False
558,1197,28,477,20,3,In-Network,2023-24,2023-12-25,2023-12-25,2024-01-15,21,143.9,143.9,Clean-Paid,,False
559,19,23,8,4,5,In-Network,2023-24,2023-12-26,2023-12-26,2024-02-01,37,224.02,224.02,Clean-Paid,,False
560,193,34,74,13,2,In-Network,2023-24,2023-12-26,2023-12-27,2024-01-29,33,267.74,267.74,Clean-Paid,,False
561,1669,9,664,11,6,Out-of-Network,2023-24,2023-12-26,2023-12-27,2024-01-25,29,285.94,0.0,Denied,Missing X-Ray,False
562,1239,21,497,14,2,In-Network,2023-24,2023-12-26,2023-12-28,2024-01-28,31,223.08,223.08,Clean-Paid,,False
563,1133,12,453,10,9,In-Network,2023-24,2023-12-26,2023-12-29,2024-02-06,39,224.02,224.02,Clean-Paid,,False
564,212,26,84,11,4,In-Network,2023-24,2023-12-26,2023-12-29,2024-02-13,46,224.02,224.02,Clean-Paid,,False
565,781,34,307,9,2,In-Network,2023-24,2023-12-26,2023-12-31,2024-02-06,37,224.02,224.02,Clean-Paid,,False
566,1822,28,724,7,3,In-Network,2023-24,2023-12-27,2023-12-27,2024-01-20,24,324.14,324.14,Clean-Paid,,True
567,183,3,70,8,1,In-Network,2023-24,2023-12-27,2023-12-29,2024-02-11,44,95.07,95.07,Clean-Paid,,False
568,1986,25,783,18,9,In-Network,2023-24,2023-12-27,2023-12-30,2024-02-11,43,75.07,75.07,Clean-Paid,,False
569,1038,30,412,1,5,In-Network,2023-24,2023-12-27,2023-12-29,2024-02-05,38,139.17,139.17,Clean-Paid,,False
570,1779,24,708,16,8,In-Network,2023-24,2023-12-27,2023-12-30,2024-02-01,33,166.53,166.53,Clean-Paid,,False
571,984,11,388,15,5,In-Network,2023-24,2023-12-28,2024-01-02,2024-01-25,23,298.94,298.94,Clean-Paid,,False
572,748,9,292,2,6,Out-of-Network,2023-24,2023-12-28,2024-01-01,2024-01-25,24,298.04,298.04,Clean-Paid,,False
573,274,1,110,17,4,In-Network,2023-24,2023-12-28,2023-12-31,2024-02-14,45,95.07,95.07,Clean-Paid,,False
574,378,25,150,17,9,In-Network,2023-24,2023-12-28,2023-12-29,2024-02-14,47,224.02,0.0,Denied,Coverage Terminated,False
575,1251,12,501,3,9,In-Network,2023-24,2023-12-28,2023-12-31,2024-02-12,43,192.82,192.82,Clean-Paid,,False
576,618,5,242,16,4,In-Network,2023-24,2023-12-28,2024-01-01,2024-02-04,34,237.48,0.0,Denied,Missing X-Ray,False
577,1221,16,489,13,7,In-Network,2023-24,2023-12-28,2024-01-01,2024-02-05,35,92.57,92.57,Clean-Paid,,False
578,1774,24,705,13,8,In-Network,2023-24,2023-12-28,2024-01-01,2024-02-02,32,254.28,254.28,Clean-Paid,,False
579,695,29,272,2,5,Out-of-Network,2023-24,2023-12-29,2023-12-29,2024-01-23,25,285.94,285.94,Clean-Paid,,False
580,1987,25,783,18,9,In-Network,2023-24,2023-12-29,2023-12-29,2024-02-13,46,135.07,135.07,Clean-Paid,,False
581,160,3,63,10,1,In-Network,2023-24,2023-12-29,2023-12-30,2024-02-15,47,192.82,0.0,Denied,Max Benefit Exceeded,False
582,1837,14,730,13,4,In-Network,2023-24,2023-12-29,2024-01-03,2024-02-05,33,224.02,224.02,Clean-Paid,,False
583,1709,25,680,20,9,In-Network,2023-24,2023-12-29,2024-01-02,2024-02-16,45,192.82,192.82,Clean-Paid,,False
584,1140,12,456,16,9,In-Network,2023-24,2024-01-01,2024-01-03,2024-02-18,46,223.08,223.08,Clean-Paid,,False
585,1068,21,424,16,2,In-Network,2023-24,2024-01-01,2024-01-04,2024-02-02,29,224.02,224.02,Clean-Paid,,False
586,1302,27,523,2,9,In-Network,2023-24,2024-01-01,2024-01-06,2024-02-19,44,23.9,0.0,Denied,Coverage Terminated,False
587,838,9,332,15,6,In-Network,2023-24,2024-01-01,2024-01-03,2024-02-11,39,224.02,224.02,Clean-Paid,,False
588,843,5,334,7,4,In-Network,2023-24,2024-01-01,2024-01-02,2024-02-18,47,223.08,223.08,Clean-Paid,,False
589,112,30,44,13,5,In-Network,2023-24,2024-01-01,2024-01-02,2024-02-04,33,139.17,139.17,Clean-Paid,,False
590,949,5,374,8,4,In-Network,2023-24,2024-01-01,2024-01-04,2024-02-10,37,223.08,223.08,Clean-Paid,,False
591,1162,31,465,1,2,In-Network,2023-24,2024-01-01,2024-01-06,2024-02-18,43,223.08,0.0,Denied,Missing X-Ray,False
592,1929,35,765,14,7,In-Network,2023-24,2024-01-01,2024-01-05,2024-02-07,33,192.82,192.82,Clean-Paid,,False
593,481,21,194,17,2,In-Network,2023-24,2024-01-01,2024-01-01,2024-02-06,36,133.78,0.0,Denied,Coverage Terminated,False
594,1094,18,437,10,1,In-Network,2023-24,2024-01-01,2024-01-01,2024-02-02,32,64.1,64.1,Clean-Paid,,False
595,1823,7,725,1,7,In-Network,2023-24,2024-01-01,2024-01-05,2024-02-01,27,224.02,0.0,Denied,Timely Filing Expired,False
596,12,10,4,6,9,In-Network,2023-24,2024-01-01,2024-01-01,2024-02-18,48,75.07,75.07,Clean-Paid,,False
597,1318,1,528,7,4,In-Network,2023-24,2024-01-01,2024-01-06,2024-02-11,36,224.02,224.02,Clean-Paid,,False
598,1982,25,782,5,9,In-Network,2023-24,2024-01-01,2024-01-01,2024-02-08,38,254.28,254.28,Clean-Paid,,False
599,836,9,330,6,6,In-Network,2023-24,2024-01-01,2024-01-01,2024-02-04,34,28.96,28.96,Clean-Paid,,False
600,549,20,216,9,4,Out-of-Network,2023-24,2024-01-01,2024-01-05,2024-02-19,45,256.05,256.05,Clean-Paid,,False
601,701,29,274,10,5,In-Network,2023-24,2024-01-01,2024-01-06,2024-02-07,32,102.16,0.0,Denied,Max Benefit Exceeded,False
602,1410,25,566,14,9,In-Network,2023-24,2024-01-01,2024-01-03,2024-02-22,50,224.02,224.02,Clean-Paid,,False
603,1557,32,623,5,1,In-Network,2023-24,2024-01-01,2024-01-03,2024-02-19,47,135.07,0.0,Denied,Missing X-Ray,False
604,510,6,203,18,8,In-Network,2023-24,2024-01-02,2024-01-02,2024-02-05,34,243.54,243.54,Clean-Paid,,False
605,3,24,2,13,8,In-Network,2023-24,2024-01-02,2024-01-02,2024-02-06,35,224.02,224.02,Clean-Paid,,False
606,330,35,132,6,7,In-Network,2023-24,2024-01-02,2024-01-03,2024-02-14,42,223.08,223.08,Clean-Paid,,False
607,155,3,61,9,1,Out-of-Network,2023-24,2024-01-03,2024-01-06,2024-02-09,34,189.11,0.0,Denied,Prior Auth Required,False
608,1827,7,726,5,7,In-Network,2023-24,2024-01-03,2024-01-05,2024-02-05,31,138.15,138.15,Clean-Paid,,False
609,1282,24,514,9,8,In-Network,2023-24,2024-01-03,2024-01-07,2024-02-13,37,224.02,224.02,Clean-Paid,,False
610,141,30,55,19,5,In-Network,2023-24,2024-01-03,2024-01-07,2024-02-02,26,224.02,0.0,Denied,Coverage Terminated,False
611,1873,6,744,2,8,In-Network,2023-24,2024-01-03,2024-01-08,2024-02-22,45,178.15,0.0,Denied,Coverage Terminated,False
612,557,21,220,7,2,In-Network,2023-24,2024-01-03,2024-01-07,2024-02-05,29,224.02,224.02,Clean-Paid,,False
613,56,21,22,18,2,In-Network,2023-24,2024-01-03,2024-01-03,2024-02-10,38,224.02,224.02,Clean-Paid,,False
614,749,9,293,18,6,In-Network,2023-24,2024-01-04,2024-01-09,2024-02-18,40,223.08,223.08,Clean-Paid,,False
615,616,5,241,12,4,Out-of-Network,2023-24,2024-01-04,2024-01-04,2024-02-07,34,285.94,285.94,Clean-Paid,,False
616,744,9,290,17,6,Out-of-Network,2023-24,2024-01-04,2024-01-08,2024-02-03,26,285.94,0.0,Denied,Prior Auth Required,False
617,769,27,301,16,9,In-Network,2023-24,2024-01-04,2024-01-05,2024-02-21,47,223.08,223.08,Clean-Paid,,False
618,333,35,133,12,7,In-Network,2023-24,2024-01-05,2024-01-09,2024-02-07,29,267.74,267.74,Clean-Paid,,False
619,1215,1,487,9,4,Out-of-Network,2023-24,2024-01-05,2024-01-06,2024-02-17,42,319.63,319.63,Clean-Paid,,False
620,1308,32,525,13,1,In-Network,2023-24,2024-01-08,2024-01-12,2024-02-20,39,224.02,224.02,Clean-Paid,,False
621,888,9,351,14,6,Out-of-Network,2023-24,2024-01-08,2024-01-09,2024-02-16,38,367.07,0.0,Denied,Coding Error,False
622,68,20,27,4,4,In-Network,2023-24,2024-01-08,2024-01-10,2024-02-15,36,238.97,238.97,Clean-Paid,,False
623,1284,24,516,1,8,In-Network,2023-24,2024-01-08,2024-01-08,2024-02-19,42,192.82,0.0,Denied,Missing X-Ray,False
624,1524,30,612,9,5,Out-of-Network,2023-24,2024-01-08,2024-01-12,2024-02-09,28,298.04,298.04,Clean-Paid,,False
625,260,10,102,10,9,In-Network,2023-24,2024-01-08,2024-01-12,2024-02-27,46,455.56,455.56,Clean-Paid,,True
626,538,21,212,18,2,In-Network,2023-24,2024-01-08,2024-01-13,2024-02-13,31,224.02,0.0,Denied,Missing X-Ray,False
627,375,25,148,14,9,In-Network,2023-24,2024-01-08,2024-01-10,2024-02-22,43,98.06,0.0,Denied,Missing X-Ray,False
628,96,21,37,4,2,In-Network,2023-24,2024-01-08,2024-01-12,2024-02-12,31,224.02,224.02,Clean-Paid,,False
629,445,32,177,5,1,In-Network,2023-24,2024-01-08,2024-01-13,2024-02-22,40,238.97,0.0,Denied,Max Benefit Exceeded,False
630,584,9,230,17,6,Out-of-Network,2023-24,2024-01-08,2024-01-11,2024-02-12,32,285.94,0.0,Denied,Timely Filing Expired,False
631,705,3,276,11,1,Out-of-Network,2023-24,2024-01-08,2024-01-12,2024-03-01,49,285.94,285.94,Clean-Paid,,False
632,508,6,203,18,8,In-Network,2023-24,2024-01-09,2024-01-10,2024-02-21,42,224.02,0.0,Denied,Coverage Terminated,False
633,1627,5,648,18,4,In-Network,2023-24,2024-01-09,2024-01-10,2024-02-16,37,223.08,223.08,Clean-Paid,,False
634,1428,22,572,13,6,In-Network,2023-24,2024-01-10,2024-01-10,2024-02-03,24,224.02,224.02,Clean-Paid,,False
635,405,29,162,15,5,In-Network,2023-24,2024-01-10,2024-01-15,2024-02-19,35,224.02,224.02,Clean-Paid,,False
636,1003,30,396,19,5,In-Network,2023-24,2024-01-10,2024-01-12,2024-02-11,30,224.02,224.02,Clean-Paid,,False
637,275,5,111,2,4,Out-of-Network,2023-24,2024-01-10,2024-01-10,2024-02-25,46,285.94,285.94,Clean-Paid,,False
638,566,21,223,9,2,In-Network,2023-24,2024-01-10,2024-01-14,2024-02-09,26,237.48,237.48,Clean-Paid,,False
639,1966,15,776,15,1,In-Network,2023-24,2024-01-10,2024-01-10,2024-02-27,48,224.02,224.02,Clean-Paid,,False
640,637,29,249,5,5,In-Network,2023-24,2024-01-10,2024-01-10,2024-02-13,34,254.28,0.0,Denied,Prior Auth Required,False
641,1813,28,722,10,3,In-Network,2023-24,2024-01-10,2024-01-13,2024-02-09,27,224.02,224.02,Clean-Paid,,False
642,1537,35,617,14,7,In-Network,2023-24,2024-01-10,2024-01-11,2024-02-21,41,224.02,224.02,Clean-Paid,,False
643,1037,30,412,1,5,In-Network,2023-24,2024-01-11,2024-01-11,2024-02-17,37,223.08,223.08,Clean-Paid,,False
644,793,7,313,20,7,In-Network,2023-24,2024-01-11,2024-01-14,2024-02-18,35,436.62,436.62,Clean-Paid,,True
645,363,22,145,6,6,In-Network,2023-24,2024-01-11,2024-01-16,2024-02-09,24,267.74,267.74,Clean-Paid,,False
646,1990,19,785,10,9,In-Network,2023-24,2024-01-11,2024-01-13,2024-02-29,47,224.02,224.02,Clean-Paid,,False
647,1378,15,553,11,1,Out-of-Network,2023-24,2024-01-11,2024-01-12,2024-02-23,42,285.94,0.0,Denied,Coverage Terminated,False
648,920,13,365,3,4,Out-of-Network,2023-24,2024-01-12,2024-01-13,2024-02-17,35,285.94,285.94,Clean-Paid,,False
649,163,3,64,13,1,In-Network,2023-24,2024-01-12,2024-01-14,2024-02-19,36,267.74,0.0,Denied,Prior Auth Required,False
650,1717,27,684,14,9,In-Network,2023-24,2024-01-12,2024-01-13,2024-02-26,44,224.02,224.02,Clean-Paid,,False
651,880,29,349,1,5,In-Network,2023-24,2024-01-12,2024-01-15,2024-02-12,28,224.02,224.02,Clean-Paid,,False
652,604,8,236,8,1,In-Network,2023-24,2024-01-12,2024-01-16,2024-02-20,35,64.1,64.1,Clean-Paid,,False
653,114,30,45,19,5,In-Network,2023-24,2024-01-15,2024-01-20,2024-02-18,29,224.02,224.02,Clean-Paid,,False
654,922,13,366,20,4,In-Network,2023-24,2024-01-15,2024-01-19,2024-03-07,48,192.82,192.82,Clean-Paid,,False
655,1150,1,460,18,4,In-Network,2023-24,2024-01-15,2024-01-17,2024-03-06,49,224.02,224.02,Clean-Paid,,False
656,861,6,341,2,8,In-Network,2023-24,2024-01-15,2024-01-19,2024-02-24,36,224.02,224.02,Clean-Paid,,False
657,89,21,35,9,2,In-Network,2023-24,2024-01-15,2024-01-15,2024-02-24,40,224.02,224.02,Clean-Paid,,False
658,1550,32,621,5,1,In-Network,2023-24,2024-01-15,2024-01-18,2024-03-02,44,224.02,224.02,Clean-Paid,,False
659,422,32,168,17,1,Out-of-Network,2023-24,2024-01-15,2024-01-15,2024-02-18,34,141.24,141.24,Clean-Paid,,False
660,563,21,222,17,2,In-Network,2023-24,2024-01-15,2024-01-20,2024-02-29,40,224.02,224.02,Clean-Paid,,False
661,906,12,359,8,9,In-Network,2023-24,2024-01-15,2024-01-16,2024-03-03,47,223.08,223.08,Clean-Paid,,False
662,1380,15,553,11,1,Out-of-Network,2023-24,2024-01-15,2024-01-17,2024-03-03,46,141.24,141.24,Clean-Paid,,False
663,130,15,51,15,1,In-Network,2023-24,2024-01-15,2024-01-19,2024-02-20,32,224.02,224.02,Clean-Paid,,False
664,1135,12,454,17,9,In-Network,2023-24,2024-01-15,2024-01-17,2024-03-06,49,224.02,224.02,Clean-Paid,,False
665,98,21,38,10,2,In-Network,2023-24,2024-01-15,2024-01-16,2024-02-16,31,224.02,224.02,Clean-Paid,,False
666,71,20,28,4,4,In-Network,2023-24,2024-01-15,2024-01-18,2024-03-08,50,58.06,58.06,Clean-Paid,,False
667,1563,32,625,4,1,Out-of-Network,2023-24,2024-01-16,2024-01-17,2024-02-22,36,285.94,285.94,Clean-Paid,,False
668,66,20,27,4,4,In-Network,2023-24,2024-01-16,2024-01-18,2024-02-22,35,224.02,224.02,Clean-Paid,,False
669,1097,18,439,14,1,Out-of-Network,2023-24,2024-01-16,2024-01-17,2024-02-19,33,298.04,298.04,Clean-Paid,,False
670,1622,5,646,2,4,Out-of-Network,2023-24,2024-01-16,2024-01-19,2024-02-27,39,134.64,0.0,Denied,Missing X-Ray,False
671,809,17,318,4,5,In-Network,2023-24,2024-01-16,2024-01-18,2024-02-27,40,237.48,237.48,Clean-Paid,,False
672,543,20,215,11,4,In-Network,2023-24,2024-01-16,2024-01-17,2024-02-25,39,224.02,224.02,Clean-Paid,,False
673,1459,35,585,20,7,In-Network,2023-24,2024-01-17,2024-01-19,2024-02-14,26,192.82,192.82,Clean-Paid,,False
674,36,35,13,10,7,In-Network,2023-24,2024-01-18,2024-01-21,2024-02-19,29,139.17,139.17,Clean-Paid,,False
675,622,5,243,7,4,In-Network,2023-24,2024-01-18,2024-01-18,2024-03-05,47,178.15,0.0,Denied,Missing X-Ray,False
676,5,24,2,13,8,In-Network,2023-24,2024-01-18,2024-01-23,2024-02-25,33,95.07,95.07,Clean-Paid,,False
677,1430,22,572,13,6,In-Network,2023-24,2024-01-18,2024-01-20,2024-02-15,26,144.75,144.75,Clean-Paid,,False
678,1541,35,618,10,7,In-Network,2023-24,2024-01-19,2024-01-21,2024-03-04,43,224.02,224.02,Clean-Paid,,False
679,125,15,49,17,1,Out-of-Network,2023-24,2024-01-19,2024-01-20,2024-03-02,42,163.34,163.34,Clean-Paid,,False
680,985,11,389,1,5,In-Network,2023-24,2024-01-22,2024-01-23,2024-02-16,24,224.02,224.02,Clean-Paid,,False
681,1366,35,548,18,7,In-Network,2023-24,2024-01-22,2024-01-23,2024-03-06,43,311.64,0.0,Denied,Prior Auth Required,True
682,595,19,233,11,9,In-Network,2023-24,2024-01-22,2024-01-22,2024-03-11,49,127.74,127.74,Clean-Paid,,False
683,664,16,261,5,7,In-Network,2023-24,2024-01-22,2024-01-25,2024-02-24,30,729.71,729.71,Clean-Paid,,True
684,21,23,9,18,5,In-Network,2023-24,2024-01-22,2024-01-22,2024-02-26,35,192.82,192.82,Clean-Paid,,False
685,952,5,375,3,4,Out-of-Network,2023-24,2024-01-22,2024-01-27,2024-03-08,41,319.63,319.63,Clean-Paid,,False
686,1792,2,714,19,9,In-Network,2023-24,2024-01-22,2024-01-23,2024-03-08,45,501.18,0.0,Denied,Prior Auth Required,True
687,1179,29,471,3,5,In-Network,2023-24,2024-01-22,2024-01-22,2024-03-02,40,224.02,224.02,Clean-Paid,,False
688,1250,12,500,16,9,In-Network,2023-24,2024-01-22,2024-01-24,2024-03-11,47,64.1,64.1,Clean-Paid,,False
689,1273,31,511,12,2,In-Network,2023-24,2024-01-22,2024-01-25,2024-02-22,28,224.02,224.02,Clean-Paid,,False
690,1311,32,525,13,1,In-Network,2023-24,2024-01-22,2024-01-24,2024-03-05,41,352.68,352.68,Clean-Paid,,True
691,1400,25,560,3,9,In-Network,2023-24,2024-01-22,2024-01-25,2024-03-10,45,73.78,73.78,Clean-Paid,,False
692,1925,35,763,6,7,In-Network,2023-24,2024-01-22,2024-01-25,2024-02-22,28,224.02,224.02,Clean-Paid,,False
693,1976,25,780,12,9,In-Network,2023-24,2024-01-22,2024-01-27,2024-03-14,47,224.02,224.02,Clean-Paid,,False
694,1832,7,728,4,7,In-Network,2023-24,2024-01-22,2024-01-24,2024-02-29,36,203.54,203.54,Clean-Paid,,False
695,362,22,144,16,6,Out-of-Network,2023-24,2024-01-23,2024-01-23,2024-03-02,39,285.94,285.94,Clean-Paid,,False
696,480,21,194,17,2,In-Network,2023-24,2024-01-23,2024-01-26,2024-02-21,26,223.08,0.0,Denied,Coding Error,False
697,1364,35,548,18,7,In-Network,2023-24,2024-01-23,2024-01-25,2024-02-27,33,224.02,224.02,Clean-Paid,,False
698,765,27,300,19,9,In-Network,2023-24,2024-01-23,2024-01-23,2024-03-03,40,223.08,223.08,Clean-Paid,,False
699,272,1,109,5,4,In-Network,2023-24,2024-01-23,2024-01-27,2024-03-13,46,159.17,159.17,Clean-Paid,,False
700,1957,23,773,2,5,Out-of-Network,2023-24,2024-01-23,2024-01-25,2024-02-17,23,169.11,169.11,Clean-Paid,,False
701,1046,27,416,12,9,In-Network,2023-24,2024-01-24,2024-01-28,2024-03-08,40,224.02,0.0,Denied,Max Benefit Exceeded,False
702,1738,4,692,9,2,In-Network,2023-24,2024-01-24,2024-01-29,2024-03-04,35,223.08,223.08,Clean-Paid,,False
703,1386,6,556,2,8,In-Network,2023-24,2024-01-24,2024-01-24,2024-03-02,38,224.02,224.02,Clean-Paid,,False
704,788,34,310,3,2,In-Network,2023-24,2024-01-24,2024-01-26,2024-03-01,35,704.71,0.0,Denied,Prior Auth Required,True
705,1638,2,652,2,9,In-Network,2023-24,2024-01-24,2024-01-29,2024-03-24,55,224.02,224.02,Clean-Paid,,False
706,1286,24,517,20,8,In-Network,2023-24,2024-01-25,2024-01-25,2024-03-06,41,223.08,223.08,Clean-Paid,,False
707,655,21,259,15,2,In-Network,2023-24,2024-01-25,2024-01-28,2024-03-01,33,254.28,254.28,Clean-Paid,,False
708,671,16,264,12,7,In-Network,2023-24,2024-01-25,2024-01-25,2024-03-03,38,224.02,224.02,Clean-Paid,,False
709,339,1,137,20,4,In-Network,2023-24,2024-01-26,2024-01-29,2024-03-07,38,224.02,224.02,Clean-Paid,,False
710,244,32,96,3,1,In-Network,2023-24,2024-01-26,2024-01-30,2024-03-15,45,212.37,212.37,Clean-Paid,,False
711,1844,14,732,20,4,In-Network,2023-24,2024-01-26,2024-01-28,2024-03-17,49,15.07,15.07,Clean-Paid,,False
712,1254,35,502,20,7,In-Network,2023-24,2024-01-26,2024-01-26,2024-02-26,31,224.02,224.02,Clean-Paid,,False
713,1593,14,634,16,4,In-Network,2023-24,2024-01-26,2024-01-26,2024-02-28,33,199.17,199.17,Clean-Paid,,False
714,1853,8,736,9,1,Out-of-Network,2023-24,2024-01-29,2024-02-03,2024-03-18,44,21.42,0.0,Denied,Frequency Limit Exceeded,False
715,1802,3,718,13,1,In-Network,2023-24,2024-01-29,2024-01-31,2024-03-09,38,224.02,224.02,Clean-Paid,,False
716,689,29,270,20,5,In-Network,2023-24,2024-01-29,2024-01-31,2024-03-08,37,73.78,73.78,Clean-Paid,,False
717,1440,16,575,11,7,In-Network,2023-24,2024-01-29,2024-01-31,2024-03-01,30,163.54,163.54,Clean-Paid,,False
718,83,12,33,13,9,In-Network,2023-24,2024-01-29,2024-02-01,2024-03-14,42,224.02,224.02,Clean-Paid,,False
719,1105,27,442,9,9,In-Network,2023-24,2024-01-29,2024-02-02,2024-03-24,51,192.82,0.0,Denied,Missing X-Ray,False
720,601,8,235,1,1,In-Network,2023-24,2024-01-29,2024-02-02,2024-03-05,32,92.88,92.88,Clean-Paid,,False
721,515,6,204,1,8,In-Network,2023-24,2024-01-30,2024-02-01,2024-03-18,46,692.21,692.21,Clean-Paid,,True
722,414,32,165,1,1,In-Network,2023-24,2024-01-30,2024-01-30,2024-03-15,45,29.68,29.68,Clean-Paid,,False
723,73,20,29,12,4,Out-of-Network,2023-24,2024-01-30,2024-02-01,2024-03-18,46,285.94,0.0,Denied,Timely Filing Expired,False
724,470,1,190,13,4,In-Network,2023-24,2024-01-30,2024-02-01,2024-03-08,36,224.02,224.02,Clean-Paid,,False
725,48,21,19,14,2,In-Network,2023-24,2024-01-31,2024-02-04,2024-03-08,33,224.02,0.0,Denied,Missing X-Ray,False
726,841,5,333,13,4,In-Network,2023-24,2024-01-31,2024-02-02,2024-03-20,47,224.02,0.0,Denied,Missing X-Ray,False
727,1918,23,760,4,5,In-Network,2023-24,2024-02-01,2024-02-03,2024-02-29,26,813.65,0.0,Denied,Prior Auth Required,True
728,465,1,188,5,4,In-Network,2023-24,2024-02-01,2024-02-01,2024-03-07,35,224.02,224.02,Clean-Paid,,False
729,77,13,30,16,4,In-Network,2023-24,2024-02-01,2024-02-06,2024-03-17,40,526.18,526.18,Clean-Paid,,True
730,286,4,115,15,2,In-Network,2023-24,2024-02-01,2024-02-01,2024-03-12,40,254.28,0.0,Denied,Max Benefit Exceeded,False
731,356,32,142,4,1,Out-of-Network,2023-24,2024-02-01,2024-02-02,2024-03-22,49,188.93,188.93,Clean-Paid,,False
732,457,24,183,15,8,In-Network,2023-24,2024-02-01,2024-02-02,2024-03-13,40,192.82,192.82,Clean-Paid,,False
733,325,35,130,9,7,In-Network,2023-24,2024-02-02,2024-02-06,2024-03-18,41,224.02,224.02,Clean-Paid,,False
734,1796,7,715,12,7,In-Network,2023-24,2024-02-02,2024-02-04,2024-03-05,30,278.97,278.97,Clean-Paid,,False
735,1228,16,492,16,7,In-Network,2023-24,2024-02-02,2024-02-03,2024-03-04,30,359.12,359.12,Clean-Paid,,True
736,645,32,253,15,1,In-Network,2023-24,2024-02-02,2024-02-04,2024-03-19,44,224.02,224.02,Clean-Paid,,False
737,614,5,240,10,4,In-Network,2023-24,2024-02-05,2024-02-05,2024-03-26,50,224.02,224.02,Clean-Paid,,False
738,1755,30,698,4,5,In-Network,2023-24,2024-02-05,2024-02-10,2024-03-09,28,48.47,0.0,Denied,Frequency Limit Exceeded,False
739,245,32,97,14,1,Out-of-Network,2023-24,2024-02-05,2024-02-05,2024-03-20,44,285.94,285.94,Clean-Paid,,False
740,1767,33,702,10,8,In-Network,2023-24,2024-02-05,2024-02-07,2024-03-13,35,311.64,0.0,Denied,Prior Auth Required,True
741,353,32,141,14,1,Out-of-Network,2023-24,2024-02-05,2024-02-07,2024-03-15,37,113.22,113.22,Clean-Paid,,False
742,580,9,229,11,6,Out-of-Network,2023-24,2024-02-05,2024-02-09,2024-03-05,25,285.94,285.94,Clean-Paid,,False
743,86,12,33,13,9,In-Network,2023-24,2024-02-05,2024-02-07,2024-03-27,49,112.9,112.9,Clean-Paid,,False
744,1883,16,748,7,7,In-Network,2023-24,2024-02-05,2024-02-06,2024-03-03,26,82.16,82.16,Clean-Paid,,False
745,477,21,192,10,2,In-Network,2023-24,2024-02-05,2024-02-07,2024-03-05,27,241.96,0.0,Denied,Prior Auth Required,False
746,293,4,118,17,2,In-Network,2023-24,2024-02-05,2024-02-05,2024-03-19,43,192.82,192.82,Clean-Paid,,False
747,1898,31,753,5,2,In-Network,2023-24,2024-02-06,2024-02-10,2024-03-16,35,168.0,168.0,Clean-Paid,,False
748,872,29,346,3,5,In-Network,2023-24,2024-02-06,2024-02-07,2024-03-17,39,224.02,224.02,Clean-Paid,,False
749,1190,29,475,6,5,In-Network,2023-24,2024-02-06,2024-02-06,2024-03-17,40,223.08,223.08,Clean-Paid,,False
750,1552,32,621,5,1,In-Network,2023-24,2024-02-06,2024-02-09,2024-03-21,41,138.15,138.15,Clean-Paid,,False
751,458,8,184,5,1,In-Network,2023-24,2024-02-06,2024-02-07,2024-03-20,42,224.02,0.0,Denied,Frequency Limit Exceeded,False
752,698,29,273,18,5,In-Network,2023-24,2024-02-06,2024-02-06,2024-03-05,28,183.54,183.54,Clean-Paid,,False
753,1506,14,605,20,4,In-Network,2023-24,2024-02-06,2024-02-06,2024-03-17,40,224.02,0.0,Denied,Frequency Limit Exceeded,False
754,1580,20,630,20,4,In-Network,2023-24,2024-02-06,2024-02-11,2024-03-16,34,224.02,0.0,Denied,Frequency Limit Exceeded,False
755,1614,9,643,13,6,In-Network,2023-24,2024-02-07,2024-02-11,2024-03-05,23,64.1,64.1,Clean-Paid,,False
756,1504,14,604,4,4,In-Network,2023-24,2024-02-07,2024-02-11,2024-04-01,50,172.57,172.57,Clean-Paid,,False
757,1278,31,513,3,2,In-Network,2023-24,2024-02-07,2024-02-09,2024-03-11,31,224.02,224.02,Clean-Paid,,False
758,1667,9,663,18,6,In-Network,2023-24,2024-02-07,2024-02-12,2024-03-21,38,252.37,252.37,Clean-Paid,,False
759,923,13,366,20,4,In-Network,2023-24,2024-02-07,2024-02-11,2024-03-23,41,704.71,704.71,Clean-Paid,,True
760,1314,32,526,19,1,Out-of-Network,2023-24,2024-02-07,2024-02-11,2024-03-28,46,189.11,189.11,Clean-Paid,,False
761,1665,6,662,17,8,In-Network,2023-24,2024-02-07,2024-02-09,2024-03-13,33,493.06,493.06,Clean-Paid,,True
762,786,34,310,3,2,In-Network,2023-24,2024-02-07,2024-02-12,2024-03-11,28,223.08,223.08,Clean-Paid,,False
763,954,19,376,12,9,In-Network,2023-24,2024-02-07,2024-02-12,2024-04-06,54,224.02,224.02,Clean-Paid,,False
764,317,22,127,3,6,In-Network,2023-24,2024-02-08,2024-02-13,2024-03-21,37,192.82,0.0,Denied,Coding Error,False
765,599,8,234,20,1,Out-of-Network,2023-24,2024-02-09,2024-02-12,2024-03-23,40,21.24,21.24,Clean-Paid,,False
766,1561,32,624,6,1,In-Network,2023-24,2024-02-09,2024-02-11,2024-03-17,35,212.37,212.37,Clean-Paid,,False
767,914,29,363,1,5,In-Network,2023-24,2024-02-09,2024-02-13,2024-03-15,31,223.08,0.0,Denied,Coding Error,False
768,1595,35,635,13,7,In-Network,2023-24,2024-02-12,2024-02-17,2024-03-19,31,224.02,224.02,Clean-Paid,,False
769,866,6,343,19,8,In-Network,2023-24,2024-02-12,2024-02-17,2024-03-19,31,139.17,139.17,Clean-Paid,,False
770,1414,25,567,8,9,In-Network,2023-24,2024-02-12,2024-02-17,2024-03-31,43,224.02,224.02,Clean-Paid,,False
771,1194,28,477,20,3,In-Network,2023-24,2024-02-12,2024-02-16,2024-03-09,22,224.02,224.02,Clean-Paid,,False
772,835,9,330,6,6,In-Network,2023-24,2024-02-12,2024-02-14,2024-03-12,27,243.54,243.54,Clean-Paid,,False
773,1708,25,679,6,9,In-Network,2023-24,2024-02-12,2024-02-15,2024-03-31,45,192.37,192.37,Clean-Paid,,False
774,350,32,141,14,1,Out-of-Network,2023-24,2024-02-12,2024-02-14,2024-03-28,43,285.94,285.94,Clean-Paid,,False
775,65,21,26,19,2,In-Network,2023-24,2024-02-12,2024-02-13,2024-03-17,33,103.9,103.9,Clean-Paid,,False
776,1819,28,723,4,3,In-Network,2023-24,2024-02-12,2024-02-13,2024-03-06,22,238.97,238.97,Clean-Paid,,False
777,1327,31,531,14,2,In-Network,2023-24,2024-02-12,2024-02-12,2024-03-16,33,224.02,224.02,Clean-Paid,,False
778,1421,17,569,2,5,Out-of-Network,2023-24,2024-02-12,2024-02-15,2024-03-20,34,285.94,285.94,Clean-Paid,,False
779,979,11,386,15,5,In-Network,2023-24,2024-02-12,2024-02-13,2024-03-20,36,224.02,224.02,Clean-Paid,,False
780,958,19,377,7,9,In-Network,2023-24,2024-02-12,2024-02-12,2024-03-22,39,199.17,199.17,Clean-Paid,,False
781,1325,31,530,12,2,In-Network,2023-24,2024-02-12,2024-02-14,2024-03-24,39,133.78,0.0,Denied,Prior Auth Required,False
782,731,10,285,12,9,In-Network,2023-24,2024-02-12,2024-02-14,2024-03-23,38,224.02,224.02,Clean-Paid,,False
783,1649,20,656,15,4,In-Network,2023-24,2024-02-13,2024-02-14,2024-03-27,42,224.02,224.02,Clean-Paid,,False
784,944,5,372,20,4,In-Network,2023-24,2024-02-13,2024-02-17,2024-04-03,46,535.12,0.0,Denied,Prior Auth Required,True
785,1477,31,595,18,2,In-Network,2023-24,2024-02-13,2024-02-16,2024-03-13,26,224.02,224.02,Clean-Paid,,False
786,429,17,170,2,5,Out-of-Network,2023-24,2024-02-13,2024-02-14,2024-03-16,31,53.22,53.22,Clean-Paid,,False
787,1974,22,779,10,6,In-Network,2023-24,2024-02-13,2024-02-16,2024-03-19,32,181.96,181.96,Clean-Paid,,False
788,25,35,10,8,7,In-Network,2023-24,2024-02-14,2024-02-15,2024-03-25,39,224.02,0.0,Denied,Timely Filing Expired,False
789,1817,28,723,4,3,In-Network,2023-24,2024-02-14,2024-02-16,2024-03-18,31,192.82,192.82,Clean-Paid,,False
790,898,12,356,16,9,In-Network,2023-24,2024-02-15,2024-02-16,2024-04-10,54,224.02,224.02,Clean-Paid,,False
791,1858,8,738,4,1,Out-of-Network,2023-24,2024-02-15,2024-02-15,2024-04-04,49,871.47,871.47,Clean-Paid,,True
792,917,13,364,16,4,In-Network,2023-24,2024-02-15,2024-02-18,2024-03-31,42,224.02,224.02,Clean-Paid,,False
793,1745,8,695,16,1,Out-of-Network,2023-24,2024-02-15,2024-02-19,2024-03-24,34,285.94,285.94,Clean-Paid,,False
794,1409,25,565,11,9,In-Network,2023-24,2024-02-16,2024-02-20,2024-04-12,52,38.06,38.06,Clean-Paid,,False
795,530,9,209,18,6,In-Network,2023-24,2024-02-19,2024-02-23,2024-03-31,37,137.97,0.0,Denied,Max Benefit Exceeded,False
796,1859,8,738,4,1,Out-of-Network,2023-24,2024-02-19,2024-02-23,2024-03-30,36,128.53,0.0,Denied,Max Benefit Exceeded,False
797,1602,9,639,7,6,In-Network,2023-24,2024-02-19,2024-02-20,2024-03-19,28,224.02,224.02,Clean-Paid,,False
798,1625,5,647,18,4,In-Network,2023-24,2024-02-19,2024-02-20,2024-03-27,36,63.74,63.74,Clean-Paid,,False
799,912,29,361,11,5,In-Network,2023-24,2024-02-19,2024-02-19,2024-03-16,26,340.18,0.0,Denied,Prior Auth Required,True
800,505,3,202,14,1,Out-of-Network,2023-24,2024-02-19,2024-02-20,2024-03-28,37,298.04,298.04,Clean-Paid,,False
801,29,35,11,17,7,In-Network,2023-24,2024-02-19,2024-02-20,2024-03-19,28,208.0,208.0,Clean-Paid,,False
802,390,29,154,8,5,In-Network,2023-24,2024-02-19,2024-02-22,2024-03-25,32,254.28,254.28,Clean-Paid,,False
803,1686,25,670,16,9,In-Network,2023-24,2024-02-19,2024-02-19,2024-04-10,51,112.57,112.57,Clean-Paid,,False
804,568,21,224,19,2,In-Network,2023-24,2024-02-19,2024-02-21,2024-04-02,41,254.28,0.0,Denied,Frequency Limit Exceeded,False
805,1629,5,649,2,4,Out-of-Network,2023-24,2024-02-19,2024-02-20,2024-04-07,47,359.54,0.0,Denied,Timely Filing Expired,False
806,1869,6,743,15,8,In-Network,2023-24,2024-02-20,2024-02-23,2024-04-05,42,192.82,0.0,Denied,Frequency Limit Exceeded,False
807,690,29,270,20,5,In-Network,2023-24,2024-02-20,2024-02-21,2024-03-29,37,461.62,461.62,Clean-Paid,,True
808,1691,2,672,16,9,In-Network,2023-24,2024-02-20,2024-02-21,2024-04-15,54,224.02,224.02,Clean-Paid,,False
809,1751,30,697,1,5,In-Network,2023-24,2024-02-20,2024-02-20,2024-03-28,37,102.16,102.16,Clean-Paid,,False
810,1136,12,454,17,9,In-Network,2023-24,2024-02-20,2024-02-21,2024-04-11,50,98.06,98.06,Clean-Paid,,False
811,1588,14,632,1,4,In-Network,2023-24,2024-02-21,2024-02-22,2024-04-07,45,64.1,64.1,Clean-Paid,,False
812,15,16,6,15,7,In-Network,2023-24,2024-02-21,2024-02-24,2024-03-24,29,192.82,192.82,Clean-Paid,,False
813,2006,32,793,14,1,Out-of-Network,2023-24,2024-02-21,2024-02-24,2024-03-27,32,285.94,285.94,Clean-Paid,,False
814,1011,30,399,7,5,In-Network,2023-24,2024-02-22,2024-02-26,2024-04-01,35,192.82,192.82,Clean-Paid,,False
815,1091,18,437,10,1,In-Network,2023-24,2024-02-22,2024-02-27,2024-04-11,44,192.82,192.82,Clean-Paid,,False
816,856,28,339,20,3,In-Network,2023-24,2024-02-22,2024-02-24,2024-03-26,31,224.02,224.02,Clean-Paid,,False
817,101,21,38,10,2,In-Network,2023-24,2024-02-22,2024-02-22,2024-04-04,42,409.12,409.12,Clean-Paid,,True
818,1947,26,770,6,4,In-Network,2023-24,2024-02-22,2024-02-26,2024-03-30,33,199.17,199.17,Clean-Paid,,False
819,1341,15,537,8,1,In-Network,2023-24,2024-02-23,2024-02-28,2024-03-31,32,224.02,224.02,Clean-Paid,,False
820,1192,28,476,15,3,In-Network,2023-24,2024-02-26,2024-02-28,2024-03-30,31,224.02,224.02,Clean-Paid,,False
821,716,3,280,5,1,In-Network,2023-24,2024-02-26,2024-03-02,2024-04-09,38,224.02,224.02,Clean-Paid,,False
822,439,32,175,10,1,In-Network,2023-24,2024-02-26,2024-02-26,2024-04-08,42,224.02,224.02,Clean-Paid,,False
823,665,16,262,18,7,In-Network,2023-24,2024-02-26,2024-03-01,2024-04-03,33,224.02,224.02,Clean-Paid,,False
824,1975,22,779,10,6,In-Network,2023-24,2024-02-26,2024-03-01,2024-04-08,38,71.88,0.0,Denied,Missing X-Ray,False
825,863,6,342,16,8,In-Network,2023-24,2024-02-26,2024-03-02,2024-04-04,33,224.02,224.02,Clean-Paid,,False
826,1687,2,671,16,9,In-Network,2023-24,2024-02-26,2024-02-28,2024-04-18,50,224.02,224.02,Clean-Paid,,False
827,91,21,35,9,2,In-Network,2023-24,2024-02-26,2024-02-26,2024-03-27,30,212.37,212.37,Clean-Paid,,False
828,1721,27,685,16,9,In-Network,2023-24,2024-02-26,2024-02-27,2024-04-15,48,224.02,224.02,Clean-Paid,,False
829,747,9,291,19,6,Out-of-Network,2023-24,2024-02-26,2024-03-02,2024-03-25,23,21.24,21.24,Clean-Paid,,False
830,1057,10,419,5,9,In-Network,2023-24,2024-02-26,2024-02-28,2024-04-06,38,224.02,224.02,Clean-Paid,,False
831,997,4,393,9,2,In-Network,2023-24,2024-02-26,2024-02-26,2024-04-08,42,560.12,0.0,Denied,Prior Auth Required,True
832,1061,10,420,4,9,In-Network,2023-24,2024-02-26,2024-02-29,2024-04-21,52,254.28,0.0,Denied,Max Benefit Exceeded,False
833,1757,33,699,20,8,In-Network,2023-24,2024-02-26,2024-03-02,2024-04-07,36,107.74,0.0,Denied,Missing X-Ray,False
834,1187,29,474,9,5,Out-of-Network,2023-24,2024-02-26,2024-02-28,2024-03-24,25,298.04,298.04,Clean-Paid,,False
835,1022,18,404,11,1,Out-of-Network,2023-24,2024-02-26,2024-02-29,2024-04-15,46,120.91,0.0,Denied,Timely Filing Expired,False
836,320,22,128,16,6,Out-of-Network,2023-24,2024-02-26,2024-02-27,2024-04-01,34,298.04,298.04,Clean-Paid,,False
837,596,8,234,20,1,Out-of-Network,2023-24,2024-02-27,2024-03-01,2024-04-19,49,285.94,0.0,Denied,Missing X-Ray,False
838,1970,15,777,19,1,Out-of-Network,2023-24,2024-02-27,2024-02-27,2024-04-10,43,285.94,285.94,Clean-Paid,,False
839,1836,7,729,5,7,In-Network,2023-24,2024-02-27,2024-02-29,2024-04-12,43,103.9,103.9,Clean-Paid,,False
840,7,10,3,9,9,In-Network,2023-24,2024-02-27,2024-03-01,2024-04-25,55,224.02,0.0,Denied,Prior Auth Required,False
841,771,27,302,16,9,In-Network,2023-24,2024-02-28,2024-03-03,2024-04-20,48,254.28,254.28,Clean-Paid,,False
842,223,26,88,13,4,In-Network,2023-24,2024-02-28,2024-02-28,2024-04-05,37,267.74,0.0,Denied,Frequency Limit Exceeded,False
843,1830,7,727,17,7,In-Network,2023-24,2024-02-28,2024-02-28,2024-03-26,27,201.96,201.96,Clean-Paid,,False
844,226,26,88,13,4,In-Network,2023-24,2024-02-28,2024-03-03,2024-04-05,33,204.75,204.75,Clean-Paid,,False
845,1413,25,566,14,9,In-Network,2023-24,2024-02-28,2024-03-01,2024-04-13,43,153.58,153.58,Clean-Paid,,False
846,956,19,377,7,9,In-Network,2023-24,2024-02-29,2024-03-05,2024-04-24,50,224.02,224.02,Clean-Paid,,False
847,192,34,73,10,2,In-Network,2023-24,2024-03-01,2024-03-01,2024-03-27,26,103.9,103.9,Clean-Paid,,False
848,1519,14,609,6,4,In-Network,2023-24,2024-03-01,2024-03-04,2024-04-23,50,64.1,0.0,Denied,Prior Auth Required,False
849,1671,9,664,11,6,Out-of-Network,2023-24,2024-03-01,2024-03-05,2024-04-02,28,190.17,190.17,Clean-Paid,,False
850,1828,7,726,5,7,In-Network,2023-24,2024-03-04,2024-03-04,2024-04-11,38,103.96,103.96,Clean-Paid,,False
851,1633,5,650,10,4,In-Network,2023-24,2024-03-04,2024-03-07,2024-04-16,40,0.0,0.0,Clean-Paid,,False
852,1863,6,740,18,8,In-Network,2023-24,2024-03-04,2024-03-09,2024-04-23,45,138.45,0.0,Denied,Prior Auth Required,False
853,1113,35,445,6,7,In-Network,2023-24,2024-03-04,2024-03-09,2024-04-08,30,267.74,267.74,Clean-Paid,,False
854,1334,31,534,3,2,In-Network,2023-24,2024-03-04,2024-03-07,2024-04-04,28,224.02,224.02,Clean-Paid,,False
855,1833,7,729,5,7,In-Network,2023-24,2024-03-04,2024-03-04,2024-04-06,33,224.02,224.02,Clean-Paid,,False
856,85,12,33,13,9,In-Network,2023-24,2024-03-04,2024-03-07,2024-04-14,38,663.08,663.08,Clean-Paid,,True
857,1283,24,514,9,8,In-Network,2023-24,2024-03-04,2024-03-08,2024-04-21,44,138.45,138.45,Clean-Paid,,False
858,840,9,332,15,6,In-Network,2023-24,2024-03-04,2024-03-08,2024-04-09,32,0.0,0.0,Clean-Paid,,False
859,1423,17,569,2,5,Out-of-Network,2023-24,2024-03-04,2024-03-08,2024-04-06,29,136.95,136.95,Clean-Paid,,False
860,1960,23,774,19,5,In-Network,2023-24,2024-03-04,2024-03-09,2024-04-01,23,112.57,112.57,Clean-Paid,,False
861,495,9,198,5,6,In-Network,2023-24,2024-03-04,2024-03-08,2024-04-05,28,133.78,0.0,Denied,Missing X-Ray,False
862,1843,14,732,20,4,In-Network,2023-24,2024-03-04,2024-03-04,2024-04-14,41,199.17,199.17,Clean-Paid,,False
863,1025,10,407,19,9,In-Network,2023-24,2024-03-04,2024-03-06,2024-04-23,48,224.02,224.02,Clean-Paid,,False
864,370,25,147,5,9,In-Network,2023-24,2024-03-04,2024-03-06,2024-04-29,54,144.75,144.75,Clean-Paid,,False
865,1623,5,647,18,4,In-Network,2023-24,2024-03-04,2024-03-05,2024-04-08,34,224.02,224.02,Clean-Paid,,False
866,42,8,15,19,1,Out-of-Network,2023-24,2024-03-04,2024-03-09,2024-04-20,42,714.06,714.06,Clean-Paid,,True
867,1145,12,457,9,9,In-Network,2023-24,2024-03-05,2024-03-06,2024-04-16,41,98.06,98.06,Clean-Paid,,False
868,1130,22,451,9,6,Out-of-Network,2023-24,2024-03-05,2024-03-07,2024-04-02,26,81.24,81.24,Clean-Paid,,False
869,1901,31,754,12,2,In-Network,2023-24,2024-03-05,2024-03-05,2024-04-16,42,137.51,137.51,Clean-Paid,,False
870,875,29,347,14,5,In-Network,2023-24,2024-03-05,2024-03-06,2024-04-14,39,69.68,69.68,Clean-Paid,,False
871,1490,11,600,2,5,Out-of-Network,2023-24,2024-03-05,2024-03-09,2024-04-06,28,285.94,0.0,Denied,Missing X-Ray,False
872,1382,15,554,9,1,Out-of-Network,2023-24,2024-03-05,2024-03-06,2024-04-12,37,191.36,191.36,Clean-Paid,,False
873,338,1,136,6,4,In-Network,2023-24,2024-03-06,2024-03-07,2024-04-21,45,224.02,224.02,Clean-Paid,,False
874,1777,24,706,1,8,In-Network,2023-24,2024-03-07,2024-03-12,2024-04-13,32,192.82,192.82,Clean-Paid,,False
875,1743,8,694,16,1,Out-of-Network,2023-24,2024-03-07,2024-03-12,2024-04-15,34,285.94,0.0,Denied,Coverage Terminated,False
876,1559,32,624,6,1,In-Network,2023-24,2024-03-07,2024-03-10,2024-04-22,43,224.02,224.02,Clean-Paid,,False
877,816,17,321,19,5,In-Network,2023-24,2024-03-07,2024-03-11,2024-04-08,28,224.02,224.02,Clean-Paid,,False
878,372,25,148,14,9,In-Network,2023-24,2024-03-07,2024-03-12,2024-04-29,48,224.02,224.02,Clean-Paid,,False
879,1259,35,504,18,7,In-Network,2023-24,2024-03-08,2024-03-12,2024-04-16,35,148.0,148.0,Clean-Paid,,False
880,397,22,158,16,6,Out-of-Network,2023-24,2024-03-08,2024-03-12,2024-04-21,40,169.11,169.11,Clean-Paid,,False
881,413,32,165,1,1,In-Network,2023-24,2024-03-08,2024-03-10,2024-04-17,38,138.45,138.45,Clean-Paid,,False
882,1744,8,694,16,1,Out-of-Network,2023-24,2024-03-08,2024-03-13,2024-04-14,32,178.82,0.0,Denied,Prior Auth Required,False
883,1420,17,568,1,5,In-Network,2023-24,2024-03-08,2024-03-08,2024-04-01,24,48.47,48.47,Clean-Paid,,False
884,544,20,215,11,4,In-Network,2023-24,2024-03-11,2024-03-15,2024-04-29,45,138.45,138.45,Clean-Paid,,False
885,146,30,57,9,5,Out-of-Network,2023-24,2024-03-11,2024-03-11,2024-04-16,36,630.52,0.0,Denied,Prior Auth Required,True
886,38,8,14,2,1,Out-of-Network,2023-24,2024-03-11,2024-03-16,2024-04-22,37,488.38,488.38,Clean-Paid,,True
887,1973,22,778,11,6,Out-of-Network,2023-24,2024-03-11,2024-03-16,2024-04-19,34,222.66,0.0,Denied,Prior Auth Required,False
888,827,34,326,10,2,In-Network,2023-24,2024-03-11,2024-03-15,2024-04-19,35,58.94,58.94,Clean-Paid,,False
889,1354,18,544,12,1,In-Network,2023-24,2024-03-11,2024-03-12,2024-04-16,35,224.02,224.02,Clean-Paid,,False
890,1606,9,640,15,6,In-Network,2023-24,2024-03-11,2024-03-11,2024-04-08,28,23.9,23.9,Clean-Paid,,False
891,149,3,59,6,1,In-Network,2023-24,2024-03-11,2024-03-12,2024-04-15,34,224.02,224.02,Clean-Paid,,False
892,1714,27,682,2,9,In-Network,2023-24,2024-03-11,2024-03-14,2024-04-22,39,224.02,224.02,Clean-Paid,,False
893,118,30,46,7,5,In-Network,2023-24,2024-03-11,2024-03-14,2024-04-13,30,455.56,455.56,Clean-Paid,,True
894,536,21,211,18,2,In-Network,2023-24,2024-03-11,2024-03-15,2024-04-12,28,243.54,0.0,Denied,Frequency Limit Exceeded,False
895,1000,30,395,16,5,In-Network,2023-24,2024-03-11,2024-03-14,2024-04-23,40,138.45,138.45,Clean-Paid,,False
896,1389,6,556,2,8,In-Network,2023-24,2024-03-11,2024-03-12,2024-04-19,38,83.9,83.9,Clean-Paid,,False
897,886,9,351,14,6,Out-of-Network,2023-24,2024-03-11,2024-03-12,2024-04-16,35,178.82,178.82,Clean-Paid,,False
898,234,13,92,6,4,In-Network,2023-24,2024-03-11,2024-03-11,2024-04-23,43,192.82,0.0,Denied,Missing X-Ray,False
899,1545,35,619,18,7,In-Network,2023-24,2024-03-11,2024-03-15,2024-04-12,28,192.82,192.82,Clean-Paid,,False
900,1514,14,608,10,4,In-Network,2023-24,2024-03-12,2024-03-13,2024-04-17,35,158.97,158.97,Clean-Paid,,False
901,1328,31,531,14,2,In-Network,2023-24,2024-03-12,2024-03-15,2024-04-19,35,93.78,93.78,Clean-Paid,,False
902,318,22,127,3,6,In-Network,2023-24,2024-03-12,2024-03-13,2024-04-16,34,137.51,137.51,Clean-Paid,,False
903,502,3,200,11,1,Out-of-Network,2023-24,2024-03-12,2024-03-12,2024-04-16,35,115.69,115.69,Clean-Paid,,False
904,1216,1,487,9,4,Out-of-Network,2023-24,2024-03-12,2024-03-12,2024-05-01,50,190.92,190.92,Clean-Paid,,False
905,1612,9,643,13,6,In-Network,2023-24,2024-03-12,2024-03-14,2024-04-07,24,224.02,224.02,Clean-Paid,,False
906,1719,27,684,14,9,In-Network,2023-24,2024-03-12,2024-03-16,2024-04-23,38,274.14,0.0,Denied,Prior Auth Required,True
907,1059,10,419,5,9,In-Network,2023-24,2024-03-13,2024-03-16,2024-05-05,50,173.13,173.13,Clean-Paid,,False
908,581,9,229,11,6,Out-of-Network,2023-24,2024-03-13,2024-03-16,2024-04-19,34,178.82,178.82,Clean-Paid,,False
909,1434,22,574,10,6,In-Network,2023-24,2024-03-13,2024-03-15,2024-04-17,33,224.02,224.02,Clean-Paid,,False
910,1809,3,720,2,1,Out-of-Network,2023-24,2024-03-14,2024-03-17,2024-04-25,39,228.93,228.93,Clean-Paid,,False
911,315,22,126,16,6,Out-of-Network,2023-24,2024-03-14,2024-03-16,2024-04-24,39,285.94,285.94,Clean-Paid,,False
912,1010,30,398,8,5,In-Network,2023-24,2024-03-14,2024-03-19,2024-04-23,35,692.21,0.0,Denied,Prior Auth Required,True
913,442,32,176,4,1,Out-of-Network,2023-24,2024-03-15,2024-03-20,2024-05-06,47,285.94,285.94,Clean-Paid,,False
914,156,3,62,12,1,In-Network,2023-24,2024-03-15,2024-03-19,2024-05-01,43,224.02,224.02,Clean-Paid,,False
915,662,16,261,5,7,In-Network,2023-24,2024-03-15,2024-03-20,2024-05-02,43,138.45,138.45,Clean-Paid,,False
916,1234,21,495,10,2,In-Network,2023-24,2024-03-15,2024-03-19,2024-04-26,38,224.02,224.02,Clean-Paid,,False
917,1766,33,702,10,8,In-Network,2023-24,2024-03-15,2024-03-20,2024-05-02,43,133.78,133.78,Clean-Paid,,False
918,1768,33,703,10,8,In-Network,2023-24,2024-03-15,2024-03-17,2024-04-16,30,223.08,223.08,Clean-Paid,,False
919,197,34,75,19,2,In-Network,2023-24,2024-03-15,2024-03-19,2024-04-14,26,142.88,142.88,Clean-Paid,,False
920,288,4,116,16,2,In-Network,2023-24,2024-03-15,2024-03-19,2024-04-20,32,224.02,0.0,Denied,Max Benefit Exceeded,False
921,186,3,71,20,1,Out-of-Network,2023-24,2024-03-15,2024-03-18,2024-05-02,45,178.82,178.82,Clean-Paid,,False
922,560,21,220,7,2,In-Network,2023-24,2024-03-18,2024-03-23,2024-04-28,36,122.16,122.16,Clean-Paid,,False
923,1008,30,398,8,5,In-Network,2023-24,2024-03-18,2024-03-19,2024-04-20,32,224.02,224.02,Clean-Paid,,False
924,134,15,52,19,1,Out-of-Network,2023-24,2024-03-18,2024-03-19,2024-05-03,45,285.94,0.0,Denied,Coverage Terminated,False
925,224,26,88,13,4,In-Network,2023-24,2024-03-18,2024-03-20,2024-05-09,50,107.25,107.25,Clean-Paid,,False
926,388,29,153,20,5,In-Network,2023-24,2024-03-18,2024-03-21,2024-04-23,33,102.16,102.16,Clean-Paid,,False
927,1659,6,660,4,8,In-Network,2023-24,2024-03-18,2024-03-18,2024-04-30,43,224.02,224.02,Clean-Paid,,False
928,1368,35,549,15,7,In-Network,2023-24,2024-03-18,2024-03-20,2024-04-29,40,395.58,0.0,Denied,Prior Auth Required,True
929,562,21,221,3,2,In-Network,2023-24,2024-03-18,2024-03-19,2024-04-22,34,138.15,138.15,Clean-Paid,,False
930,1711,25,680,20,9,In-Network,2023-24,2024-03-18,2024-03-18,2024-04-27,40,75.07,75.07,Clean-Paid,,False
931,1739,4,693,12,2,In-Network,2023-24,2024-03-18,2024-03-18,2024-04-28,41,223.08,0.0,Denied,Coding Error,False
932,1879,16,747,15,7,In-Network,2023-24,2024-03-18,2024-03-23,2024-04-24,32,87.74,87.74,Clean-Paid,,False
933,756,33,296,15,8,In-Network,2023-24,2024-03-18,2024-03-20,2024-05-04,45,192.82,192.82,Clean-Paid,,False
934,1219,16,489,13,7,In-Network,2023-24,2024-03-18,2024-03-20,2024-04-19,30,224.02,224.02,Clean-Paid,,False
935,1675,10,667,15,9,In-Network,2023-24,2024-03-18,2024-03-19,2024-04-27,39,223.08,223.08,Clean-Paid,,False
936,1065,10,421,18,9,In-Network,2023-24,2024-03-18,2024-03-18,2024-05-04,47,102.16,102.16,Clean-Paid,,False
937,285,4,114,1,2,In-Network,2023-24,2024-03-19,2024-03-20,2024-04-27,38,0.0,0.0,Denied,Frequency Limit Exceeded,False
938,132,15,51,15,1,In-Network,2023-24,2024-03-19,2024-03-19,2024-04-22,34,143.9,143.9,Clean-Paid,,False
939,1864,6,740,18,8,In-Network,2023-24,2024-03-19,2024-03-22,2024-05-01,40,135.07,135.07,Clean-Paid,,False
940,291,4,116,16,2,In-Network,2023-24,2024-03-19,2024-03-20,2024-04-30,41,108.47,108.47,Clean-Paid,,False
941,881,29,349,1,5,In-Network,2023-24,2024-03-20,2024-03-24,2024-04-22,29,138.45,138.45,Clean-Paid,,False
942,161,3,63,10,1,In-Network,2023-24,2024-03-20,2024-03-20,2024-04-22,33,132.57,132.57,Clean-Paid,,False
943,1509,14,606,17,4,In-Network,2023-24,2024-03-20,2024-03-23,2024-04-29,37,267.74,267.74,Clean-Paid,,False
944,346,32,139,13,1,In-Network,2023-24,2024-03-20,2024-03-24,2024-05-06,43,107.25,107.25,Clean-Paid,,False
945,1407,25,565,11,9,In-Network,2023-24,2024-03-20,2024-03-21,2024-05-03,43,224.02,224.02,Clean-Paid,,False
946,867,6,344,19,8,In-Network,2023-24,2024-03-20,2024-03-24,2024-04-22,29,267.74,267.74,Clean-Paid,,False
947,1020,18,404,11,1,Out-of-Network,2023-24,2024-03-21,2024-03-22,2024-05-08,47,285.94,285.94,Clean-Paid,,False
948,1634,2,651,6,9,In-Network,2023-24,2024-03-21,2024-03-21,2024-05-04,44,224.02,224.02,Clean-Paid,,False
949,218,26,85,15,4,In-Network,2023-24,2024-03-21,2024-03-23,2024-04-25,33,58.06,58.06,Clean-Paid,,False
950,1365,35,548,18,7,In-Network,2023-24,2024-03-21,2024-03-23,2024-05-04,42,138.45,0.0,Denied,Max Benefit Exceeded,False
951,1275,31,511,12,2,In-Network,2023-24,2024-03-21,2024-03-22,2024-05-01,40,159.17,159.17,Clean-Paid,,False
952,579,21,228,19,2,In-Network,2023-24,2024-03-22,2024-03-23,2024-05-04,42,103.9,103.9,Clean-Paid,,False
953,1249,12,500,16,9,In-Network,2023-24,2024-03-22,2024-03-24,2024-05-06,43,208.0,208.0,Clean-Paid,,False
954,213,26,84,11,4,In-Network,2023-24,2024-03-22,2024-03-22,2024-04-25,34,138.45,138.45,Clean-Paid,,False
955,1959,23,774,19,5,In-Network,2023-24,2024-03-22,2024-03-24,2024-04-19,26,254.28,254.28,Clean-Paid,,False
956,1706,25,679,6,9,In-Network,2023-24,2024-03-25,2024-03-30,2024-05-18,49,223.08,223.08,Clean-Paid,,False
957,539,21,212,18,2,In-Network,2023-24,2024-03-25,2024-03-30,2024-04-28,29,201.96,201.96,Clean-Paid,,False
958,1154,20,461,18,4,In-Network,2023-24,2024-03-25,2024-03-26,2024-05-14,49,212.37,212.37,Clean-Paid,,False
959,855,28,338,4,3,In-Network,2023-24,2024-03-25,2024-03-26,2024-04-21,26,436.62,436.62,Clean-Paid,,True
960,1307,27,524,4,9,In-Network,2023-24,2024-03-25,2024-03-27,2024-05-11,45,654.71,654.71,Clean-Paid,,True
961,14,16,5,6,7,In-Network,2023-24,2024-03-25,2024-03-29,2024-05-01,33,224.02,224.02,Clean-Paid,,False
962,1171,31,468,18,2,In-Network,2023-24,2024-03-25,2024-03-25,2024-04-30,36,138.45,138.45,Clean-Paid,,False
963,1412,25,566,14,9,In-Network,2023-24,2024-03-25,2024-03-25,2024-05-18,54,433.08,433.08,Clean-Paid,,True
964,953,5,375,3,4,Out-of-Network,2023-24,2024-03-25,2024-03-25,2024-05-09,45,151.01,151.01,Clean-Paid,,False
965,724,3,282,11,1,Out-of-Network,2023-24,2024-03-25,2024-03-27,2024-05-14,48,229.11,229.11,Clean-Paid,,False
966,1262,16,506,12,7,In-Network,2023-24,2024-03-25,2024-03-28,2024-04-23,26,224.02,224.02,Clean-Paid,,False
967,307,3,123,17,1,Out-of-Network,2023-24,2024-03-25,2024-03-26,2024-04-29,34,126.56,126.56,Clean-Paid,,False
968,1201,12,480,5,9,In-Network,2023-24,2024-03-25,2024-03-30,2024-05-21,52,223.08,223.08,Clean-Paid,,False
969,2004,31,791,5,2,In-Network,2023-24,2024-03-25,2024-03-28,2024-05-08,41,132.57,132.57,Clean-Paid,,False
970,1498,11,602,12,5,In-Network,2023-24,2024-03-25,2024-03-25,2024-04-20,26,137.51,137.51,Clean-Paid,,False
971,1165,31,466,16,2,In-Network,2023-24,2024-03-25,2024-03-30,2024-05-12,43,173.58,173.58,Clean-Paid,,False
972,1885,16,749,18,7,In-Network,2023-24,2024-03-25,2024-03-25,2024-05-03,39,208.0,208.0,Clean-Paid,,False
973,897,9,355,16,6,Out-of-Network,2023-24,2024-03-26,2024-03-28,2024-05-05,38,21.42,21.42,Clean-Paid,,False
974,521,14,206,9,4,Out-of-Network,2023-24,2024-03-26,2024-03-28,2024-05-16,49,190.92,190.92,Clean-Paid,,False
975,64,21,26,19,2,In-Network,2023-24,2024-03-26,2024-03-26,2024-04-22,27,223.08,223.08,Clean-Paid,,False
976,1605,9,640,15,6,In-Network,2023-24,2024-03-26,2024-03-29,2024-04-30,32,138.45,0.0,Denied,Frequency Limit Exceeded,False
977,1333,31,533,2,2,In-Network,2023-24,2024-03-26,2024-03-27,2024-04-27,31,107.25,107.25,Clean-Paid,,False
978,810,17,318,4,5,In-Network,2023-24,2024-03-27,2024-04-01,2024-04-24,23,137.51,137.51,Clean-Paid,,False
979,90,21,35,9,2,In-Network,2023-24,2024-03-27,2024-03-29,2024-05-03,35,138.45,138.45,Clean-Paid,,False
980,777,11,305,2,5,Out-of-Network,2023-24,2024-03-27,2024-03-27,2024-04-22,26,194.46,194.46,Clean-Paid,,False
981,214,26,84,11,4,In-Network,2023-24,2024-03-27,2024-03-29,2024-05-07,39,167.88,0.0,Denied,Timely Filing Expired,False
982,404,29,161,13,5,In-Network,2023-24,2024-03-27,2024-04-01,2024-04-24,23,224.02,224.02,Clean-Paid,,False
983,1163,31,465,1,2,In-Network,2023-24,2024-03-28,2024-03-29,2024-05-09,41,107.25,107.25,Clean-Paid,,False
984,266,15,106,5,1,In-Network,2023-24,2024-03-29,2024-04-01,2024-05-05,34,137.97,137.97,Clean-Paid,,False
985,120,30,48,7,5,In-Network,2023-24,2024-03-29,2024-04-03,2024-05-06,33,224.02,0.0,Denied,Missing X-Ray,False
986,1684,25,670,16,9,In-Network,2023-24,2024-03-29,2024-03-30,2024-05-08,39,224.02,224.02,Clean-Paid,,False
987,1149,1,459,19,4,In-Network,2023-24,2024-03-29,2024-04-02,2024-05-13,41,138.45,0.0,Denied,Frequency Limit Exceeded,False
988,1485,31,598,2,2,In-Network,2023-24,2024-03-29,2024-03-31,2024-05-03,33,137.51,137.51,Clean-Paid,,False
989,1724,27,686,9,9,In-Network,2023-24,2024-03-29,2024-04-03,2024-05-12,39,224.02,224.02,Clean-Paid,,False
990,2009,32,794,5,1,In-Network,2023-24,2024-04-01,2024-04-04,2024-05-22,48,138.45,138.45,Clean-Paid,,False
991,1208,1,483,16,4,In-Network,2023-24,2024-04-01,2024-04-05,2024-05-13,38,224.02,224.02,Clean-Paid,,False
992,1722,27,685,16,9,In-Network,2023-24,2024-04-01,2024-04-06,2024-05-21,45,138.45,138.45,Clean-Paid,,False
993,1891,31,751,15,2,In-Network,2023-24,2024-04-01,2024-04-05,2024-05-17,42,224.02,224.02,Clean-Paid,,False
994,1277,31,512,20,2,In-Network,2023-24,2024-04-01,2024-04-06,2024-05-05,29,224.02,224.02,Clean-Paid,,False
995,787,34,310,3,2,In-Network,2023-24,2024-04-01,2024-04-06,2024-05-18,42,72.21,72.21,Clean-Paid,,False
996,1096,18,438,6,1,In-Network,2023-24,2024-04-01,2024-04-03,2024-05-09,36,182.17,182.17,Clean-Paid,,False
997,207,6,82,11,8,In-Network,2023-24,2024-04-01,2024-04-03,2024-05-08,35,224.02,224.02,Clean-Paid,,False
998,471,1,190,13,4,In-Network,2023-24,2024-04-01,2024-04-01,2024-05-21,50,138.45,138.45,Clean-Paid,,False
999,940,5,371,17,4,In-Network,2023-24,2024-04-01,2024-04-03,2024-05-17,44,227.2,227.2,Clean-Paid,,False
1000,1731,4,689,17,2,In-Network,2023-24,2024-04-01,2024-04-04,2024-05-08,34,143.9,143.9,Clean-Paid,,False
1001,883,9,350,11,6,Out-of-Network,2023-24,2024-04-01,2024-04-03,2024-05-02,29,178.82,178.82,Clean-Paid,,False
1002,936,5,370,7,4,In-Network,2023-24,2024-04-01,2024-04-05,2024-05-09,34,138.45,138.45,Clean-Paid,,False
1003,879,29,348,1,5,In-Network,2023-24,2024-04-01,2024-04-05,2024-05-04,29,112.57,112.57,Clean-Paid,,False
1004,1855,8,737,4,1,Out-of-Network,2023-24,2024-04-01,2024-04-04,2024-05-09,35,178.82,178.82,Clean-Paid,,False
1005,43,8,16,4,1,Out-of-Network,2023-24,2024-04-01,2024-04-06,2024-05-25,49,258.13,258.13,Clean-Paid,,False
1006,1655,6,658,11,8,In-Network,2023-24,2024-04-01,2024-04-04,2024-05-14,40,108.47,108.47,Clean-Paid,,False
1007,567,21,223,9,2,In-Network,2023-24,2024-04-01,2024-04-06,2024-05-17,41,132.57,132.57,Clean-Paid,,False
1008,1870,6,743,15,8,In-Network,2023-24,2024-04-02,2024-04-03,2024-05-11,38,151.91,151.91,Clean-Paid,,False
1009,1797,7,716,1,7,In-Network,2023-24,2024-04-02,2024-04-04,2024-05-13,39,267.74,0.0,Denied,Missing X-Ray,False
1010,1048,27,416,12,9,In-Network,2023-24,2024-04-02,2024-04-07,2024-05-29,52,241.96,241.96,Clean-Paid,,False
1011,636,29,248,14,5,In-Network,2023-24,2024-04-02,2024-04-02,2024-04-29,27,38.06,0.0,Denied,Frequency Limit Exceeded,False
1012,1838,14,730,13,4,In-Network,2023-24,2024-04-03,2024-04-05,2024-05-08,33,64.1,64.1,Clean-Paid,,False
1013,1513,14,608,10,4,In-Network,2023-24,2024-04-03,2024-04-04,2024-05-17,43,224.02,224.02,Clean-Paid,,False
1014,1742,4,693,12,2,In-Network,2023-24,2024-04-03,2024-04-04,2024-05-08,34,53.96,53.96,Clean-Paid,,False
1015,1803,3,718,13,1,In-Network,2023-24,2024-04-03,2024-04-06,2024-05-21,45,138.45,0.0,Denied,Coverage Terminated,False
1016,191,34,73,10,2,In-Network,2023-24,2024-04-03,2024-04-04,2024-05-01,27,224.02,224.02,Clean-Paid,,False
1017,1293,27,519,16,9,In-Network,2023-24,2024-04-03,2024-04-08,2024-05-22,44,137.97,137.97,Clean-Paid,,False
1018,1134,12,453,10,9,In-Network,2023-24,2024-04-04,2024-04-09,2024-05-25,46,138.45,138.45,Clean-Paid,,False
1019,176,3,68,11,1,Out-of-Network,2023-24,2024-04-04,2024-04-09,2024-05-21,42,503.09,503.09,Clean-Paid,,True
1020,276,5,111,2,4,Out-of-Network,2023-24,2024-04-04,2024-04-09,2024-05-13,34,178.82,0.0,Denied,Coding Error,False
1021,854,28,338,4,3,In-Network,2023-24,2024-04-04,2024-04-07,2024-05-03,26,233.13,233.13,Clean-Paid,,False
1022,1073,31,427,19,2,In-Network,2023-24,2024-04-04,2024-04-07,2024-05-19,42,237.48,237.48,Clean-Paid,,False
1023,1804,3,718,13,1,In-Network,2023-24,2024-04-05,2024-04-07,2024-05-24,47,468.06,468.06,Clean-Paid,,True
1024,1142,12,456,16,9,In-Network,2023-24,2024-04-05,2024-04-10,2024-06-03,54,63.74,63.74,Clean-Paid,,False
1025,409,34,163,3,2,In-Network,2023-24,2024-04-05,2024-04-10,2024-05-18,38,377.68,377.68,Clean-Paid,,True
1026,50,21,20,5,2,In-Network,2023-24,2024-04-05,2024-04-08,2024-05-18,40,138.45,138.45,Clean-Paid,,False
1027,570,21,224,19,2,In-Network,2023-24,2024-04-05,2024-04-05,2024-05-03,28,164.75,164.75,Clean-Paid,,False
1028,1653,6,657,7,8,In-Network,2023-24,2024-04-05,2024-04-05,2024-05-17,42,138.45,138.45,Clean-Paid,,False
1029,415,32,165,1,1,In-Network,2023-24,2024-04-08,2024-04-10,2024-05-13,33,162.16,162.16,Clean-Paid,,False
1030,1679,25,668,5,9,In-Network,2023-24,2024-04-08,2024-04-13,2024-06-06,54,199.17,199.17,Clean-Paid,,False
1031,666,16,262,18,7,In-Network,2023-24,2024-04-08,2024-04-11,2024-05-21,40,138.45,138.45,Clean-Paid,,False
1032,1393,25,558,8,9,In-Network,2023-24,2024-04-08,2024-04-10,2024-05-30,50,224.02,224.02,Clean-Paid,,False
1033,1329,31,532,2,2,In-Network,2023-24,2024-04-08,2024-04-08,2024-05-07,29,267.74,267.74,Clean-Paid,,False
1034,47,8,18,5,1,In-Network,2023-24,2024-04-08,2024-04-08,2024-05-15,37,267.74,267.74,Clean-Paid,,False
1035,174,3,68,11,1,Out-of-Network,2023-24,2024-04-08,2024-04-12,2024-05-27,45,22.04,22.04,Clean-Paid,,False
1036,569,21,224,19,2,In-Network,2023-24,2024-04-08,2024-04-11,2024-05-10,29,168.71,168.71,Clean-Paid,,False
1037,1527,30,612,9,5,Out-of-Network,2023-24,2024-04-08,2024-04-08,2024-05-04,26,251.54,251.54,Clean-Paid,,False
1038,1252,12,501,3,9,In-Network,2023-24,2024-04-08,2024-04-12,2024-05-29,47,63.74,63.74,Clean-Paid,,False
1039,713,3,278,7,1,In-Network,2023-24,2024-04-08,2024-04-09,2024-05-28,49,168.0,168.0,Clean-Paid,,False
1040,603,8,236,8,1,In-Network,2023-24,2024-04-08,2024-04-08,2024-05-10,32,224.02,0.0,Denied,Prior Auth Required,False
1041,1029,30,408,14,5,In-Network,2023-24,2024-04-08,2024-04-11,2024-05-17,36,9.68,9.68,Clean-Paid,,False
1042,217,26,85,15,4,In-Network,2023-24,2024-04-08,2024-04-12,2024-05-31,49,138.45,138.45,Clean-Paid,,False
1043,860,28,340,14,3,In-Network,2023-24,2024-04-08,2024-04-12,2024-05-17,35,223.08,223.08,Clean-Paid,,False
1044,1185,29,473,10,5,In-Network,2023-24,2024-04-09,2024-04-12,2024-05-09,27,488.68,488.68,Clean-Paid,,True
1045,169,2,66,10,9,In-Network,2023-24,2024-04-09,2024-04-12,2024-05-24,42,138.45,138.45,Clean-Paid,,False
1046,1303,27,523,2,9,In-Network,2023-24,2024-04-09,2024-04-09,2024-05-27,48,143.9,143.9,Clean-Paid,,False
1047,57,21,22,18,2,In-Network,2023-24,2024-04-09,2024-04-11,2024-05-24,43,138.45,138.45,Clean-Paid,,False
1048,1881,16,748,7,7,In-Network,2023-24,2024-04-09,2024-04-13,2024-05-12,29,182.17,182.17,Clean-Paid,,False
1049,1051,27,417,14,9,In-Network,2023-24,2024-04-10,2024-04-11,2024-06-01,51,138.45,138.45,Clean-Paid,,False
1050,179,3,69,10,1,In-Network,2023-24,2024-04-10,2024-04-14,2024-06-02,49,162.16,162.16,Clean-Paid,,False
1051,2002,31,790,12,2,In-Network,2023-24,2024-04-10,2024-04-13,2024-05-22,39,166.53,0.0,Denied,Coding Error,False
1052,282,5,113,2,4,Out-of-Network,2023-24,2024-04-10,2024-04-13,2024-05-21,38,151.01,151.01,Clean-Paid,,False
1053,1464,26,588,8,4,In-Network,2023-24,2024-04-10,2024-04-14,2024-05-22,38,224.02,224.02,Clean-Paid,,False
1054,1693,2,673,20,9,In-Network,2023-24,2024-04-11,2024-04-14,2024-06-07,54,223.08,0.0,Denied,Frequency Limit Exceeded,False
1055,706,3,276,11,1,Out-of-Network,2023-24,2024-04-11,2024-04-16,2024-05-23,37,178.82,178.82,Clean-Paid,,False
1056,1079,31,431,18,2,In-Network,2023-24,2024-04-11,2024-04-11,2024-05-11,30,137.51,137.51,Clean-Paid,,False
1057,1188,29,474,9,5,Out-of-Network,2023-24,2024-04-11,2024-04-14,2024-05-11,27,190.92,190.92,Clean-Paid,,False
1058,1542,35,618,10,7,In-Network,2023-24,2024-04-11,2024-04-12,2024-05-16,34,138.45,138.45,Clean-Paid,,False
1059,493,9,198,5,6,In-Network,2023-24,2024-04-11,2024-04-16,2024-05-09,23,224.02,224.02,Clean-Paid,,False
1060,1309,32,525,13,1,In-Network,2023-24,2024-04-11,2024-04-16,2024-06-03,48,138.45,138.45,Clean-Paid,,False
1061,1571,33,627,14,8,In-Network,2023-24,2024-04-12,2024-04-14,2024-05-14,30,138.45,138.45,Clean-Paid,,False
1062,379,25,150,17,9,In-Network,2023-24,2024-04-12,2024-04-12,2024-06-05,54,139.17,139.17,Clean-Paid,,False
1063,899,12,356,16,9,In-Network,2023-24,2024-04-12,2024-04-16,2024-06-06,51,138.45,138.45,Clean-Paid,,False
1064,1895,31,752,15,2,In-Network,2023-24,2024-04-12,2024-04-13,2024-05-19,36,122.16,122.16,Clean-Paid,,False
1065,571,21,224,19,2,In-Network,2023-24,2024-04-15,2024-04-18,2024-05-20,32,252.37,0.0,Denied,Frequency Limit Exceeded,False
1066,1910,16,758,6,7,In-Network,2023-24,2024-04-15,2024-04-15,2024-05-20,35,237.48,237.48,Clean-Paid,,False
1067,113,30,44,13,5,In-Network,2023-24,2024-04-15,2024-04-20,2024-05-13,23,135.07,135.07,Clean-Paid,,False
1068,828,34,327,20,2,In-Network,2023-24,2024-04-15,2024-04-19,2024-05-30,41,223.08,0.0,Denied,Max Benefit Exceeded,False
1069,1535,35,616,20,7,In-Network,2023-24,2024-04-15,2024-04-18,2024-05-23,35,138.45,138.45,Clean-Paid,,False
1070,685,29,269,17,5,In-Network,2023-24,2024-04-15,2024-04-16,2024-05-13,27,455.56,455.56,Clean-Paid,,True
1071,1153,20,461,18,4,In-Network,2023-24,2024-04-15,2024-04-17,2024-06-02,46,138.45,138.45,Clean-Paid,,False
1072,727,3,283,14,1,Out-of-Network,2023-24,2024-04-15,2024-04-17,2024-05-19,32,151.01,151.01,Clean-Paid,,False
1073,296,4,119,5,2,In-Network,2023-24,2024-04-15,2024-04-19,2024-05-26,37,137.51,137.51,Clean-Paid,,False
1074,1132,22,452,13,6,In-Network,2023-24,2024-04-15,2024-04-18,2024-05-22,34,138.45,138.45,Clean-Paid,,False
1075,1214,1,486,3,4,Out-of-Network,2023-24,2024-04-15,2024-04-18,2024-06-04,47,130.12,130.12,Clean-Paid,,False
1076,545,20,215,11,4,In-Network,2023-24,2024-04-15,2024-04-17,2024-06-06,50,178.15,178.15,Clean-Paid,,False
1077,723,3,282,11,1,Out-of-Network,2023-24,2024-04-15,2024-04-17,2024-05-30,43,190.92,190.92,Clean-Paid,,False
1078,990,11,391,8,5,In-Network,2023-24,2024-04-15,2024-04-18,2024-05-24,36,168.71,168.71,Clean-Paid,,False
1079,399,22,159,16,6,Out-of-Network,2023-24,2024-04-15,2024-04-17,2024-05-10,23,151.01,151.01,Clean-Paid,,False
1080,1798,7,716,1,7,In-Network,2023-24,2024-04-15,2024-04-18,2024-05-25,37,384.12,0.0,Denied,Prior Auth Required,True
1081,684,29,269,17,5,In-Network,2023-24,2024-04-15,2024-04-17,2024-05-14,27,224.02,0.0,Denied,Missing X-Ray,False
1082,1851,8,735,7,1,In-Network,2023-24,2024-04-15,2024-04-18,2024-05-31,43,123.54,123.54,Clean-Paid,,False
1083,6,24,2,13,8,In-Network,2023-24,2024-04-16,2024-04-20,2024-06-05,46,98.06,98.06,Clean-Paid,,False
1084,417,32,166,18,1,In-Network,2023-24,2024-04-16,2024-04-17,2024-06-04,48,224.02,224.02,Clean-Paid,,False
1085,460,8,184,5,1,In-Network,2023-24,2024-04-16,2024-04-16,2024-05-25,39,63.74,63.74,Clean-Paid,,False
1086,1012,30,399,7,5,In-Network,2023-24,2024-04-16,2024-04-16,2024-05-25,39,137.51,137.51,Clean-Paid,,False
1087,998,4,394,11,2,In-Network,2023-24,2024-04-17,2024-04-19,2024-05-29,40,223.08,223.08,Clean-Paid,,False
1088,150,3,59,6,1,In-Network,2023-24,2024-04-17,2024-04-18,2024-05-29,41,138.45,138.45,Clean-Paid,,False
1089,1942,26,769,11,4,In-Network,2023-24,2024-04-17,2024-04-18,2024-05-24,36,138.45,138.45,Clean-Paid,,False
1090,1917,23,760,4,5,In-Network,2023-24,2024-04-17,2024-04-18,2024-05-24,36,137.51,137.51,Clean-Paid,,False
1091,1099,18,439,14,1,Out-of-Network,2023-24,2024-04-17,2024-04-18,2024-06-03,46,177.81,0.0,Denied,Max Benefit Exceeded,False
1092,591,19,232,12,9,In-Network,2023-24,2024-04-18,2024-04-22,2024-06-06,45,138.45,138.45,Clean-Paid,,False
1093,335,35,133,12,7,In-Network,2023-24,2024-04-18,2024-04-22,2024-05-29,37,208.0,208.0,Clean-Paid,,False
1094,924,13,366,20,4,In-Network,2023-24,2024-04-18,2024-04-22,2024-06-09,48,233.13,233.13,Clean-Paid,,False
1095,32,35,12,16,7,In-Network,2023-24,2024-04-18,2024-04-20,2024-06-01,42,168.71,168.71,Clean-Paid,,False
1096,109,30,43,6,5,In-Network,2023-24,2024-04-18,2024-04-20,2024-05-20,30,138.45,138.45,Clean-Paid,,False
1097,385,29,152,11,5,In-Network,2023-24,2024-04-19,2024-04-19,2024-05-14,25,153.58,153.58,Clean-Paid,,False
1098,1453,16,582,14,7,In-Network,2023-24,2024-04-19,2024-04-22,2024-05-18,26,224.02,224.02,Clean-Paid,,False
1099,2001,31,790,12,2,In-Network,2023-24,2024-04-19,2024-04-21,2024-05-24,33,199.17,199.17,Clean-Paid,,False
1100,729,3,284,11,1,Out-of-Network,2023-24,2024-04-19,2024-04-22,2024-06-06,45,178.82,178.82,Clean-Paid,,False
1101,440,32,175,10,1,In-Network,2023-24,2024-04-22,2024-04-25,2024-06-05,41,172.57,172.57,Clean-Paid,,False
1102,717,3,280,5,1,In-Network,2023-24,2024-04-22,2024-04-26,2024-06-06,41,138.45,138.45,Clean-Paid,,False
1103,1106,27,442,9,9,In-Network,2023-24,2024-04-22,2024-04-22,2024-06-01,40,137.51,137.51,Clean-Paid,,False
1104,1060,10,419,5,9,In-Network,2023-24,2024-04-22,2024-04-24,2024-06-07,44,162.16,162.16,Clean-Paid,,False
1105,1487,11,599,7,5,In-Network,2023-24,2024-04-22,2024-04-24,2024-06-03,40,138.45,138.45,Clean-Paid,,False
1106,1476,15,594,7,1,In-Network,2023-24,2024-04-22,2024-04-22,2024-05-30,38,223.08,223.08,Clean-Paid,,False
1107,1617,30,644,19,5,In-Network,2023-24,2024-04-22,2024-04-25,2024-05-20,25,199.17,199.17,Clean-Paid,,False
1108,939,5,371,17,4,In-Network,2023-24,2024-04-22,2024-04-22,2024-05-29,37,138.45,138.45,Clean-Paid,,False
1109,500,3,200,11,1,Out-of-Network,2023-24,2024-04-22,2024-04-27,2024-06-04,38,0.0,0.0,Clean-Paid,,False
1110,847,5,335,14,4,In-Network,2023-24,2024-04-22,2024-04-22,2024-06-08,47,183.11,183.11,Clean-Paid,,False
1111,1538,35,617,14,7,In-Network,2023-24,2024-04-22,2024-04-22,2024-06-03,42,138.45,138.45,Clean-Paid,,False
1112,1543,35,618,10,7,In-Network,2023-24,2024-04-22,2024-04-23,2024-05-22,29,144.75,144.75,Clean-Paid,,False
1113,1685,25,670,16,9,In-Network,2023-24,2024-04-22,2024-04-25,2024-06-06,42,199.17,199.17,Clean-Paid,,False
1114,1707,25,679,6,9,In-Network,2023-24,2024-04-22,2024-04-27,2024-06-19,53,137.51,137.51,Clean-Paid,,False
1115,1446,16,579,7,7,In-Network,2023-24,2024-04-22,2024-04-23,2024-06-03,41,138.45,138.45,Clean-Paid,,False
1116,1040,27,414,9,9,In-Network,2023-24,2024-04-22,2024-04-25,2024-06-15,51,224.02,224.02,Clean-Paid,,False
1117,178,3,69,10,1,In-Network,2023-24,2024-04-22,2024-04-22,2024-06-03,42,112.64,112.64,Clean-Paid,,False
1118,400,22,159,16,6,Out-of-Network,2023-24,2024-04-23,2024-04-25,2024-06-02,38,194.46,194.46,Clean-Paid,,False
1119,1240,21,497,14,2,In-Network,2023-24,2024-04-23,2024-04-23,2024-05-26,33,137.51,137.51,Clean-Paid,,False
1120,1292,24,518,18,8,In-Network,2023-24,2024-04-24,2024-04-24,2024-06-09,46,162.9,162.9,Clean-Paid,,False
1121,1525,30,612,9,5,Out-of-Network,2023-24,2024-04-24,2024-04-27,2024-05-26,29,151.01,151.01,Clean-Paid,,False
1122,926,13,367,13,4,In-Network,2023-24,2024-04-24,2024-04-27,2024-06-08,42,192.82,192.82,Clean-Paid,,False
1123,814,17,320,14,5,In-Network,2023-24,2024-04-24,2024-04-28,2024-05-22,24,69.68,69.68,Clean-Paid,,False
1124,1992,19,786,19,9,In-Network,2023-24,2024-04-24,2024-04-26,2024-06-10,45,223.08,223.08,Clean-Paid,,False
1125,707,3,276,11,1,Out-of-Network,2023-24,2024-04-24,2024-04-27,2024-06-01,35,311.54,0.0,Denied,Missing X-Ray,False
1126,1107,27,442,9,9,In-Network,2023-24,2024-04-25,2024-04-29,2024-06-08,40,172.57,172.57,Clean-Paid,,False
1127,1300,27,522,2,9,In-Network,2023-24,2024-04-25,2024-04-26,2024-06-11,46,64.1,64.1,Clean-Paid,,False
1128,1267,14,509,15,4,In-Network,2023-24,2024-04-25,2024-04-26,2024-06-03,38,224.02,224.02,Clean-Paid,,False
1129,284,4,114,1,2,In-Network,2023-24,2024-04-25,2024-04-28,2024-05-24,26,138.45,138.45,Clean-Paid,,False
1130,1138,12,455,12,9,In-Network,2023-24,2024-04-25,2024-04-27,2024-06-12,46,223.08,223.08,Clean-Paid,,False
1131,24,23,9,18,5,In-Network,2023-24,2024-04-25,2024-04-30,2024-05-30,30,206.53,206.53,Clean-Paid,,False
1132,1544,35,618,10,7,In-Network,2023-24,2024-04-25,2024-04-29,2024-05-26,27,178.15,178.15,Clean-Paid,,False
1133,1177,29,470,13,5,In-Network,2023-24,2024-04-26,2024-04-28,2024-05-22,24,75.07,0.0,Denied,Coverage Terminated,False
1134,490,9,197,10,6,In-Network,2023-24,2024-04-26,2024-04-27,2024-06-06,40,208.0,208.0,Clean-Paid,,False
1135,1355,18,544,12,1,In-Network,2023-24,2024-04-26,2024-04-29,2024-06-02,34,138.45,138.45,Clean-Paid,,False
1136,342,32,138,12,1,In-Network,2023-24,2024-04-26,2024-04-26,2024-06-07,42,138.45,138.45,Clean-Paid,,False
1137,1971,15,777,19,1,Out-of-Network,2023-24,2024-04-26,2024-04-27,2024-06-01,35,178.82,178.82,Clean-Paid,,False
1138,257,10,101,8,9,In-Network,2023-24,2024-04-26,2024-05-01,2024-06-08,38,138.45,138.45,Clean-Paid,,False
1139,196,34,75,19,2,In-Network,2023-24,2024-04-29,2024-05-01,2024-06-11,41,137.51,137.51,Clean-Paid,,False
1140,1697,2,674,18,9,In-Network,2023-24,2024-04-29,2024-05-01,2024-06-24,54,278.97,278.97,Clean-Paid,,False
1141,1064,10,421,18,9,In-Network,2023-24,2024-04-29,2024-05-03,2024-06-15,43,168.71,168.71,Clean-Paid,,False
1142,297,4,119,5,2,In-Network,2023-24,2024-04-29,2024-05-03,2024-05-29,26,21.88,0.0,Denied,Missing X-Ray,False
1143,1488,11,599,7,5,In-Network,2023-24,2024-04-29,2024-05-03,2024-06-08,36,162.16,0.0,Denied,Frequency Limit Exceeded,False
1144,1510,14,606,17,4,In-Network,2023-24,2024-04-29,2024-04-30,2024-06-19,50,0.0,0.0,Clean-Paid,,False
1145,464,1,187,6,4,In-Network,2023-24,2024-04-29,2024-05-03,2024-06-15,43,138.45,138.45,Clean-Paid,,False
1146,1362,18,547,8,1,In-Network,2023-24,2024-04-29,2024-05-01,2024-06-11,41,107.25,107.25,Clean-Paid,,False
1147,712,3,278,7,1,In-Network,2023-24,2024-04-29,2024-04-30,2024-06-10,41,138.45,0.0,Denied,Max Benefit Exceeded,False
1148,459,8,184,5,1,In-Network,2023-24,2024-04-29,2024-04-30,2024-06-03,34,138.45,0.0,Denied,Coding Error,False
1149,221,26,87,16,4,In-Network,2023-24,2024-04-29,2024-04-29,2024-06-15,47,223.08,223.08,Clean-Paid,,False
1150,702,3,275,7,1,In-Network,2023-24,2024-04-29,2024-04-30,2024-06-04,35,224.02,224.02,Clean-Paid,,False
1151,1694,2,673,20,9,In-Network,2023-24,2024-04-29,2024-05-02,2024-06-18,47,168.0,168.0,Clean-Paid,,False
1152,1052,27,417,14,9,In-Network,2023-24,2024-04-29,2024-05-02,2024-06-20,49,88.0,88.0,Clean-Paid,,False
1153,1935,9,767,3,6,In-Network,2023-24,2024-04-29,2024-05-02,2024-06-01,30,224.02,224.02,Clean-Paid,,False
1154,51,21,20,5,2,In-Network,2023-24,2024-04-29,2024-05-03,2024-06-01,29,166.53,166.53,Clean-Paid,,False
1155,1178,29,470,13,5,In-Network,2023-24,2024-04-29,2024-05-04,2024-05-28,24,155.82,155.82,Clean-Paid,,False
1156,202,2,78,17,9,In-Network,2023-24,2024-04-29,2024-05-01,2024-06-11,41,223.08,223.08,Clean-Paid,,False
1157,403,22,160,9,6,Out-of-Network,2023-24,2024-04-29,2024-04-30,2024-05-31,31,168.93,0.0,Denied,Prior Auth Required,False
1158,384,29,152,11,5,In-Network,2023-24,2024-04-30,2024-05-01,2024-05-29,28,98.06,98.06,Clean-Paid,,False
1159,845,5,334,7,4,In-Network,2023-24,2024-04-30,2024-05-05,2024-06-09,35,23.9,23.9,Clean-Paid,,False
1160,294,4,118,17,2,In-Network,2023-24,2024-04-30,2024-05-05,2024-06-02,28,137.51,137.51,Clean-Paid,,False
1161,732,10,285,12,9,In-Network,2023-24,2024-04-30,2024-05-01,2024-06-10,40,138.45,138.45,Clean-Paid,,False
1162,45,8,17,6,1,In-Network,2023-24,2024-05-01,2024-05-06,2024-06-17,42,278.97,278.97,Clean-Paid,,False
1163,1478,31,595,18,2,In-Network,2023-24,2024-05-01,2024-05-01,2024-05-28,27,138.45,138.45,Clean-Paid,,False
1164,1026,10,407,19,9,In-Network,2023-24,2024-05-01,2024-05-02,2024-06-20,49,138.45,138.45,Clean-Paid,,False
1165,331,35,132,6,7,In-Network,2023-24,2024-05-01,2024-05-04,2024-06-09,36,107.25,0.0,Denied,Coding Error,False
1166,565,21,222,17,2,In-Network,2023-24,2024-05-01,2024-05-02,2024-06-10,39,95.07,0.0,Denied,Frequency Limit Exceeded,False
1167,210,6,83,8,8,In-Network,2023-24,2024-05-01,2024-05-03,2024-06-01,29,278.97,278.97,Clean-Paid,,False
1168,1658,6,659,6,8,In-Network,2023-24,2024-05-01,2024-05-03,2024-06-18,46,107.25,107.25,Clean-Paid,,False
1169,1287,24,517,20,8,In-Network,2023-24,2024-05-02,2024-05-02,2024-06-11,40,137.51,137.51,Clean-Paid,,False
1170,1473,15,593,11,1,Out-of-Network,2023-24,2024-05-02,2024-05-07,2024-06-09,33,252.42,252.42,Clean-Paid,,False
1171,387,29,153,20,5,In-Network,2023-24,2024-05-02,2024-05-06,2024-05-31,25,224.02,224.02,Clean-Paid,,False
1172,1597,35,635,13,7,In-Network,2023-24,2024-05-02,2024-05-06,2024-06-15,40,203.36,203.36,Clean-Paid,,True
1173,606,8,237,20,1,Out-of-Network,2023-24,2024-05-02,2024-05-07,2024-06-11,35,191.54,191.54,Clean-Paid,,False
1174,99,21,38,10,2,In-Network,2023-24,2024-05-02,2024-05-04,2024-06-08,35,168.71,0.0,Denied,Coverage Terminated,False
1175,1101,18,440,3,1,In-Network,2023-24,2024-05-02,2024-05-03,2024-06-12,40,107.25,107.25,Clean-Paid,,False
1176,148,30,58,1,5,In-Network,2023-24,2024-05-03,2024-05-03,2024-05-27,24,107.25,107.25,Clean-Paid,,False
1177,951,5,374,8,4,In-Network,2023-24,2024-05-03,2024-05-05,2024-06-10,36,0.0,0.0,Clean-Paid,,False
1178,136,15,53,9,1,Out-of-Network,2023-24,2024-05-03,2024-05-08,2024-06-21,44,190.92,190.92,Clean-Paid,,False
1179,754,33,295,19,8,In-Network,2023-24,2024-05-03,2024-05-04,2024-06-13,40,107.74,107.74,Clean-Paid,,False
1180,252,32,99,12,1,In-Network,2023-24,2024-05-03,2024-05-03,2024-06-18,46,408.08,408.08,Clean-Paid,,True
1181,265,15,106,5,1,In-Network,2023-24,2024-05-03,2024-05-06,2024-06-09,34,223.08,223.08,Clean-Paid,,False
1182,1367,35,549,15,7,In-Network,2023-24,2024-05-03,2024-05-03,2024-06-08,36,224.02,224.02,Clean-Paid,,False
1183,598,8,234,20,1,Out-of-Network,2023-24,2024-05-06,2024-05-07,2024-06-12,36,170.12,170.12,Clean-Paid,,False
1184,1077,31,430,11,2,In-Network,2023-24,2024-05-06,2024-05-06,2024-06-11,36,138.45,138.45,Clean-Paid,,False
1185,969,22,381,15,6,In-Network,2023-24,2024-05-06,2024-05-06,2024-06-09,34,224.02,0.0,Denied,Prior Auth Required,False
1186,1536,35,616,20,7,In-Network,2023-24,2024-05-06,2024-05-08,2024-06-19,42,102.16,102.16,Clean-Paid,,False
1187,1345,4,539,4,2,In-Network,2023-24,2024-05-06,2024-05-09,2024-06-18,40,138.45,138.45,Clean-Paid,,False
1188,1501,11,603,13,5,In-Network,2023-24,2024-05-06,2024-05-08,2024-06-17,40,168.71,168.71,Clean-Paid,,False
1189,1124,3,449,18,1,In-Network,2023-24,2024-05-06,2024-05-06,2024-06-10,35,137.51,137.51,Clean-Paid,,False
1190,735,10,287,9,9,In-Network,2023-24,2024-05-07,2024-05-09,2024-06-24,46,224.02,224.02,Clean-Paid,,False
1191,208,6,82,11,8,In-Network,2023-24,2024-05-07,2024-05-07,2024-06-06,30,118.15,118.15,Clean-Paid,,False
1192,280,5,112,18,4,In-Network,2023-24,2024-05-07,2024-05-10,2024-06-13,34,143.9,143.9,Clean-Paid,,False
1193,1818,28,723,4,3,In-Network,2023-24,2024-05-07,2024-05-08,2024-05-31,23,137.51,137.51,Clean-Paid,,False
1194,884,9,350,11,6,Out-of-Network,2023-24,2024-05-07,2024-05-07,2024-06-15,39,137.81,137.81,Clean-Paid,,False
1195,452,24,181,11,8,In-Network,2023-24,2024-05-07,2024-05-07,2024-06-08,32,168.0,168.0,Clean-Paid,,False
1196,585,9,230,17,6,Out-of-Network,2023-24,2024-05-07,2024-05-10,2024-06-12,33,178.82,0.0,Denied,Prior Auth Required,False
1197,862,6,341,2,8,In-Network,2023-24,2024-05-08,2024-05-11,2024-06-12,32,138.45,138.45,Clean-Paid,,False
1198,1979,25,780,12,9,In-Network,2023-24,2024-05-08,2024-05-09,2024-07-01,53,424.12,424.12,Clean-Paid,,True
1199,121,30,48,7,5,In-Network,2023-24,2024-05-08,2024-05-10,2024-06-17,38,192.37,192.37,Clean-Paid,,False
1200,1806,3,719,10,1,In-Network,2023-24,2024-05-08,2024-05-11,2024-06-22,42,95.07,95.07,Clean-Paid,,False
1201,489,9,197,10,6,In-Network,2023-24,2024-05-09,2024-05-09,2024-06-04,26,138.45,138.45,Clean-Paid,,False
1202,10,10,3,9,9,In-Network,2023-24,2024-05-09,2024-05-09,2024-06-19,41,139.17,139.17,Clean-Paid,,False
1203,1439,16,575,11,7,In-Network,2023-24,2024-05-09,2024-05-10,2024-06-21,42,178.15,178.15,Clean-Paid,,False
1204,1899,31,753,5,2,In-Network,2023-24,2024-05-09,2024-05-14,2024-06-10,27,199.17,199.17,Clean-Paid,,False
1205,1438,16,575,11,7,In-Network,2023-24,2024-05-09,2024-05-11,2024-06-19,39,224.02,0.0,Denied,Prior Auth Required,False
1206,1403,2,562,19,9,In-Network,2023-24,2024-05-09,2024-05-09,2024-06-16,38,137.51,137.51,Clean-Paid,,False
1207,605,8,237,20,1,Out-of-Network,2023-24,2024-05-09,2024-05-13,2024-06-26,44,258.13,258.13,Clean-Paid,,False
1208,1938,9,768,16,6,Out-of-Network,2023-24,2024-05-09,2024-05-10,2024-06-10,31,258.13,258.13,Clean-Paid,,False
1209,1297,27,520,10,9,In-Network,2023-24,2024-05-09,2024-05-12,2024-06-29,48,23.9,23.9,Clean-Paid,,False
1210,1530,30,614,8,5,In-Network,2023-24,2024-05-09,2024-05-09,2024-06-14,36,224.02,224.02,Clean-Paid,,False
1211,647,32,254,1,1,In-Network,2023-24,2024-05-09,2024-05-10,2024-06-24,45,138.45,0.0,Denied,Missing X-Ray,False
1212,1001,30,395,16,5,In-Network,2023-24,2024-05-10,2024-05-14,2024-06-06,23,102.16,0.0,Denied,Coverage Terminated,False
1213,1458,35,584,12,7,In-Network,2023-24,2024-05-10,2024-05-15,2024-06-23,39,138.45,138.45,Clean-Paid,,False
1214,1139,12,455,12,9,In-Network,2023-24,2024-05-10,2024-05-13,2024-07-04,52,8.94,8.94,Clean-Paid,,False
1215,1313,32,526,19,1,Out-of-Network,2023-24,2024-05-10,2024-05-15,2024-06-29,45,547.74,547.74,Clean-Paid,,True
1216,122,30,48,7,5,In-Network,2023-24,2024-05-13,2024-05-14,2024-06-18,35,208.0,0.0,Denied,Missing X-Ray,False
1217,1963,23,775,1,5,In-Network,2023-24,2024-05-13,2024-05-13,2024-06-08,26,107.25,107.25,Clean-Paid,,False
1218,8,10,3,9,9,In-Network,2023-24,2024-05-13,2024-05-18,2024-07-09,52,138.45,138.45,Clean-Paid,,False
1219,1176,29,470,13,5,In-Network,2023-24,2024-05-13,2024-05-15,2024-06-16,32,138.45,0.0,Denied,Prior Auth Required,False
1220,1621,5,646,2,4,Out-of-Network,2023-24,2024-05-13,2024-05-15,2024-06-24,40,141.42,0.0,Denied,Missing X-Ray,False
1221,1548,35,620,19,7,In-Network,2023-24,2024-05-13,2024-05-17,2024-06-21,35,168.71,168.71,Clean-Paid,,False
1222,67,20,27,4,4,In-Network,2023-24,2024-05-13,2024-05-14,2024-06-23,40,278.97,0.0,Denied,Frequency Limit Exceeded,False
1223,1835,7,729,5,7,In-Network,2023-24,2024-05-13,2024-05-16,2024-06-24,39,213.58,213.58,Clean-Paid,,False
1224,1238,21,496,7,2,In-Network,2023-24,2024-05-13,2024-05-16,2024-06-15,30,138.45,138.45,Clean-Paid,,False
1225,900,12,357,12,9,In-Network,2023-24,2024-05-13,2024-05-17,2024-07-10,54,224.02,224.02,Clean-Paid,,False
1226,517,14,205,5,4,In-Network,2023-24,2024-05-13,2024-05-13,2024-06-15,33,224.02,224.02,Clean-Paid,,False
1227,592,19,232,12,9,In-Network,2023-24,2024-05-13,2024-05-16,2024-07-05,50,193.13,193.13,Clean-Paid,,False
1228,72,20,28,4,4,In-Network,2023-24,2024-05-13,2024-05-13,2024-06-26,44,162.16,162.16,Clean-Paid,,False
1229,449,24,180,7,8,In-Network,2023-24,2024-05-13,2024-05-14,2024-06-20,37,224.02,0.0,Denied,Prior Auth Required,False
1230,1233,16,494,18,7,In-Network,2023-24,2024-05-13,2024-05-14,2024-06-16,33,267.74,267.74,Clean-Paid,,False
1231,1039,30,413,4,5,In-Network,2023-24,2024-05-14,2024-05-17,2024-06-22,36,223.08,223.08,Clean-Paid,,False
1232,205,2,80,5,9,In-Network,2023-24,2024-05-14,2024-05-17,2024-06-24,38,132.57,132.57,Clean-Paid,,False
1233,332,35,132,6,7,In-Network,2023-24,2024-05-14,2024-05-17,2024-06-23,37,371.62,371.62,Clean-Paid,,True
1234,419,32,167,20,1,Out-of-Network,2023-24,2024-05-14,2024-05-14,2024-06-16,33,190.92,190.92,Clean-Paid,,False
1235,1089,18,436,15,1,In-Network,2023-24,2024-05-14,2024-05-14,2024-07-02,49,138.45,0.0,Denied,Prior Auth Required,False
1236,2,24,1,16,8,In-Network,2023-24,2024-05-14,2024-05-14,2024-06-26,43,138.45,138.45,Clean-Paid,,False
1237,766,27,300,19,9,In-Network,2023-24,2024-05-14,2024-05-18,2024-07-12,55,151.91,151.91,Clean-Paid,,False
1238,808,17,317,8,5,In-Network,2023-24,2024-05-14,2024-05-15,2024-06-13,29,218.97,218.97,Clean-Paid,,False
1239,1397,25,559,19,9,In-Network,2023-24,2024-05-14,2024-05-17,2024-06-25,39,340.18,0.0,Denied,Prior Auth Required,True
1240,561,21,221,3,2,In-Network,2023-24,2024-05-14,2024-05-17,2024-06-25,39,224.02,224.02,Clean-Paid,,False
1241,1310,32,525,13,1,In-Network,2023-24,2024-05-15,2024-05-19,2024-06-23,35,433.08,433.08,Clean-Paid,,True
1242,140,30,54,10,5,In-Network,2023-24,2024-05-15,2024-05-20,2024-06-17,28,173.13,173.13,Clean-Paid,,False
1243,1727,27,687,7,9,In-Network,2023-24,2024-05-15,2024-05-16,2024-06-29,44,192.82,192.82,Clean-Paid,,False
1244,839,9,332,15,6,In-Network,2023-24,2024-05-15,2024-05-15,2024-06-23,39,138.45,138.45,Clean-Paid,,False
1245,878,29,348,1,5,In-Network,2023-24,2024-05-15,2024-05-17,2024-06-15,29,223.08,223.08,Clean-Paid,,False
1246,1279,31,513,3,2,In-Network,2023-24,2024-05-15,2024-05-20,2024-06-25,36,138.45,138.45,Clean-Paid,,False
1247,1206,12,482,7,9,In-Network,2023-24,2024-05-15,2024-05-15,2024-06-28,44,224.02,224.02,Clean-Paid,,False
1248,529,9,209,18,6,In-Network,2023-24,2024-05-16,2024-05-20,2024-06-17,28,187.9,187.9,Clean-Paid,,False
1249,1081,31,432,1,2,In-Network,2023-24,2024-05-16,2024-05-19,2024-06-22,34,192.82,192.82,Clean-Paid,,False
1250,326,35,130,9,7,In-Network,2023-24,2024-05-16,2024-05-16,2024-06-21,36,138.45,0.0,Denied,Max Benefit Exceeded,False
1251,1995,19,787,13,9,In-Network,2023-24,2024-05-16,2024-05-17,2024-07-07,51,704.71,704.71,Clean-Paid,,True
1252,154,3,61,9,1,Out-of-Network,2023-24,2024-05-16,2024-05-21,2024-07-01,41,113.22,113.22,Clean-Paid,,False
1253,263,15,104,2,1,Out-of-Network,2023-24,2024-05-17,2024-05-17,2024-06-22,36,258.13,258.13,Clean-Paid,,False
1254,1274,31,511,12,2,In-Network,2023-24,2024-05-17,2024-05-18,2024-06-25,38,138.45,138.45,Clean-Paid,,False
1255,721,3,281,11,1,Out-of-Network,2023-24,2024-05-17,2024-05-20,2024-06-23,34,244.64,244.64,Clean-Paid,,False
1256,624,5,244,4,4,In-Network,2023-24,2024-05-17,2024-05-17,2024-06-21,35,192.82,0.0,Denied,Coverage Terminated,False
1257,1747,8,695,16,1,Out-of-Network,2023-24,2024-05-17,2024-05-18,2024-06-19,32,50.12,50.12,Clean-Paid,,False
1258,1243,12,498,9,9,In-Network,2023-24,2024-05-17,2024-05-21,2024-07-03,43,69.68,69.68,Clean-Paid,,False
1259,1147,12,458,18,9,In-Network,2023-24,2024-05-20,2024-05-25,2024-07-07,43,192.82,192.82,Clean-Paid,,False
1260,857,28,339,20,3,In-Network,2023-24,2024-05-20,2024-05-20,2024-06-08,19,138.45,138.45,Clean-Paid,,False
1261,1157,20,463,10,4,In-Network,2023-24,2024-05-20,2024-05-23,2024-06-30,38,224.02,224.02,Clean-Paid,,False
1262,1710,25,680,20,9,In-Network,2023-24,2024-05-20,2024-05-24,2024-07-02,39,137.51,137.51,Clean-Paid,,False
1263,1526,30,612,9,5,Out-of-Network,2023-24,2024-05-20,2024-05-24,2024-06-30,37,257.81,0.0,Denied,Frequency Limit Exceeded,False
1264,629,5,245,18,4,In-Network,2023-24,2024-05-20,2024-05-23,2024-07-09,47,79.17,79.17,Clean-Paid,,False
1265,1695,2,673,20,9,In-Network,2023-24,2024-05-20,2024-05-25,2024-07-10,46,813.65,0.0,Denied,Prior Auth Required,True
1266,1342,15,537,8,1,In-Network,2023-24,2024-05-20,2024-05-24,2024-07-10,47,138.45,138.45,Clean-Paid,,False
1267,1950,26,771,20,4,In-Network,2023-24,2024-05-20,2024-05-21,2024-07-07,47,585.12,585.12,Clean-Paid,,True
1268,349,32,140,13,1,In-Network,2023-24,2024-05-20,2024-05-20,2024-06-24,35,349.14,0.0,Denied,Prior Auth Required,True
1269,1223,16,490,2,7,In-Network,2023-24,2024-05-21,2024-05-25,2024-06-28,34,729.71,729.71,Clean-Paid,,True
1270,1483,31,597,13,2,In-Network,2023-24,2024-05-21,2024-05-25,2024-07-04,40,138.45,138.45,Clean-Paid,,False
1271,908,29,360,6,5,In-Network,2023-24,2024-05-21,2024-05-23,2024-06-27,35,224.02,224.02,Clean-Paid,,False
1272,1956,23,773,2,5,Out-of-Network,2023-24,2024-05-21,2024-05-22,2024-06-25,34,178.82,0.0,Denied,Prior Auth Required,False
1273,1553,32,622,17,1,Out-of-Network,2023-24,2024-05-22,2024-05-24,2024-07-10,47,285.94,285.94,Clean-Paid,,False
1274,1396,25,559,19,9,In-Network,2023-24,2024-05-22,2024-05-25,2024-07-09,45,137.51,137.51,Clean-Paid,,False
1275,1961,23,774,19,5,In-Network,2023-24,2024-05-23,2024-05-26,2024-07-03,38,98.06,98.06,Clean-Paid,,False
1276,1110,27,443,15,9,In-Network,2023-24,2024-05-23,2024-05-28,2024-07-13,46,267.74,267.74,Clean-Paid,,False
1277,573,21,225,15,2,In-Network,2023-24,2024-05-23,2024-05-25,2024-07-02,38,238.97,238.97,Clean-Paid,,False
1278,1908,16,757,4,7,In-Network,2023-24,2024-05-23,2024-05-26,2024-06-24,29,224.02,224.02,Clean-Paid,,False
1279,131,15,51,15,1,In-Network,2023-24,2024-05-23,2024-05-28,2024-07-04,37,138.45,138.45,Clean-Paid,,False
1280,1028,30,408,14,5,In-Network,2023-24,2024-05-23,2024-05-25,2024-06-27,33,224.02,224.02,Clean-Paid,,False
1281,1999,31,789,7,2,In-Network,2023-24,2024-05-24,2024-05-24,2024-07-01,38,132.57,132.57,Clean-Paid,,False
1282,1074,31,427,19,2,In-Network,2023-24,2024-05-24,2024-05-29,2024-06-26,28,408.08,408.08,Clean-Paid,,True
1283,970,22,381,15,6,In-Network,2023-24,2024-05-24,2024-05-25,2024-06-24,30,108.47,108.47,Clean-Paid,,False
1284,292,4,117,1,2,In-Network,2023-24,2024-05-24,2024-05-27,2024-06-25,29,224.02,224.02,Clean-Paid,,False
1285,980,11,386,15,5,In-Network,2023-24,2024-05-27,2024-05-27,2024-06-25,29,138.45,0.0,Denied,Timely Filing Expired,False
1286,1184,29,473,10,5,In-Network,2023-24,2024-05-27,2024-05-31,2024-06-24,24,224.02,224.02,Clean-Paid,,False
1287,2015,32,796,14,1,Out-of-Network,2023-24,2024-05-27,2024-05-27,2024-07-08,42,285.94,285.94,Clean-Paid,,False
1288,1146,12,457,9,9,In-Network,2023-24,2024-05-27,2024-06-01,2024-07-12,41,69.68,69.68,Clean-Paid,,False
1289,20,23,8,4,5,In-Network,2023-24,2024-05-27,2024-05-31,2024-07-01,31,138.45,138.45,Clean-Paid,,False
1290,559,21,220,7,2,In-Network,2023-24,2024-05-27,2024-05-30,2024-06-25,26,208.0,208.0,Clean-Paid,,False
1291,486,9,196,7,6,In-Network,2023-24,2024-05-27,2024-05-31,2024-07-07,37,224.02,224.02,Clean-Paid,,False
1292,204,2,80,5,9,In-Network,2023-24,2024-05-27,2024-06-01,2024-07-13,42,137.51,137.51,Clean-Paid,,False
1293,1319,1,528,7,4,In-Network,2023-24,2024-05-27,2024-05-29,2024-07-09,41,138.45,138.45,Clean-Paid,,False
1294,1128,3,450,17,1,Out-of-Network,2023-24,2024-05-27,2024-05-27,2024-06-30,34,254.64,254.64,Clean-Paid,,False
1295,738,10,288,18,9,In-Network,2023-24,2024-05-27,2024-05-29,2024-07-08,40,137.51,0.0,Denied,Max Benefit Exceeded,False
1296,431,17,171,11,5,In-Network,2023-24,2024-05-27,2024-05-30,2024-06-22,23,138.45,138.45,Clean-Paid,,False
1297,1674,10,666,2,9,In-Network,2023-24,2024-05-27,2024-06-01,2024-07-13,42,153.58,153.58,Clean-Paid,,False
1298,1518,14,609,6,4,In-Network,2023-24,2024-05-27,2024-05-28,2024-07-07,40,138.25,138.25,Clean-Paid,,False
1299,1210,1,484,2,4,Out-of-Network,2023-24,2024-05-27,2024-05-29,2024-07-01,33,285.94,285.94,Clean-Paid,,False
1300,1620,30,645,2,5,Out-of-Network,2023-24,2024-05-27,2024-05-31,2024-06-26,26,194.46,194.46,Clean-Paid,,False
1301,799,7,315,9,7,In-Network,2023-24,2024-05-27,2024-05-31,2024-06-28,28,107.25,107.25,Clean-Paid,,False
1302,1258,35,504,18,7,In-Network,2023-24,2024-05-27,2024-05-27,2024-06-22,26,224.02,224.02,Clean-Paid,,False
1303,909,29,360,6,5,In-Network,2023-24,2024-05-27,2024-05-27,2024-07-03,37,146.53,146.53,Clean-Paid,,False
1304,523,14,206,9,4,Out-of-Network,2023-24,2024-05-28,2024-06-01,2024-07-10,39,311.36,311.36,Clean-Paid,,False
1305,1290,24,518,18,8,In-Network,2023-24,2024-05-28,2024-06-01,2024-07-06,35,137.51,137.51,Clean-Paid,,False
1306,1399,25,560,3,9,In-Network,2023-24,2024-05-28,2024-06-01,2024-07-13,42,138.45,138.45,Clean-Paid,,False
1307,542,21,214,13,2,In-Network,2023-24,2024-05-28,2024-05-30,2024-07-12,43,137.51,137.51,Clean-Paid,,False
1308,1384,6,555,19,8,In-Network,2023-24,2024-05-28,2024-05-31,2024-07-05,35,138.45,138.45,Clean-Paid,,False
1309,1876,6,745,14,8,In-Network,2023-24,2024-05-28,2024-06-01,2024-07-11,40,192.82,192.82,Clean-Paid,,False
1310,1159,31,464,5,2,In-Network,2023-24,2024-05-28,2024-06-01,2024-06-30,29,138.45,0.0,Denied,Prior Auth Required,False
1311,813,17,320,14,5,In-Network,2023-24,2024-05-28,2024-06-01,2024-06-30,29,224.02,224.02,Clean-Paid,,False
1312,165,3,64,13,1,In-Network,2023-24,2024-05-29,2024-05-30,2024-07-02,33,172.57,172.57,Clean-Paid,,False
1313,1903,31,755,11,2,In-Network,2023-24,2024-05-29,2024-05-29,2024-07-02,34,58.06,58.06,Clean-Paid,,False
1314,1032,30,410,6,5,In-Network,2023-24,2024-05-29,2024-06-01,2024-07-01,30,224.02,224.02,Clean-Paid,,False
1315,919,13,364,16,4,In-Network,2023-24,2024-05-29,2024-05-30,2024-07-02,33,173.58,173.58,Clean-Paid,,False
1316,1921,23,761,10,5,In-Network,2023-24,2024-05-29,2024-05-30,2024-06-30,31,138.45,0.0,Denied,Max Benefit Exceeded,False
1317,1704,25,678,3,9,In-Network,2023-24,2024-05-30,2024-05-30,2024-07-16,47,223.08,223.08,Clean-Paid,,False
1318,182,3,70,8,1,In-Network,2023-24,2024-05-30,2024-05-30,2024-07-18,49,168.71,168.71,Clean-Paid,,False
1319,704,3,275,7,1,In-Network,2023-24,2024-05-30,2024-06-03,2024-07-22,49,122.16,122.16,Clean-Paid,,False
1320,955,19,376,12,9,In-Network,2023-24,2024-05-30,2024-06-02,2024-07-25,53,138.45,0.0,Denied,Missing X-Ray,False
1321,1340,34,536,13,2,In-Network,2023-24,2024-05-31,2024-06-02,2024-06-30,28,208.0,208.0,Clean-Paid,,False
1322,287,4,115,15,2,In-Network,2023-24,2024-05-31,2024-06-02,2024-07-07,35,168.71,168.71,Clean-Paid,,False
1323,1102,27,441,11,9,In-Network,2023-24,2024-05-31,2024-05-31,2024-07-16,46,224.02,224.02,Clean-Paid,,False
1324,506,3,202,14,1,Out-of-Network,2023-24,2024-05-31,2024-06-05,2024-07-17,42,252.42,0.0,Denied,Prior Auth Required,False
1325,1923,23,762,14,5,In-Network,2023-24,2024-05-31,2024-05-31,2024-07-10,40,192.82,192.82,Clean-Paid,,False
1326,1456,35,583,3,7,In-Network,2023-24,2024-05-31,2024-06-02,2024-06-28,26,138.45,138.45,Clean-Paid,,False
1327,1683,25,669,9,9,In-Network,2023-24,2024-05-31,2024-05-31,2024-07-22,52,118.32,118.32,Clean-Paid,,False
1328,1466,15,590,20,1,Out-of-Network,2023-24,2024-05-31,2024-06-03,2024-07-22,49,178.82,178.82,Clean-Paid,,False
1329,1512,14,607,1,4,In-Network,2023-24,2024-06-03,2024-06-04,2024-07-16,42,224.02,0.0,Denied,Coverage Terminated,False
1330,1758,33,700,11,8,In-Network,2023-24,2024-06-03,2024-06-08,2024-07-11,33,224.02,224.02,Clean-Paid,,False
1331,1359,18,545,11,1,Out-of-Network,2023-24,2024-06-03,2024-06-08,2024-07-21,43,106.65,106.65,Clean-Paid,,False
1332,17,23,7,19,5,In-Network,2023-24,2024-06-03,2024-06-03,2024-07-11,38,139.17,139.17,Clean-Paid,,False
1333,1338,34,536,13,2,In-Network,2023-24,2024-06-03,2024-06-03,2024-07-03,30,138.45,138.45,Clean-Paid,,False
1334,527,9,208,2,6,Out-of-Network,2023-24,2024-06-03,2024-06-03,2024-07-10,37,178.82,0.0,Denied,Prior Auth Required,False
1335,1888,16,750,15,7,In-Network,2023-24,2024-06-03,2024-06-03,2024-07-03,30,223.08,223.08,Clean-Paid,,False
1336,1520,30,610,12,5,In-Network,2023-24,2024-06-03,2024-06-03,2024-07-07,34,224.02,224.02,Clean-Paid,,False
1337,844,5,334,7,4,In-Network,2023-24,2024-06-03,2024-06-08,2024-07-16,38,107.25,107.25,Clean-Paid,,False
1338,428,17,170,2,5,Out-of-Network,2023-24,2024-06-03,2024-06-03,2024-07-06,33,178.82,178.82,Clean-Paid,,False
1339,63,21,25,4,2,In-Network,2023-24,2024-06-03,2024-06-04,2024-06-30,26,224.02,224.02,Clean-Paid,,False
1340,682,23,268,12,5,In-Network,2023-24,2024-06-03,2024-06-04,2024-07-13,39,167.74,167.74,Clean-Paid,,False
1341,1765,33,702,10,8,In-Network,2023-24,2024-06-03,2024-06-04,2024-07-19,45,182.17,182.17,Clean-Paid,,False
1342,741,9,289,3,6,In-Network,2023-24,2024-06-03,2024-06-07,2024-07-08,31,138.45,138.45,Clean-Paid,,False
1343,475,21,192,10,2,In-Network,2023-24,2024-06-04,2024-06-07,2024-07-05,28,223.08,223.08,Clean-Paid,,False
1344,230,13,90,14,4,In-Network,2023-24,2024-06-04,2024-06-06,2024-07-16,40,224.02,224.02,Clean-Paid,,False
1345,715,3,279,20,1,Out-of-Network,2023-24,2024-06-04,2024-06-07,2024-07-10,33,178.82,178.82,Clean-Paid,,False
1346,1902,31,755,11,2,In-Network,2023-24,2024-06-04,2024-06-06,2024-07-06,30,224.02,224.02,Clean-Paid,,False
1347,659,21,260,1,2,In-Network,2023-24,2024-06-05,2024-06-10,2024-07-13,33,729.71,729.71,Clean-Paid,,True
1348,1735,4,690,20,2,In-Network,2023-24,2024-06-05,2024-06-08,2024-07-11,33,162.16,162.16,Clean-Paid,,False
1349,393,22,156,20,6,Out-of-Network,2023-24,2024-06-05,2024-06-05,2024-07-01,26,285.94,285.94,Clean-Paid,,False
1350,986,11,389,1,5,In-Network,2023-24,2024-06-06,2024-06-06,2024-07-02,26,138.45,138.45,Clean-Paid,,False
1351,1225,16,491,4,7,In-Network,2023-24,2024-06-06,2024-06-08,2024-07-11,33,254.28,254.28,Clean-Paid,,False
1352,928,13,367,13,4,In-Network,2023-24,2024-06-06,2024-06-10,2024-07-30,50,208.0,208.0,Clean-Paid,,False
1353,1098,18,439,14,1,Out-of-Network,2023-24,2024-06-06,2024-06-11,2024-07-17,36,190.92,190.92,Clean-Paid,,False
1354,918,13,364,16,4,In-Network,2023-24,2024-06-07,2024-06-10,2024-07-27,47,243.54,243.54,Clean-Paid,,False
1355,1164,31,466,16,2,In-Network,2023-24,2024-06-07,2024-06-11,2024-07-18,37,224.02,224.02,Clean-Paid,,False
1356,676,23,266,19,5,In-Network,2023-24,2024-06-07,2024-06-10,2024-07-13,33,224.02,224.02,Clean-Paid,,False
1357,948,5,373,20,4,In-Network,2023-24,2024-06-07,2024-06-09,2024-07-17,38,93.58,93.58,Clean-Paid,,False
1358,1009,30,398,8,5,In-Network,2023-24,2024-06-10,2024-06-11,2024-07-09,28,138.45,138.45,Clean-Paid,,False
1359,631,29,246,7,5,In-Network,2023-24,2024-06-10,2024-06-15,2024-07-18,33,493.06,493.06,Clean-Paid,,True
1360,824,34,325,19,2,In-Network,2023-24,2024-06-10,2024-06-14,2024-07-13,29,138.45,138.45,Clean-Paid,,False
1361,1218,1,488,4,4,In-Network,2023-24,2024-06-10,2024-06-13,2024-07-29,46,138.45,138.45,Clean-Paid,,False
1362,1115,35,445,6,7,In-Network,2023-24,2024-06-10,2024-06-13,2024-07-13,30,118.32,0.0,Denied,Prior Auth Required,False
1363,635,29,248,14,5,In-Network,2023-24,2024-06-10,2024-06-15,2024-07-25,40,237.48,237.48,Clean-Paid,,False
1364,1494,11,601,3,5,In-Network,2023-24,2024-06-10,2024-06-11,2024-07-09,28,224.02,224.02,Clean-Paid,,False
1365,535,21,211,18,2,In-Network,2023-24,2024-06-10,2024-06-13,2024-07-22,39,138.45,138.45,Clean-Paid,,False
1366,1840,14,731,1,4,In-Network,2023-24,2024-06-10,2024-06-12,2024-07-23,41,84.75,84.75,Clean-Paid,,False
1367,1507,14,605,20,4,In-Network,2023-24,2024-06-10,2024-06-15,2024-07-28,43,138.45,138.45,Clean-Paid,,False
1368,103,21,39,11,2,In-Network,2023-24,2024-06-10,2024-06-10,2024-07-20,40,168.71,168.71,Clean-Paid,,False
1369,648,32,255,1,1,In-Network,2023-24,2024-06-11,2024-06-11,2024-07-28,47,254.28,254.28,Clean-Paid,,False
1370,1834,7,729,5,7,In-Network,2023-24,2024-06-11,2024-06-12,2024-07-09,27,138.45,138.45,Clean-Paid,,False
1371,804,17,316,12,5,In-Network,2023-24,2024-06-11,2024-06-14,2024-07-17,33,108.47,108.47,Clean-Paid,,False
1372,509,6,203,18,8,In-Network,2023-24,2024-06-11,2024-06-13,2024-07-27,44,138.45,138.45,Clean-Paid,,False
1373,455,24,182,19,8,In-Network,2023-24,2024-06-11,2024-06-14,2024-07-26,42,107.25,107.25,Clean-Paid,,False
1374,1415,25,567,8,9,In-Network,2023-24,2024-06-11,2024-06-11,2024-07-19,38,138.45,138.45,Clean-Paid,,False
1375,200,34,76,8,2,In-Network,2023-24,2024-06-11,2024-06-16,2024-07-27,41,138.45,0.0,Denied,Max Benefit Exceeded,False
1376,1913,23,759,19,5,In-Network,2023-24,2024-06-12,2024-06-14,2024-07-12,28,224.02,224.02,Clean-Paid,,False
1377,1220,16,489,13,7,In-Network,2023-24,2024-06-12,2024-06-13,2024-07-12,29,204.75,204.75,Clean-Paid,,False
1378,617,5,241,12,4,Out-of-Network,2023-24,2024-06-12,2024-06-17,2024-08-03,47,196.95,196.95,Clean-Paid,,False
1379,144,30,56,8,5,In-Network,2023-24,2024-06-12,2024-06-12,2024-07-15,33,223.08,0.0,Denied,Prior Auth Required,False
1380,1701,2,676,12,9,In-Network,2023-24,2024-06-12,2024-06-12,2024-07-25,43,137.51,137.51,Clean-Paid,,False
1381,1391,25,557,9,9,In-Network,2023-24,2024-06-12,2024-06-16,2024-08-07,52,138.45,138.45,Clean-Paid,,False
1382,157,3,62,12,1,In-Network,2023-24,2024-06-13,2024-06-17,2024-07-21,34,138.45,138.45,Clean-Paid,,False
1383,1746,8,695,16,1,Out-of-Network,2023-24,2024-06-13,2024-06-14,2024-07-31,47,178.82,0.0,Denied,Prior Auth Required,False
1384,1761,33,701,7,8,In-Network,2023-24,2024-06-13,2024-06-16,2024-07-17,31,138.45,138.45,Clean-Paid,,False
1385,853,28,338,4,3,In-Network,2023-24,2024-06-13,2024-06-13,2024-07-04,21,224.02,224.02,Clean-Paid,,False
1386,1867,6,742,10,8,In-Network,2023-24,2024-06-14,2024-06-15,2024-07-26,41,138.45,138.45,Clean-Paid,,False
1387,1560,32,624,6,1,In-Network,2023-24,2024-06-14,2024-06-15,2024-07-19,34,138.45,138.45,Clean-Paid,,False
1388,703,3,275,7,1,In-Network,2023-24,2024-06-14,2024-06-19,2024-08-03,45,162.16,162.16,Clean-Paid,,False
1389,890,9,352,18,6,In-Network,2023-24,2024-06-17,2024-06-20,2024-07-28,38,151.91,0.0,Denied,Coding Error,False
1390,1637,2,651,6,9,In-Network,2023-24,2024-06-17,2024-06-21,2024-08-12,52,133.78,133.78,Clean-Paid,,False
1391,1448,16,579,7,7,In-Network,2023-24,2024-06-17,2024-06-20,2024-07-16,26,98.06,98.06,Clean-Paid,,False
1392,1370,15,550,2,1,Out-of-Network,2023-24,2024-06-17,2024-06-21,2024-07-28,37,178.82,0.0,Denied,Coding Error,False
1393,1801,3,717,18,1,In-Network,2023-24,2024-06-17,2024-06-20,2024-08-06,47,224.02,224.02,Clean-Paid,,False
1394,770,27,301,16,9,In-Network,2023-24,2024-06-17,2024-06-22,2024-08-13,52,137.51,137.51,Clean-Paid,,False
1395,1566,32,625,4,1,Out-of-Network,2023-24,2024-06-17,2024-06-19,2024-08-04,46,243.34,243.34,Clean-Paid,,False
1396,1195,28,477,20,3,In-Network,2023-24,2024-06-17,2024-06-18,2024-07-18,30,138.45,138.45,Clean-Paid,,False
1397,779,34,306,4,2,In-Network,2023-24,2024-06-17,2024-06-17,2024-07-29,42,138.45,138.45,Clean-Paid,,False
1398,1688,2,671,16,9,In-Network,2023-24,2024-06-17,2024-06-21,2024-08-07,47,138.45,138.45,Clean-Paid,,False
1399,1583,20,631,20,4,In-Network,2023-24,2024-06-17,2024-06-20,2024-08-01,42,224.02,224.02,Clean-Paid,,False
1400,246,32,97,14,1,Out-of-Network,2023-24,2024-06-17,2024-06-19,2024-07-25,36,178.82,178.82,Clean-Paid,,False
1401,1626,5,647,18,4,In-Network,2023-24,2024-06-17,2024-06-19,2024-07-28,39,108.47,108.47,Clean-Paid,,False
1402,1856,8,737,4,1,Out-of-Network,2023-24,2024-06-17,2024-06-20,2024-07-24,34,45.28,45.28,Clean-Paid,,False
1403,1608,9,641,11,6,Out-of-Network,2023-24,2024-06-17,2024-06-17,2024-07-13,26,991.75,991.75,Clean-Paid,,True
1404,355,32,142,4,1,Out-of-Network,2023-24,2024-06-18,2024-06-23,2024-07-27,34,252.42,252.42,Clean-Paid,,False
1405,745,9,290,17,6,Out-of-Network,2023-24,2024-06-18,2024-06-19,2024-07-21,32,207.47,207.47,Clean-Paid,,False
1406,1906,31,756,15,2,In-Network,2023-24,2024-06-18,2024-06-20,2024-07-20,30,98.06,98.06,Clean-Paid,,False
1407,943,5,372,20,4,In-Network,2023-24,2024-06-18,2024-06-20,2024-07-28,38,254.28,254.28,Clean-Paid,,False
1408,1129,22,451,9,6,Out-of-Network,2023-24,2024-06-18,2024-06-22,2024-07-19,27,285.94,0.0,Denied,Max Benefit Exceeded,False
1409,74,20,29,12,4,Out-of-Network,2023-24,2024-06-18,2024-06-23,2024-08-04,42,137.19,137.19,Clean-Paid,,False
1410,1021,18,404,11,1,Out-of-Network,2023-24,2024-06-18,2024-06-18,2024-07-26,38,178.82,178.82,Clean-Paid,,False
1411,54,21,21,3,2,In-Network,2023-24,2024-06-18,2024-06-21,2024-07-30,39,138.45,138.45,Clean-Paid,,False
1412,188,34,72,5,2,In-Network,2023-24,2024-06-18,2024-06-19,2024-07-21,32,138.45,138.45,Clean-Paid,,False
1413,1463,26,587,15,4,In-Network,2023-24,2024-06-19,2024-06-19,2024-07-29,40,138.45,138.45,Clean-Paid,,False
1414,1794,7,715,12,7,In-Network,2023-24,2024-06-19,2024-06-19,2024-07-18,29,138.45,138.45,Clean-Paid,,False
1415,644,3,252,8,1,In-Network,2023-24,2024-06-19,2024-06-24,2024-07-31,37,267.74,0.0,Denied,Frequency Limit Exceeded,False
1416,1945,26,770,6,4,In-Network,2023-24,2024-06-20,2024-06-25,2024-08-13,49,224.02,224.02,Clean-Paid,,False
1417,1019,28,403,2,3,In-Network,2023-24,2024-06-20,2024-06-22,2024-07-18,26,168.71,0.0,Denied,Prior Auth Required,False
1418,1499,11,602,12,5,In-Network,2023-24,2024-06-20,2024-06-23,2024-07-16,23,102.16,102.16,Clean-Paid,,False
1419,759,33,297,12,8,Out-of-Network,2023-24,2024-06-20,2024-06-25,2024-08-08,44,170.12,0.0,Denied,Max Benefit Exceeded,False
1420,739,10,288,18,9,In-Network,2023-24,2024-06-20,2024-06-23,2024-08-06,44,73.78,73.78,Clean-Paid,,False
1421,408,34,163,3,2,In-Network,2023-24,2024-06-21,2024-06-24,2024-07-29,35,138.45,138.45,Clean-Paid,,False
1422,351,32,141,14,1,Out-of-Network,2023-24,2024-06-21,2024-06-26,2024-08-05,40,178.82,178.82,Clean-Paid,,False
1423,303,6,121,4,8,In-Network,2023-24,2024-06-21,2024-06-25,2024-07-30,35,138.45,0.0,Denied,Max Benefit Exceeded,False
1424,1351,4,542,13,2,In-Network,2023-24,2024-06-21,2024-06-26,2024-08-08,43,223.08,223.08,Clean-Paid,,False
1425,996,4,393,9,2,In-Network,2023-24,2024-06-24,2024-06-29,2024-08-01,33,138.45,138.45,Clean-Paid,,False
1426,1067,21,423,16,2,In-Network,2023-24,2024-06-24,2024-06-24,2024-07-30,36,132.57,132.57,Clean-Paid,,False
1427,1949,26,771,20,4,In-Network,2023-24,2024-06-24,2024-06-28,2024-08-05,38,224.02,224.02,Clean-Paid,,False
1428,1031,30,409,17,5,In-Network,2023-24,2024-06-24,2024-06-29,2024-08-06,38,139.17,139.17,Clean-Paid,,False
1429,1411,25,566,14,9,In-Network,2023-24,2024-06-24,2024-06-24,2024-08-11,48,138.45,138.45,Clean-Paid,,False
1430,336,35,135,2,7,In-Network,2023-24,2024-06-24,2024-06-24,2024-07-31,37,192.82,192.82,Clean-Paid,,False
1431,383,29,152,11,5,In-Network,2023-24,2024-06-24,2024-06-27,2024-07-21,24,224.02,0.0,Denied,Missing X-Ray,False
1432,1335,31,534,3,2,In-Network,2023-24,2024-06-24,2024-06-27,2024-07-29,32,324.14,324.14,Clean-Paid,,True
1433,587,9,230,17,6,Out-of-Network,2023-24,2024-06-24,2024-06-28,2024-07-22,24,338.19,338.19,Clean-Paid,,False
1434,582,9,229,11,6,Out-of-Network,2023-24,2024-06-24,2024-06-27,2024-07-20,23,106.65,0.0,Denied,Max Benefit Exceeded,False
1435,279,5,112,18,4,In-Network,2023-24,2024-06-24,2024-06-28,2024-08-13,46,135.07,135.07,Clean-Paid,,False
1436,736,10,287,9,9,In-Network,2023-24,2024-06-24,2024-06-28,2024-08-15,48,488.68,488.68,Clean-Paid,,True
1437,11,10,4,6,9,In-Network,2023-24,2024-06-24,2024-06-26,2024-08-03,38,224.02,224.02,Clean-Paid,,False
1438,868,6,344,19,8,In-Network,2023-24,2024-06-24,2024-06-24,2024-07-27,33,137.51,137.51,Clean-Paid,,False
1439,52,21,20,5,2,In-Network,2023-24,2024-06-25,2024-06-27,2024-08-05,39,108.47,108.47,Clean-Paid,,False
1440,1631,5,649,2,4,Out-of-Network,2023-24,2024-06-25,2024-06-30,2024-08-12,43,218.19,0.0,Denied,Coding Error,False
1441,1968,15,776,15,1,In-Network,2023-24,2024-06-25,2024-06-25,2024-08-09,45,302.68,302.68,Clean-Paid,,True
1442,142,30,55,19,5,In-Network,2023-24,2024-06-25,2024-06-30,2024-07-31,31,138.45,138.45,Clean-Paid,,False
1443,973,22,382,9,6,Out-of-Network,2023-24,2024-06-25,2024-06-30,2024-08-08,39,136.95,136.95,Clean-Paid,,False
1444,780,34,306,4,2,In-Network,2023-24,2024-06-26,2024-07-01,2024-08-02,32,103.9,103.9,Clean-Paid,,False
1445,364,22,145,6,6,In-Network,2023-24,2024-06-26,2024-06-30,2024-08-08,39,151.91,0.0,Denied,Prior Auth Required,False
1446,228,26,89,5,4,In-Network,2023-24,2024-06-26,2024-06-29,2024-08-14,46,237.48,237.48,Clean-Paid,,False
1447,497,3,199,6,1,In-Network,2023-24,2024-06-26,2024-06-28,2024-08-10,43,138.45,138.45,Clean-Paid,,False
1448,82,12,32,20,9,In-Network,2023-24,2024-06-26,2024-06-26,2024-08-15,50,813.65,813.65,Clean-Paid,,True
1449,1348,4,541,4,2,In-Network,2023-24,2024-06-26,2024-07-01,2024-08-07,37,224.02,224.02,Clean-Paid,,False
1450,462,8,185,2,1,Out-of-Network,2023-24,2024-06-26,2024-07-01,2024-08-17,47,285.94,285.94,Clean-Paid,,False
1451,1015,28,401,3,3,In-Network,2023-24,2024-06-27,2024-06-27,2024-07-21,24,224.02,224.02,Clean-Paid,,False
1452,507,3,202,14,1,Out-of-Network,2023-24,2024-06-27,2024-07-02,2024-08-06,35,137.19,137.19,Clean-Paid,,False
1453,668,16,263,10,7,In-Network,2023-24,2024-06-28,2024-07-01,2024-08-10,40,151.91,151.91,Clean-Paid,,False
1454,1878,16,747,15,7,In-Network,2023-24,2024-06-28,2024-07-01,2024-07-27,26,224.02,224.02,Clean-Paid,,False
1455,61,21,24,20,2,In-Network,2023-24,2024-06-28,2024-06-29,2024-08-05,37,168.0,168.0,Clean-Paid,,False
1456,594,19,233,11,9,In-Network,2023-24,2024-06-28,2024-06-29,2024-08-16,48,137.51,137.51,Clean-Paid,,False
1457,236,13,93,6,4,In-Network,2023-24,2024-06-28,2024-06-28,2024-08-15,48,107.25,107.25,Clean-Paid,,False
1458,1242,12,498,9,9,In-Network,2023-24,2024-06-28,2024-07-01,2024-08-25,55,224.02,224.02,Clean-Paid,,False
1459,485,21,195,11,2,In-Network,2023-24,2024-07-01,2024-07-01,2024-08-10,40,206.53,206.53,Clean-Paid,,False
1460,1729,4,688,4,2,In-Network,2023-24,2024-07-01,2024-07-01,2024-07-29,28,138.45,138.45,Clean-Paid,,False
1461,94,21,36,10,2,In-Network,2023-24,2024-07-01,2024-07-04,2024-08-12,39,159.17,159.17,Clean-Paid,,False
1462,1503,14,604,4,4,In-Network,2023-24,2024-07-01,2024-07-06,2024-08-09,34,138.45,138.45,Clean-Paid,,False
1463,1053,27,417,14,9,In-Network,2023-24,2024-07-01,2024-07-01,2024-08-11,41,71.88,0.0,Denied,Prior Auth Required,False
1464,514,6,204,1,8,In-Network,2023-24,2024-07-01,2024-07-04,2024-08-17,44,103.96,103.96,Clean-Paid,,False
1465,1435,22,574,10,6,In-Network,2023-24,2024-07-01,2024-07-02,2024-07-27,25,138.45,138.45,Clean-Paid,,False
1466,902,12,357,12,9,In-Network,2023-24,2024-07-01,2024-07-04,2024-08-26,53,204.75,0.0,Denied,Missing X-Ray,False
1467,158,3,62,12,1,In-Network,2023-24,2024-07-01,2024-07-06,2024-08-18,43,58.06,58.06,Clean-Paid,,False
1468,1786,16,711,14,7,In-Network,2023-24,2024-07-01,2024-07-02,2024-08-07,36,138.45,138.45,Clean-Paid,,False
1469,642,3,251,9,1,Out-of-Network,2023-24,2024-07-01,2024-07-01,2024-08-09,39,178.82,178.82,Clean-Paid,,False
1470,1643,20,653,15,4,In-Network,2023-24,2024-07-02,2024-07-02,2024-08-14,43,572.44,0.0,Denied,Max Benefit Exceeded,True
1471,1753,30,698,4,5,In-Network,2023-24,2024-07-02,2024-07-03,2024-08-07,35,138.45,138.45,Clean-Paid,,False
1472,1677,10,667,15,9,In-Network,2023-24,2024-07-03,2024-07-03,2024-08-14,42,153.58,0.0,Denied,Coding Error,False
1473,1441,16,576,2,7,In-Network,2023-24,2024-07-03,2024-07-04,2024-08-14,41,224.02,224.02,Clean-Paid,,False
1474,620,5,243,7,4,In-Network,2023-24,2024-07-03,2024-07-06,2024-08-20,45,224.02,224.02,Clean-Paid,,False
1475,4,24,2,13,8,In-Network,2023-24,2024-07-03,2024-07-05,2024-08-15,41,138.45,138.45,Clean-Paid,,False
1476,1781,24,709,16,8,In-Network,2023-24,2024-07-03,2024-07-05,2024-08-06,32,138.45,138.45,Clean-Paid,,False
1477,1639,2,652,2,9,In-Network,2023-24,2024-07-03,2024-07-07,2024-08-23,47,138.45,138.45,Clean-Paid,,False
1478,1769,33,703,10,8,In-Network,2023-24,2024-07-03,2024-07-06,2024-08-04,29,107.25,107.25,Clean-Paid,,False
1479,807,17,317,8,5,In-Network,2023-24,2024-07-03,2024-07-05,2024-08-08,34,138.45,138.45,Clean-Paid,,False
1480,1931,35,765,14,7,In-Network,2023-24,2024-07-03,2024-07-06,2024-08-02,27,139.17,139.17,Clean-Paid,,False
1481,159,3,62,12,1,In-Network,2023-24,2024-07-04,2024-07-09,2024-08-20,42,71.88,0.0,Denied,Frequency Limit Exceeded,False
1482,198,34,75,19,2,In-Network,2023-24,2024-07-04,2024-07-08,2024-08-11,34,377.68,377.68,Clean-Paid,,True
1483,1778,24,707,11,8,In-Network,2023-24,2024-07-04,2024-07-05,2024-08-10,36,192.82,0.0,Denied,Missing X-Ray,False
1484,1897,31,753,5,2,In-Network,2023-24,2024-07-04,2024-07-09,2024-08-15,37,138.45,138.45,Clean-Paid,,False
1485,1515,14,608,10,4,In-Network,2023-24,2024-07-05,2024-07-05,2024-08-24,50,172.57,172.57,Clean-Paid,,False
1486,129,15,50,1,1,In-Network,2023-24,2024-07-05,2024-07-08,2024-08-10,33,143.9,143.9,Clean-Paid,,False
1487,1632,5,649,2,4,Out-of-Network,2023-24,2024-07-05,2024-07-06,2024-08-25,50,200.91,0.0,Denied,Frequency Limit Exceeded,False
1488,1716,27,683,12,9,In-Network,2023-24,2024-07-08,2024-07-12,2024-09-05,55,138.45,138.45,Clean-Paid,,False
1489,124,15,49,17,1,Out-of-Network,2023-24,2024-07-08,2024-07-10,2024-08-19,40,178.82,178.82,Clean-Paid,,False
1490,1043,27,415,9,9,In-Network,2023-24,2024-07-08,2024-07-10,2024-09-01,53,138.45,138.45,Clean-Paid,,False
1491,652,21,257,12,2,In-Network,2023-24,2024-07-08,2024-07-11,2024-08-19,39,138.45,138.45,Clean-Paid,,False
1492,467,1,188,5,4,In-Network,2023-24,2024-07-08,2024-07-10,2024-08-19,40,201.96,201.96,Clean-Paid,,False
1493,1093,18,437,10,1,In-Network,2023-24,2024-07-08,2024-07-11,2024-08-26,46,172.57,172.57,Clean-Paid,,False
1494,304,6,121,4,8,In-Network,2023-24,2024-07-08,2024-07-09,2024-08-23,45,73.78,0.0,Denied,Prior Auth Required,False
1495,300,6,120,17,8,In-Network,2023-24,2024-07-08,2024-07-09,2024-08-13,35,377.68,377.68,Clean-Paid,,True
1496,1381,15,554,9,1,Out-of-Network,2023-24,2024-07-08,2024-07-11,2024-08-19,39,298.04,298.04,Clean-Paid,,False
1497,1911,16,758,6,7,In-Network,2023-24,2024-07-08,2024-07-10,2024-08-14,35,55.07,55.07,Clean-Paid,,False
1498,1376,15,552,1,1,In-Network,2023-24,2024-07-08,2024-07-09,2024-08-27,49,138.45,138.45,Clean-Paid,,False
1499,1842,14,732,20,4,In-Network,2023-24,2024-07-08,2024-07-09,2024-08-21,43,107.25,107.25,Clean-Paid,,False
1500,1952,23,772,13,5,In-Network,2023-24,2024-07-08,2024-07-13,2024-08-13,31,138.45,138.45,Clean-Paid,,False
1501,253,32,100,17,1,Out-of-Network,2023-24,2024-07-08,2024-07-09,2024-08-26,48,285.94,285.94,Clean-Paid,,False
1502,1280,31,513,3,2,In-Network,2023-24,2024-07-09,2024-07-14,2024-08-25,42,162.16,162.16,Clean-Paid,,False
1503,1528,30,613,1,5,In-Network,2023-24,2024-07-09,2024-07-10,2024-08-05,26,224.02,0.0,Denied,Timely Filing Expired,False
1504,22,23,9,18,5,In-Network,2023-24,2024-07-10,2024-07-15,2024-08-17,33,151.91,0.0,Denied,Frequency Limit Exceeded,False
1505,1740,4,693,12,2,In-Network,2023-24,2024-07-10,2024-07-12,2024-08-20,39,137.51,137.51,Clean-Paid,,False
1506,911,29,361,11,5,In-Network,2023-24,2024-07-10,2024-07-11,2024-08-05,25,224.02,224.02,Clean-Paid,,False
1507,1199,12,478,5,9,In-Network,2023-24,2024-07-10,2024-07-12,2024-09-03,53,224.02,224.02,Clean-Paid,,False
1508,1994,19,787,13,9,In-Network,2023-24,2024-07-11,2024-07-13,2024-08-22,40,107.25,107.25,Clean-Paid,,False
1509,864,6,342,16,8,In-Network,2023-24,2024-07-11,2024-07-12,2024-08-26,45,138.45,0.0,Denied,Timely Filing Expired,False
1510,1618,30,645,2,5,Out-of-Network,2023-24,2024-07-11,2024-07-16,2024-08-11,26,285.94,0.0,Denied,Missing X-Ray,False
1511,270,1,109,5,4,In-Network,2023-24,2024-07-12,2024-07-17,2024-09-03,48,224.02,224.02,Clean-Paid,,False
1512,589,19,231,14,9,In-Network,2023-24,2024-07-12,2024-07-12,2024-08-19,38,138.45,138.45,Clean-Paid,,False
1513,628,5,245,18,4,In-Network,2023-24,2024-07-15,2024-07-16,2024-08-18,33,208.0,208.0,Clean-Paid,,False
1514,231,13,90,14,4,In-Network,2023-24,2024-07-15,2024-07-18,2024-08-21,34,436.62,0.0,Denied,Prior Auth Required,True
1515,171,2,67,3,9,In-Network,2023-24,2024-07-15,2024-07-17,2024-09-09,54,138.45,0.0,Denied,Coverage Terminated,False
1516,1092,18,437,10,1,In-Network,2023-24,2024-07-15,2024-07-19,2024-08-26,38,107.25,107.25,Clean-Paid,,False
1517,289,4,116,16,2,In-Network,2023-24,2024-07-15,2024-07-18,2024-08-30,43,138.45,138.45,Clean-Paid,,False
1518,825,34,326,10,2,In-Network,2023-24,2024-07-15,2024-07-17,2024-08-21,35,223.08,223.08,Clean-Paid,,False
1519,1231,16,493,11,7,In-Network,2023-24,2024-07-15,2024-07-20,2024-08-25,36,135.07,135.07,Clean-Paid,,False
1520,1172,31,468,18,2,In-Network,2023-24,2024-07-15,2024-07-18,2024-08-26,39,173.58,173.58,Clean-Paid,,False
1521,1569,33,626,5,8,In-Network,2023-24,2024-07-15,2024-07-16,2024-08-14,29,107.74,107.74,Clean-Paid,,False
1522,444,32,177,5,1,In-Network,2023-24,2024-07-15,2024-07-17,2024-08-31,45,224.02,224.02,Clean-Paid,,False
1523,1471,15,592,4,1,Out-of-Network,2023-24,2024-07-16,2024-07-21,2024-09-08,49,298.04,298.04,Clean-Paid,,False
1524,474,21,191,8,2,In-Network,2023-24,2024-07-16,2024-07-19,2024-08-18,30,138.45,138.45,Clean-Paid,,False
1525,1846,14,733,2,4,Out-of-Network,2023-24,2024-07-16,2024-07-16,2024-09-03,49,218.37,218.37,Clean-Paid,,False
1526,313,22,125,16,6,Out-of-Network,2023-24,2024-07-16,2024-07-21,2024-08-15,25,178.82,0.0,Denied,Missing X-Ray,False
1527,842,5,333,13,4,In-Network,2023-24,2024-07-17,2024-07-18,2024-08-29,42,138.45,138.45,Clean-Paid,,False
1528,241,13,95,6,4,In-Network,2023-24,2024-07-17,2024-07-19,2024-08-31,43,224.02,224.02,Clean-Paid,,False
1529,784,34,309,13,2,In-Network,2023-24,2024-07-18,2024-07-21,2024-08-26,36,168.71,0.0,Denied,Max Benefit Exceeded,False
1530,411,34,164,4,2,In-Network,2023-24,2024-07-18,2024-07-23,2024-08-29,37,224.02,224.02,Clean-Paid,,False
1531,1227,16,492,16,7,In-Network,2023-24,2024-07-18,2024-07-21,2024-08-17,27,107.25,107.25,Clean-Paid,,False
1532,785,34,309,13,2,In-Network,2023-24,2024-07-18,2024-07-19,2024-08-24,36,159.17,0.0,Denied,Coverage Terminated,False
1533,1205,12,481,8,9,In-Network,2023-24,2024-07-19,2024-07-21,2024-09-07,48,223.08,223.08,Clean-Paid,,False
1534,1387,6,556,2,8,In-Network,2023-24,2024-07-19,2024-07-23,2024-09-01,40,138.45,138.45,Clean-Paid,,False
1535,1723,27,685,16,9,In-Network,2023-24,2024-07-19,2024-07-20,2024-09-13,55,0.0,0.0,Clean-Paid,,False
1536,1969,15,776,15,1,In-Network,2023-24,2024-07-19,2024-07-21,2024-09-08,49,199.17,199.17,Clean-Paid,,False
1537,119,30,46,7,5,In-Network,2023-24,2024-07-22,2024-07-25,2024-08-22,28,243.54,243.54,Clean-Paid,,False
1538,1889,16,750,15,7,In-Network,2023-24,2024-07-22,2024-07-27,2024-09-08,43,69.68,69.68,Clean-Paid,,False
1539,1357,18,545,11,1,Out-of-Network,2023-24,2024-07-22,2024-07-25,2024-09-08,45,285.94,285.94,Clean-Paid,,False
1540,1562,32,624,6,1,In-Network,2023-24,2024-07-22,2024-07-24,2024-09-03,41,178.15,178.15,Clean-Paid,,False
1541,1117,35,446,8,7,In-Network,2023-24,2024-07-22,2024-07-23,2024-08-25,33,168.71,168.71,Clean-Paid,,False
1542,167,2,65,12,9,In-Network,2023-24,2024-07-22,2024-07-22,2024-09-07,47,224.02,224.02,Clean-Paid,,False
1543,1321,1,529,3,4,Out-of-Network,2023-24,2024-07-22,2024-07-22,2024-08-31,40,257.81,257.81,Clean-Paid,,False
1544,692,29,271,6,5,In-Network,2023-24,2024-07-22,2024-07-25,2024-09-02,39,182.17,182.17,Clean-Paid,,False
1545,513,6,204,1,8,In-Network,2023-24,2024-07-22,2024-07-23,2024-09-02,41,267.74,267.74,Clean-Paid,,False
1546,1978,25,780,12,9,In-Network,2023-24,2024-07-22,2024-07-22,2024-09-05,45,178.15,178.15,Clean-Paid,,False
1547,425,32,169,15,1,In-Network,2023-24,2024-07-22,2024-07-24,2024-08-29,36,138.45,138.45,Clean-Paid,,False
1548,552,20,218,12,4,Out-of-Network,2023-24,2024-07-22,2024-07-25,2024-09-03,40,106.65,106.65,Clean-Paid,,False
1549,762,27,298,20,9,In-Network,2023-24,2024-07-22,2024-07-23,2024-09-06,45,138.45,138.45,Clean-Paid,,False
1550,1826,7,726,5,7,In-Network,2023-24,2024-07-23,2024-07-23,2024-08-23,31,138.45,138.45,Clean-Paid,,False
1551,70,20,28,4,4,In-Network,2023-24,2024-07-23,2024-07-25,2024-09-07,44,138.45,138.45,Clean-Paid,,False
1552,1245,12,499,8,9,In-Network,2023-24,2024-07-23,2024-07-28,2024-09-15,49,138.45,138.45,Clean-Paid,,False
1553,764,27,299,5,9,In-Network,2023-24,2024-07-23,2024-07-27,2024-09-07,42,224.02,224.02,Clean-Paid,,False
1554,1989,25,784,18,9,In-Network,2023-24,2024-07-24,2024-07-27,2024-09-07,42,107.25,107.25,Clean-Paid,,False
1555,1607,9,641,11,6,Out-of-Network,2023-24,2024-07-24,2024-07-26,2024-08-27,32,226.93,226.93,Clean-Paid,,False
1556,371,25,147,5,9,In-Network,2023-24,2024-07-24,2024-07-29,2024-09-10,43,729.71,0.0,Denied,Prior Auth Required,True
1557,551,20,218,12,4,Out-of-Network,2023-24,2024-07-25,2024-07-30,2024-09-16,48,258.13,258.13,Clean-Paid,,False
1558,145,30,57,9,5,Out-of-Network,2023-24,2024-07-25,2024-07-25,2024-09-01,38,258.13,0.0,Denied,Prior Auth Required,False
1559,1114,35,445,6,7,In-Network,2023-24,2024-07-26,2024-07-27,2024-09-04,39,107.25,107.25,Clean-Paid,,False
1560,1905,31,756,15,2,In-Network,2023-24,2024-07-26,2024-07-26,2024-08-24,29,137.51,137.51,Clean-Paid,,False
1561,1316,1,527,20,4,In-Network,2023-24,2024-07-26,2024-07-26,2024-09-03,39,138.45,138.45,Clean-Paid,,False
1562,1718,27,684,14,9,In-Network,2023-24,2024-07-26,2024-07-26,2024-09-12,48,138.45,138.45,Clean-Paid,,False
1563,391,29,154,8,5,In-Network,2023-24,2024-07-26,2024-07-26,2024-08-30,35,168.71,168.71,Clean-Paid,,False
1564,1432,22,573,19,6,Out-of-Network,2023-24,2024-07-29,2024-08-02,2024-09-05,34,170.12,170.12,Clean-Paid,,False
1565,254,32,100,17,1,Out-of-Network,2023-24,2024-07-29,2024-07-29,2024-09-04,37,160.91,160.91,Clean-Paid,,False
1566,1301,27,523,2,9,In-Network,2023-24,2024-07-29,2024-08-02,2024-09-24,53,192.82,192.82,Clean-Paid,,False
1567,1408,25,565,11,9,In-Network,2023-24,2024-07-29,2024-08-02,2024-09-21,50,98.06,98.06,Clean-Paid,,False
1568,1151,1,460,18,4,In-Network,2023-24,2024-07-29,2024-08-01,2024-09-13,43,138.45,138.45,Clean-Paid,,False
1569,696,29,272,2,5,Out-of-Network,2023-24,2024-07-29,2024-08-02,2024-08-28,26,189.43,189.43,Clean-Paid,,False
1570,299,6,120,17,8,In-Network,2023-24,2024-07-29,2024-07-31,2024-09-14,45,138.45,138.45,Clean-Paid,,False
1571,1461,35,586,6,7,In-Network,2023-24,2024-07-29,2024-07-30,2024-09-04,36,223.08,223.08,Clean-Paid,,False
1572,1523,30,611,17,5,In-Network,2023-24,2024-07-29,2024-07-31,2024-08-29,29,9.68,9.68,Clean-Paid,,False
1573,849,31,336,6,2,In-Network,2023-24,2024-07-29,2024-07-29,2024-08-25,27,224.02,224.02,Clean-Paid,,False
1574,406,29,162,15,5,In-Network,2023-24,2024-07-29,2024-08-02,2024-08-27,25,138.45,138.45,Clean-Paid,,False
1575,556,20,219,20,4,In-Network,2023-24,2024-07-29,2024-08-03,2024-09-20,48,29.68,29.68,Clean-Paid,,False
1576,162,3,63,10,1,In-Network,2023-24,2024-07-30,2024-08-01,2024-09-17,47,172.57,0.0,Denied,Max Benefit Exceeded,False
1577,896,9,355,16,6,Out-of-Network,2023-24,2024-07-30,2024-08-02,2024-09-05,34,212.51,212.51,Clean-Paid,,False
1578,251,32,99,12,1,In-Network,2023-24,2024-07-31,2024-08-02,2024-09-17,46,224.02,224.02,Clean-Paid,,False
1579,1121,3,447,3,1,In-Network,2023-24,2024-07-31,2024-08-03,2024-09-08,36,138.45,138.45,Clean-Paid,,False
1580,1531,30,614,8,5,In-Network,2023-24,2024-07-31,2024-08-04,2024-09-03,30,83.9,83.9,Clean-Paid,,False
1581,575,21,226,5,2,In-Network,2023-24,2024-08-01,2024-08-03,2024-09-07,35,526.18,0.0,Denied,Prior Auth Required,True
1582,1811,28,721,8,3,In-Network,2023-24,2024-08-01,2024-08-02,2024-09-02,31,224.02,0.0,Denied,Frequency Limit Exceeded,False
1583,796,7,314,15,7,In-Network,2023-24,2024-08-01,2024-08-03,2024-09-12,40,138.45,0.0,Denied,Max Benefit Exceeded,False
1584,126,15,49,17,1,Out-of-Network,2023-24,2024-08-01,2024-08-06,2024-09-16,41,162.19,162.19,Clean-Paid,,False
1585,822,16,323,2,7,In-Network,2023-24,2024-08-01,2024-08-01,2024-09-08,38,224.02,224.02,Clean-Paid,,False
1586,1565,32,625,4,1,Out-of-Network,2023-24,2024-08-02,2024-08-07,2024-09-10,34,310.17,310.17,Clean-Paid,,False
1587,1388,6,556,2,8,In-Network,2023-24,2024-08-02,2024-08-06,2024-09-13,38,243.54,243.54,Clean-Paid,,False
1588,1492,11,600,2,5,Out-of-Network,2023-24,2024-08-02,2024-08-02,2024-09-03,32,284.64,0.0,Denied,Missing X-Ray,False
1589,1235,21,495,10,2,In-Network,2023-24,2024-08-02,2024-08-05,2024-09-16,42,138.45,0.0,Denied,Max Benefit Exceeded,False
1590,572,21,225,15,2,In-Network,2023-24,2024-08-05,2024-08-07,2024-09-13,37,224.02,224.02,Clean-Paid,,False
1591,892,9,353,9,6,Out-of-Network,2023-24,2024-08-05,2024-08-05,2024-09-08,34,428.09,0.0,Denied,Prior Auth Required,True
1592,1772,24,704,1,8,In-Network,2023-24,2024-08-05,2024-08-08,2024-09-11,34,224.02,224.02,Clean-Paid,,False
1593,1829,7,727,17,7,In-Network,2023-24,2024-08-05,2024-08-07,2024-09-02,26,254.28,254.28,Clean-Paid,,False
1594,957,19,377,7,9,In-Network,2023-24,2024-08-05,2024-08-07,2024-10-01,55,138.45,138.45,Clean-Paid,,False
1595,608,8,238,11,1,Out-of-Network,2023-24,2024-08-05,2024-08-10,2024-09-12,33,76.05,0.0,Denied,Max Benefit Exceeded,False
1596,1422,17,569,2,5,Out-of-Network,2023-24,2024-08-05,2024-08-05,2024-08-31,26,178.82,178.82,Clean-Paid,,False
1597,1055,10,418,13,9,In-Network,2023-24,2024-08-05,2024-08-05,2024-09-27,53,138.45,138.45,Clean-Paid,,False
1598,1581,20,630,20,4,In-Network,2023-24,2024-08-05,2024-08-05,2024-09-16,42,138.45,138.45,Clean-Paid,,False
1599,343,32,138,12,1,In-Network,2023-24,2024-08-05,2024-08-06,2024-09-18,43,526.18,526.18,Clean-Paid,,True
1600,574,21,226,5,2,In-Network,2023-24,2024-08-05,2024-08-05,2024-09-08,34,224.02,0.0,Denied,Frequency Limit Exceeded,False
1601,837,9,331,6,6,In-Network,2023-24,2024-08-05,2024-08-08,2024-09-05,28,224.02,0.0,Denied,Max Benefit Exceeded,False
1602,504,3,201,18,1,In-Network,2023-24,2024-08-05,2024-08-07,2024-09-10,34,223.08,223.08,Clean-Paid,,False
1603,1933,9,766,11,6,Out-of-Network,2023-24,2024-08-05,2024-08-08,2024-09-05,28,178.82,0.0,Denied,Missing X-Ray,False
1604,322,22,129,17,6,Out-of-Network,2023-24,2024-08-05,2024-08-09,2024-09-01,23,285.94,285.94,Clean-Paid,,False
1605,1272,14,510,16,4,In-Network,2023-24,2024-08-06,2024-08-06,2024-09-22,47,164.85,164.85,Clean-Paid,,False
1606,1014,28,400,12,3,In-Network,2023-24,2024-08-06,2024-08-09,2024-09-02,24,138.45,138.45,Clean-Paid,,False
1607,673,16,264,12,7,In-Network,2023-24,2024-08-06,2024-08-08,2024-09-08,31,133.58,133.58,Clean-Paid,,False
1608,694,29,271,6,5,In-Network,2023-24,2024-08-07,2024-08-12,2024-09-14,33,172.57,172.57,Clean-Paid,,False
1609,675,23,265,18,5,In-Network,2023-24,2024-08-07,2024-08-07,2024-09-16,40,183.54,183.54,Clean-Paid,,False
1610,803,17,316,12,5,In-Network,2023-24,2024-08-07,2024-08-08,2024-09-03,26,138.45,138.45,Clean-Paid,,False
1611,555,20,219,20,4,In-Network,2023-24,2024-08-07,2024-08-12,2024-09-19,38,137.51,137.51,Clean-Paid,,False
1612,1035,30,411,17,5,In-Network,2023-24,2024-08-07,2024-08-09,2024-09-05,27,138.45,138.45,Clean-Paid,,False
1613,13,10,4,6,9,In-Network,2023-24,2024-08-07,2024-08-12,2024-10-02,51,377.68,0.0,Denied,Prior Auth Required,True
1614,1085,31,433,20,2,In-Network,2023-24,2024-08-07,2024-08-07,2024-09-03,27,68.47,68.47,Clean-Paid,,False
1615,916,29,363,1,5,In-Network,2023-24,2024-08-08,2024-08-13,2024-09-12,30,218.97,218.97,Clean-Paid,,False
1616,243,32,96,3,1,In-Network,2023-24,2024-08-08,2024-08-11,2024-09-26,46,138.45,138.45,Clean-Paid,,False
1617,381,25,151,19,9,In-Network,2023-24,2024-08-09,2024-08-12,2024-09-26,45,138.45,138.45,Clean-Paid,,False
1618,1294,27,519,16,9,In-Network,2023-24,2024-08-09,2024-08-09,2024-09-21,43,143.9,143.9,Clean-Paid,,False
1619,16,16,6,15,7,In-Network,2023-24,2024-08-09,2024-08-11,2024-09-23,43,107.25,107.25,Clean-Paid,,False
1620,164,3,64,13,1,In-Network,2023-24,2024-08-09,2024-08-12,2024-09-26,45,182.17,182.17,Clean-Paid,,False
1621,268,15,107,12,1,In-Network,2023-24,2024-08-12,2024-08-12,2024-09-25,44,138.45,138.45,Clean-Paid,,False
1622,329,35,131,10,7,In-Network,2023-24,2024-08-12,2024-08-14,2024-09-26,43,224.02,224.02,Clean-Paid,,False
1623,40,8,15,19,1,Out-of-Network,2023-24,2024-08-12,2024-08-12,2024-09-27,46,0.0,0.0,Denied,Max Benefit Exceeded,False
1624,2011,32,794,5,1,In-Network,2023-24,2024-08-12,2024-08-12,2024-09-15,34,199.17,199.17,Clean-Paid,,False
1625,394,22,157,6,6,In-Network,2023-24,2024-08-12,2024-08-16,2024-09-08,23,224.02,224.02,Clean-Paid,,False
1626,1965,23,775,1,5,In-Network,2023-24,2024-08-12,2024-08-15,2024-09-09,25,729.71,729.71,Clean-Paid,,True
1627,1044,27,415,9,9,In-Network,2023-24,2024-08-12,2024-08-15,2024-09-26,42,451.18,451.18,Clean-Paid,,True
1628,992,11,391,8,5,In-Network,2023-24,2024-08-12,2024-08-12,2024-09-05,24,178.15,178.15,Clean-Paid,,False
1629,1103,27,441,11,9,In-Network,2023-24,2024-08-12,2024-08-12,2024-10-01,50,199.17,199.17,Clean-Paid,,False
1630,1741,4,693,12,2,In-Network,2023-24,2024-08-12,2024-08-13,2024-09-22,40,243.54,243.54,Clean-Paid,,False
1631,249,32,98,13,1,In-Network,2023-24,2024-08-12,2024-08-14,2024-09-30,47,199.17,199.17,Clean-Paid,,False
1632,578,21,227,20,2,In-Network,2023-24,2024-08-13,2024-08-17,2024-09-17,31,138.45,138.45,Clean-Paid,,False
1633,172,2,67,3,9,In-Network,2023-24,2024-08-13,2024-08-13,2024-09-20,38,193.13,193.13,Clean-Paid,,False
1634,373,25,148,14,9,In-Network,2023-24,2024-08-14,2024-08-17,2024-10-01,45,138.45,138.45,Clean-Paid,,False
1635,746,9,291,19,6,Out-of-Network,2023-24,2024-08-14,2024-08-16,2024-09-24,39,258.13,0.0,Denied,Missing X-Ray,False
1636,658,21,260,1,2,In-Network,2023-24,2024-08-14,2024-08-14,2024-09-20,37,107.25,107.25,Clean-Paid,,False
1637,347,32,140,13,1,In-Network,2023-24,2024-08-15,2024-08-18,2024-09-28,41,224.02,224.02,Clean-Paid,,False
1638,1056,10,418,13,9,In-Network,2023-24,2024-08-16,2024-08-19,2024-10-05,47,144.75,144.75,Clean-Paid,,False
1639,1551,32,621,5,1,In-Network,2023-24,2024-08-16,2024-08-16,2024-09-29,44,138.45,0.0,Denied,Prior Auth Required,False
1640,28,35,11,17,7,In-Network,2023-24,2024-08-19,2024-08-21,2024-09-21,31,224.02,224.02,Clean-Paid,,False
1641,1454,16,582,14,7,In-Network,2023-24,2024-08-19,2024-08-20,2024-09-23,34,126.53,126.53,Clean-Paid,,False
1642,1066,10,422,5,9,In-Network,2023-24,2024-08-19,2024-08-22,2024-09-29,38,224.02,224.02,Clean-Paid,,False
1643,1591,14,633,16,4,In-Network,2023-24,2024-08-19,2024-08-19,2024-10-04,46,654.71,654.71,Clean-Paid,,True
1644,1831,7,728,4,7,In-Network,2023-24,2024-08-19,2024-08-24,2024-09-20,27,223.08,223.08,Clean-Paid,,False
1645,1720,27,684,14,9,In-Network,2023-24,2024-08-19,2024-08-24,2024-10-08,45,208.0,208.0,Clean-Paid,,False
1646,1186,29,473,10,5,In-Network,2023-24,2024-08-19,2024-08-21,2024-09-17,27,208.0,0.0,Denied,Prior Auth Required,False
1647,105,16,40,3,7,In-Network,2023-24,2024-08-19,2024-08-23,2024-10-05,43,138.45,138.45,Clean-Paid,,False
1648,518,14,205,5,4,In-Network,2023-24,2024-08-19,2024-08-24,2024-09-26,33,143.9,143.9,Clean-Paid,,False
1649,369,25,147,5,9,In-Network,2023-24,2024-08-19,2024-08-21,2024-09-29,39,224.02,224.02,Clean-Paid,,False
1650,402,22,160,9,6,Out-of-Network,2023-24,2024-08-19,2024-08-23,2024-09-23,31,298.04,298.04,Clean-Paid,,False
1651,1255,35,502,20,7,In-Network,2023-24,2024-08-19,2024-08-20,2024-09-25,36,138.45,138.45,Clean-Paid,,False
1652,2007,32,793,14,1,Out-of-Network,2023-24,2024-08-19,2024-08-22,2024-10-09,48,178.82,178.82,Clean-Paid,,False
1653,1587,14,632,1,4,In-Network,2023-24,2024-08-19,2024-08-19,2024-10-04,46,99.46,0.0,Denied,Missing X-Ray,False
1654,1927,35,763,6,7,In-Network,2023-24,2024-08-19,2024-08-24,2024-09-19,26,461.62,461.62,Clean-Paid,,True
1655,558,21,220,7,2,In-Network,2023-24,2024-08-20,2024-08-23,2024-09-27,35,138.45,138.45,Clean-Paid,,False
1656,1603,9,639,7,6,In-Network,2023-24,2024-08-21,2024-08-21,2024-09-30,40,138.45,0.0,Denied,Coverage Terminated,False
1657,1470,15,591,10,1,In-Network,2023-24,2024-08-21,2024-08-23,2024-10-07,45,64.1,64.1,Clean-Paid,,False
1658,1253,12,501,3,9,In-Network,2023-24,2024-08-21,2024-08-23,2024-10-10,48,208.0,208.0,Clean-Paid,,False
1659,1642,20,653,15,4,In-Network,2023-24,2024-08-21,2024-08-23,2024-10-11,49,0.0,0.0,Clean-Paid,,False
1660,1265,16,508,5,7,In-Network,2023-24,2024-08-21,2024-08-24,2024-09-27,34,182.17,182.17,Clean-Paid,,False
1661,1893,31,752,15,2,In-Network,2023-24,2024-08-21,2024-08-23,2024-09-28,36,224.02,224.02,Clean-Paid,,False
1662,688,29,270,20,5,In-Network,2023-24,2024-08-21,2024-08-21,2024-09-19,29,224.02,224.02,Clean-Paid,,False
1663,1207,12,482,7,9,In-Network,2023-24,2024-08-21,2024-08-24,2024-10-05,42,143.9,143.9,Clean-Paid,,False
1664,138,30,54,10,5,In-Network,2023-24,2024-08-22,2024-08-27,2024-09-25,29,224.02,224.02,Clean-Paid,,False
1665,78,13,31,6,4,In-Network,2023-24,2024-08-22,2024-08-25,2024-10-01,37,223.08,223.08,Clean-Paid,,False
1666,1821,28,724,7,3,In-Network,2023-24,2024-08-23,2024-08-28,2024-09-23,26,69.68,69.68,Clean-Paid,,False
1667,859,28,339,20,3,In-Network,2023-24,2024-08-23,2024-08-23,2024-09-13,21,133.78,133.78,Clean-Paid,,False
1668,327,35,130,9,7,In-Network,2023-24,2024-08-23,2024-08-24,2024-09-20,27,98.06,98.06,Clean-Paid,,False
1669,1045,27,415,9,9,In-Network,2023-24,2024-08-23,2024-08-28,2024-10-11,44,186.35,186.35,Clean-Paid,,False
1670,672,16,264,12,7,In-Network,2023-24,2024-08-23,2024-08-26,2024-09-30,35,138.45,0.0,Denied,Frequency Limit Exceeded,False
1671,1807,3,719,10,1,In-Network,2023-24,2024-08-26,2024-08-29,2024-10-02,34,98.06,0.0,Denied,Missing X-Ray,False
1672,111,30,44,13,5,In-Network,2023-24,2024-08-26,2024-08-26,2024-09-22,27,192.82,192.82,Clean-Paid,,False
1673,782,34,307,9,2,In-Network,2023-24,2024-08-26,2024-08-27,2024-10-05,39,138.45,138.45,Clean-Paid,,False
1674,1291,24,518,18,8,In-Network,2023-24,2024-08-26,2024-08-29,2024-10-11,43,476.51,0.0,Denied,Max Benefit Exceeded,True
1675,1615,30,644,19,5,In-Network,2023-24,2024-08-26,2024-08-29,2024-09-25,27,224.02,224.02,Clean-Paid,,False
1676,1539,35,617,14,7,In-Network,2023-24,2024-08-26,2024-08-30,2024-09-30,31,69.68,69.68,Clean-Paid,,False
1677,60,21,24,20,2,In-Network,2023-24,2024-08-26,2024-08-29,2024-09-26,28,138.45,138.45,Clean-Paid,,False
1678,2005,31,792,1,2,In-Network,2023-24,2024-08-26,2024-08-31,2024-10-11,41,223.08,223.08,Clean-Paid,,False
1679,479,21,193,14,2,In-Network,2023-24,2024-08-26,2024-08-31,2024-10-09,39,192.82,192.82,Clean-Paid,,False
1680,1628,5,648,18,4,In-Network,2023-24,2024-08-26,2024-08-30,2024-10-05,36,137.51,137.51,Clean-Paid,,False
1681,833,34,329,5,2,In-Network,2023-24,2024-08-26,2024-08-28,2024-10-09,42,138.45,0.0,Denied,Missing X-Ray,False
1682,1555,32,622,17,1,Out-of-Network,2023-24,2024-08-27,2024-08-31,2024-10-19,49,257.81,257.81,Clean-Paid,,False
1683,382,25,151,19,9,In-Network,2023-24,2024-08-27,2024-08-27,2024-10-19,53,9.68,9.68,Clean-Paid,,False
1684,1788,2,713,11,9,In-Network,2023-24,2024-08-27,2024-09-01,2024-10-14,43,138.45,138.45,Clean-Paid,,False
1685,316,22,126,16,6,Out-of-Network,2023-24,2024-08-27,2024-08-29,2024-09-23,25,251.36,251.36,Clean-Paid,,False
1686,1619,30,645,2,5,Out-of-Network,2023-24,2024-08-27,2024-08-28,2024-09-25,28,751.0,0.0,Denied,Prior Auth Required,True
1687,1350,4,541,4,2,In-Network,2023-24,2024-08-28,2024-08-31,2024-09-29,29,461.62,461.62,Clean-Paid,,True
1688,88,21,34,8,2,In-Network,2023-24,2024-08-28,2024-09-02,2024-09-30,28,93.78,93.78,Clean-Paid,,False
1689,84,12,33,13,9,In-Network,2023-24,2024-08-28,2024-08-31,2024-10-21,51,0.0,0.0,Clean-Paid,,False
1690,1533,30,615,5,5,In-Network,2023-24,2024-08-28,2024-09-01,2024-09-25,24,48.47,48.47,Clean-Paid,,False
1691,1090,18,436,15,1,In-Network,2023-24,2024-08-28,2024-09-02,2024-10-07,35,126.53,126.53,Clean-Paid,,False
1692,1930,35,765,14,7,In-Network,2023-24,2024-08-29,2024-09-01,2024-10-08,37,182.17,182.17,Clean-Paid,,False
1693,436,17,173,15,5,In-Network,2023-24,2024-08-29,2024-09-02,2024-09-29,27,311.64,311.64,Clean-Paid,,True
1694,937,5,370,7,4,In-Network,2023-24,2024-08-29,2024-09-01,2024-10-15,44,0.0,0.0,Clean-Paid,,False
1695,961,19,378,3,9,In-Network,2023-24,2024-08-29,2024-08-30,2024-10-20,51,138.45,138.45,Clean-Paid,,False
1696,1330,31,532,2,2,In-Network,2023-24,2024-08-29,2024-08-29,2024-09-28,30,172.57,172.57,Clean-Paid,,False
1697,1180,29,471,3,5,In-Network,2023-24,2024-08-30,2024-09-04,2024-09-27,23,138.45,138.45,Clean-Paid,,False
1698,1317,1,527,20,4,In-Network,2023-24,2024-08-30,2024-09-02,2024-10-09,37,103.9,103.9,Clean-Paid,,False
1699,680,23,268,12,5,In-Network,2023-24,2024-08-30,2024-09-02,2024-10-07,35,224.02,0.0,Denied,Max Benefit Exceeded,False
1700,41,8,15,19,1,Out-of-Network,2023-24,2024-08-30,2024-08-31,2024-10-17,47,0.0,0.0,Clean-Paid,,False
1701,1635,2,651,6,9,In-Network,2023-24,2024-08-30,2024-08-30,2024-10-20,51,138.45,138.45,Clean-Paid,,False
1702,1261,16,505,8,7,In-Network,2023-24,2024-09-02,2024-09-05,2024-10-04,29,138.45,138.45,Clean-Paid,,False
1703,1299,27,522,2,9,In-Network,2023-24,2024-09-02,2024-09-02,2024-10-26,54,224.02,224.02,Clean-Paid,,False
1704,1882,16,748,7,7,In-Network,2023-24,2024-09-02,2024-09-07,2024-10-13,36,204.75,204.75,Clean-Paid,,False
1705,1977,25,780,12,9,In-Network,2023-24,2024-09-02,2024-09-02,2024-10-12,40,138.45,138.45,Clean-Paid,,False
1706,1270,14,510,16,4,In-Network,2023-24,2024-09-02,2024-09-03,2024-10-11,38,138.45,138.45,Clean-Paid,,False
1707,966,22,380,9,6,Out-of-Network,2023-24,2024-09-02,2024-09-04,2024-10-05,31,178.82,178.82,Clean-Paid,,False
1708,3436,2,564,13,9,In-Network,2024-25,2024-09-02,2024-09-05,2024-10-23,48,203.54,203.54,Clean-Paid,,False
1709,1058,10,419,5,9,In-Network,2023-24,2024-09-02,2024-09-04,2024-10-18,44,138.45,138.45,Clean-Paid,,False
1710,194,34,74,13,2,In-Network,2023-24,2024-09-02,2024-09-06,2024-10-13,37,107.25,107.25,Clean-Paid,,False
1711,540,21,213,10,2,In-Network,2023-24,2024-09-02,2024-09-03,2024-09-29,26,224.02,224.02,Clean-Paid,,False
1712,1023,18,405,19,1,Out-of-Network,2023-24,2024-09-02,2024-09-03,2024-10-20,47,285.94,285.94,Clean-Paid,,False
1713,3707,2,671,16,9,In-Network,2024-25,2024-09-02,2024-09-06,2024-10-22,46,224.02,224.02,Clean-Paid,,False
1714,239,13,94,15,4,In-Network,2023-24,2024-09-02,2024-09-04,2024-10-12,38,137.51,137.51,Clean-Paid,,False
1715,219,26,86,19,4,In-Network,2023-24,2024-09-02,2024-09-04,2024-10-12,38,192.82,192.82,Clean-Paid,,False
1716,1062,10,420,4,9,In-Network,2023-24,2024-09-02,2024-09-07,2024-10-23,46,213.37,213.37,Clean-Paid,,False
1717,1450,16,581,17,7,In-Network,2023-24,2024-09-02,2024-09-07,2024-10-11,34,138.45,138.45,Clean-Paid,,False
1718,1756,33,699,20,8,In-Network,2023-24,2024-09-02,2024-09-06,2024-10-21,45,224.02,224.02,Clean-Paid,,False
1719,1630,5,649,2,4,Out-of-Network,2023-24,2024-09-02,2024-09-02,2024-10-06,34,212.51,212.51,Clean-Paid,,False
1720,1126,3,450,17,1,Out-of-Network,2023-24,2024-09-02,2024-09-06,2024-10-23,47,151.01,151.01,Clean-Paid,,False
1721,1353,4,543,18,2,In-Network,2023-24,2024-09-02,2024-09-03,2024-10-10,37,254.28,254.28,Clean-Paid,,False
1722,1734,4,690,20,2,In-Network,2023-24,2024-09-02,2024-09-06,2024-10-17,41,151.91,151.91,Clean-Paid,,False
1723,127,15,50,1,1,In-Network,2023-24,2024-09-02,2024-09-06,2024-10-23,47,224.02,224.02,Clean-Paid,,False
1724,871,29,345,16,5,In-Network,2023-24,2024-09-02,2024-09-05,2024-10-05,30,138.45,138.45,Clean-Paid,,False
1725,933,13,369,6,4,In-Network,2023-24,2024-09-02,2024-09-03,2024-10-23,50,138.45,138.45,Clean-Paid,,False
1726,1141,12,456,16,9,In-Network,2023-24,2024-09-02,2024-09-04,2024-10-21,47,137.51,137.51,Clean-Paid,,False
1727,1805,3,719,10,1,In-Network,2023-24,2024-09-02,2024-09-03,2024-10-07,34,192.82,192.82,Clean-Paid,,False
1728,1663,6,662,17,8,In-Network,2023-24,2024-09-02,2024-09-03,2024-10-09,36,151.91,151.91,Clean-Paid,,False
1729,1193,28,476,15,3,In-Network,2023-24,2024-09-02,2024-09-06,2024-10-06,30,138.45,138.45,Clean-Paid,,False
1730,1424,17,570,18,5,In-Network,2023-24,2024-09-02,2024-09-03,2024-10-06,33,223.08,223.08,Clean-Paid,,False
1731,921,13,365,3,4,Out-of-Network,2023-24,2024-09-02,2024-09-05,2024-10-09,34,178.82,178.82,Clean-Paid,,False
1732,1972,22,778,11,6,Out-of-Network,2023-24,2024-09-02,2024-09-06,2024-10-06,30,285.94,285.94,Clean-Paid,,False
1733,3424,25,559,19,9,In-Network,2024-25,2024-09-02,2024-09-07,2024-10-19,42,223.08,223.08,Clean-Paid,,False
1734,1343,15,538,18,1,In-Network,2023-24,2024-09-02,2024-09-03,2024-10-19,46,224.02,224.02,Clean-Paid,,False
1735,2494,21,195,11,2,In-Network,2024-25,2024-09-02,2024-09-05,2024-10-03,28,127.74,0.0,Denied,Frequency Limit Exceeded,False
1736,75,13,30,16,4,In-Network,2023-24,2024-09-02,2024-09-05,2024-10-10,35,224.02,0.0,Denied,Prior Auth Required,False
1737,3504,15,594,7,1,In-Network,2024-25,2024-09-02,2024-09-05,2024-10-21,46,0.0,0.0,Clean-Paid,,False
1738,421,32,168,17,1,Out-of-Network,2023-24,2024-09-02,2024-09-03,2024-10-10,37,252.42,252.42,Clean-Paid,,False
1739,1600,35,638,8,7,In-Network,2023-24,2024-09-02,2024-09-02,2024-10-01,29,223.08,223.08,Clean-Paid,,False
1740,1324,31,530,12,2,In-Network,2023-24,2024-09-02,2024-09-07,2024-10-07,30,138.45,138.45,Clean-Paid,,False
1741,311,3,124,14,1,Out-of-Network,2023-24,2024-09-02,2024-09-02,2024-10-14,42,151.01,151.01,Clean-Paid,,False
1742,3997,19,785,10,9,In-Network,2024-25,2024-09-03,2024-09-07,2024-10-21,44,58.06,58.06,Clean-Paid,,False
1743,2688,23,268,12,5,In-Network,2024-25,2024-09-03,2024-09-06,2024-10-07,31,83.9,83.9,Clean-Paid,,False
1744,3855,7,727,17,7,In-Network,2024-25,2024-09-04,2024-09-06,2024-10-03,27,501.18,0.0,Denied,Prior Auth Required,True
1745,2971,19,377,7,9,In-Network,2024-25,2024-09-04,2024-09-06,2024-10-17,41,168.0,168.0,Clean-Paid,,False
1746,3735,27,682,2,9,In-Network,2024-25,2024-09-04,2024-09-06,2024-10-25,49,64.1,64.1,Clean-Paid,,False
1747,2523,14,207,10,4,In-Network,2024-25,2024-09-04,2024-09-05,2024-10-11,36,224.02,0.0,Denied,Max Benefit Exceeded,False
1748,3770,8,695,16,1,Out-of-Network,2024-25,2024-09-05,2024-09-07,2024-10-14,37,108.93,108.93,Clean-Paid,,False
1749,2309,3,122,20,1,Out-of-Network,2024-25,2024-09-05,2024-09-06,2024-10-15,39,156.95,156.95,Clean-Paid,,False
1750,2317,22,126,16,6,Out-of-Network,2024-25,2024-09-05,2024-09-09,2024-10-04,25,405.6,405.6,Clean-Paid,,True
1751,3095,31,429,16,2,In-Network,2024-25,2024-09-06,2024-09-09,2024-10-05,26,224.02,224.02,Clean-Paid,,False
1752,2298,4,117,1,2,In-Network,2024-25,2024-09-06,2024-09-08,2024-10-18,40,224.02,224.02,Clean-Paid,,False
1753,2352,32,139,13,1,In-Network,2024-25,2024-09-06,2024-09-09,2024-10-26,47,29.68,29.68,Clean-Paid,,False
1754,3414,6,555,19,8,In-Network,2024-25,2024-09-06,2024-09-07,2024-10-07,30,224.02,224.02,Clean-Paid,,False
1755,2045,35,13,10,7,In-Network,2024-25,2024-09-09,2024-09-14,2024-10-21,37,139.17,139.17,Clean-Paid,,False
1756,3448,17,569,2,5,Out-of-Network,2024-25,2024-09-09,2024-09-09,2024-10-18,39,140.91,0.0,Denied,Coding Error,False
1757,3559,35,616,20,7,In-Network,2024-25,2024-09-09,2024-09-09,2024-10-22,43,112.57,112.57,Clean-Paid,,False
1758,3511,31,597,13,2,In-Network,2024-25,2024-09-09,2024-09-11,2024-10-23,42,224.02,224.02,Clean-Paid,,False
1759,3262,21,497,14,2,In-Network,2024-25,2024-09-09,2024-09-12,2024-10-17,35,130.82,130.82,Clean-Paid,,False
1760,3008,30,395,16,5,In-Network,2024-25,2024-09-09,2024-09-14,2024-10-24,40,75.07,75.07,Clean-Paid,,False
1761,3905,16,750,15,7,In-Network,2024-25,2024-09-09,2024-09-14,2024-10-25,41,223.08,223.08,Clean-Paid,,False
1762,2065,21,23,15,2,In-Network,2024-25,2024-09-09,2024-09-13,2024-10-16,33,223.08,0.0,Denied,Coverage Terminated,False
1763,3015,30,399,7,5,In-Network,2024-25,2024-09-09,2024-09-10,2024-10-14,34,192.82,192.82,Clean-Paid,,False
1764,2901,29,348,1,5,In-Network,2024-25,2024-09-10,2024-09-14,2024-10-12,28,192.82,192.82,Clean-Paid,,False
1765,3351,31,531,14,2,In-Network,2024-25,2024-09-11,2024-09-16,2024-10-28,42,704.71,704.71,Clean-Paid,,True
1766,3063,27,416,12,9,In-Network,2024-25,2024-09-11,2024-09-14,2024-10-29,45,0.0,0.0,Clean-Paid,,False
1767,3181,31,464,5,2,In-Network,2024-25,2024-09-11,2024-09-16,2024-10-28,42,122.16,122.16,Clean-Paid,,False
1768,3217,12,479,6,9,In-Network,2024-25,2024-09-12,2024-09-16,2024-10-31,45,63.74,63.74,Clean-Paid,,False
1769,3738,27,683,12,9,In-Network,2024-25,2024-09-12,2024-09-13,2024-10-29,46,123.54,0.0,Denied,Timely Filing Expired,False
1770,3107,31,432,1,2,In-Network,2024-25,2024-09-12,2024-09-16,2024-10-23,37,173.58,173.58,Clean-Paid,,False
1771,2640,5,245,18,4,In-Network,2024-25,2024-09-13,2024-09-18,2024-11-06,49,63.74,63.74,Clean-Paid,,False
1772,2827,16,322,17,7,In-Network,2024-25,2024-09-13,2024-09-16,2024-10-13,27,224.02,224.02,Clean-Paid,,False
1773,2767,33,297,12,8,Out-of-Network,2024-25,2024-09-13,2024-09-15,2024-10-15,30,194.46,194.46,Clean-Paid,,False
1774,3061,27,416,12,9,In-Network,2024-25,2024-09-13,2024-09-17,2024-10-25,38,224.02,224.02,Clean-Paid,,False
1775,2208,2,79,18,9,In-Network,2024-25,2024-09-16,2024-09-17,2024-11-04,48,68.47,68.47,Clean-Paid,,False
1776,2126,30,46,7,5,In-Network,2024-25,2024-09-16,2024-09-18,2024-10-11,23,150.4,150.4,Clean-Paid,,False
1777,2250,32,97,14,1,Out-of-Network,2024-25,2024-09-16,2024-09-21,2024-10-25,34,270.17,270.17,Clean-Paid,,False
1778,2156,30,58,1,5,In-Network,2024-25,2024-09-16,2024-09-16,2024-10-18,32,107.74,0.0,Denied,Max Benefit Exceeded,False
1779,3055,30,413,4,5,In-Network,2024-25,2024-09-16,2024-09-21,2024-10-17,26,102.16,102.16,Clean-Paid,,False
1780,3734,27,682,2,9,In-Network,2024-25,2024-09-16,2024-09-21,2024-11-11,51,207.64,0.0,Denied,Frequency Limit Exceeded,False
1781,3203,29,474,9,5,Out-of-Network,2024-25,2024-09-16,2024-09-18,2024-10-25,37,298.04,298.04,Clean-Paid,,False
1782,2152,30,57,9,5,Out-of-Network,2024-25,2024-09-16,2024-09-19,2024-10-17,28,298.04,0.0,Denied,Coverage Terminated,False
1783,3070,10,418,13,9,In-Network,2024-25,2024-09-16,2024-09-21,2024-10-31,40,83.9,83.9,Clean-Paid,,False
1784,3831,3,719,10,1,In-Network,2024-25,2024-09-16,2024-09-18,2024-11-02,45,192.82,192.82,Clean-Paid,,False
1785,3053,30,412,1,5,In-Network,2024-25,2024-09-16,2024-09-21,2024-10-30,39,73.78,73.78,Clean-Paid,,False
1786,3398,15,550,2,1,Out-of-Network,2024-25,2024-09-16,2024-09-19,2024-10-30,41,218.37,218.37,Clean-Paid,,False
1787,3319,24,518,18,8,In-Network,2024-25,2024-09-16,2024-09-20,2024-10-30,40,223.08,223.08,Clean-Paid,,False
1788,3430,2,561,6,9,In-Network,2024-25,2024-09-16,2024-09-21,2024-11-10,50,122.16,122.16,Clean-Paid,,False
1789,3042,30,408,14,5,In-Network,2024-25,2024-09-16,2024-09-20,2024-10-23,33,224.02,0.0,Denied,Coverage Terminated,False
1790,2200,34,76,8,2,In-Network,2024-25,2024-09-17,2024-09-17,2024-10-14,27,238.97,238.97,Clean-Paid,,False
1791,3771,8,695,16,1,Out-of-Network,2024-25,2024-09-17,2024-09-22,2024-10-31,39,338.37,0.0,Denied,Timely Filing Expired,False
1792,3050,30,411,17,5,In-Network,2024-25,2024-09-17,2024-09-17,2024-10-26,39,224.02,224.02,Clean-Paid,,False
1793,2196,34,75,19,2,In-Network,2024-25,2024-09-17,2024-09-22,2024-10-27,35,142.88,142.88,Clean-Paid,,False
1794,3139,35,445,6,7,In-Network,2024-25,2024-09-18,2024-09-22,2024-11-02,41,371.62,371.62,Clean-Paid,,True
1795,2199,34,76,8,2,In-Network,2024-25,2024-09-18,2024-09-23,2024-10-26,33,167.74,167.74,Clean-Paid,,False
1796,3182,31,465,1,2,In-Network,2024-25,2024-09-18,2024-09-19,2024-10-29,40,223.08,223.08,Clean-Paid,,False
1797,2370,22,145,6,6,In-Network,2024-25,2024-09-19,2024-09-19,2024-10-23,34,237.48,237.48,Clean-Paid,,False
1798,2072,21,25,4,2,In-Network,2024-25,2024-09-19,2024-09-23,2024-10-22,29,238.97,238.97,Clean-Paid,,False
1799,2239,13,94,15,4,In-Network,2024-25,2024-09-20,2024-09-23,2024-11-07,45,192.82,192.82,Clean-Paid,,False
1800,3388,18,547,8,1,In-Network,2024-25,2024-09-20,2024-09-24,2024-11-07,44,0.0,0.0,Clean-Paid,,False
1801,2505,3,200,11,1,Out-of-Network,2024-25,2024-09-20,2024-09-21,2024-11-09,49,101.24,0.0,Denied,Missing X-Ray,False
1802,2310,3,123,17,1,Out-of-Network,2024-25,2024-09-20,2024-09-25,2024-11-07,43,285.94,285.94,Clean-Paid,,False
1803,2492,21,195,11,2,In-Network,2024-25,2024-09-20,2024-09-25,2024-10-24,29,237.48,237.48,Clean-Paid,,False
1804,2311,3,124,14,1,Out-of-Network,2024-25,2024-09-20,2024-09-23,2024-10-27,34,298.04,298.04,Clean-Paid,,False
1805,2029,16,6,15,7,In-Network,2024-25,2024-09-23,2024-09-28,2024-10-29,31,223.08,223.08,Clean-Paid,,False
1806,2554,20,217,15,4,In-Network,2024-25,2024-09-23,2024-09-28,2024-11-15,48,704.71,704.71,Clean-Paid,,True
1807,2781,27,303,8,9,In-Network,2024-25,2024-09-23,2024-09-25,2024-11-11,47,84.75,84.75,Clean-Paid,,False
1808,2165,3,63,10,1,In-Network,2024-25,2024-09-23,2024-09-23,2024-11-03,41,93.78,0.0,Denied,Coding Error,False
1809,3845,28,724,7,3,In-Network,2024-25,2024-09-23,2024-09-28,2024-10-18,20,58.06,58.06,Clean-Paid,,False
1810,2101,21,37,4,2,In-Network,2024-25,2024-09-23,2024-09-27,2024-10-31,34,159.17,159.17,Clean-Paid,,False
1811,3349,31,531,14,2,In-Network,2024-25,2024-09-23,2024-09-23,2024-10-23,30,224.02,0.0,Denied,Coding Error,False
1812,2897,29,347,14,5,In-Network,2024-25,2024-09-23,2024-09-26,2024-10-30,34,192.82,0.0,Denied,Timely Filing Expired,False
1813,2432,17,170,2,5,Out-of-Network,2024-25,2024-09-23,2024-09-27,2024-10-28,31,224.64,224.64,Clean-Paid,,False
1814,3970,23,775,1,5,In-Network,2024-25,2024-09-23,2024-09-24,2024-10-17,23,102.16,102.16,Clean-Paid,,False
1815,2158,3,59,6,1,In-Network,2024-25,2024-09-23,2024-09-26,2024-11-01,36,93.78,93.78,Clean-Paid,,False
1816,3167,12,458,18,9,In-Network,2024-25,2024-09-23,2024-09-24,2024-11-12,49,158.97,158.97,Clean-Paid,,False
1817,2745,9,289,3,6,In-Network,2024-25,2024-09-23,2024-09-25,2024-10-31,36,224.02,0.0,Denied,Max Benefit Exceeded,False
1818,2761,33,295,19,8,In-Network,2024-25,2024-09-23,2024-09-24,2024-10-26,32,224.02,224.02,Clean-Paid,,False
1819,2446,32,176,4,1,Out-of-Network,2024-25,2024-09-23,2024-09-24,2024-11-12,49,285.94,285.94,Clean-Paid,,False
1820,3002,4,393,9,2,In-Network,2024-25,2024-09-23,2024-09-25,2024-10-21,26,92.57,92.57,Clean-Paid,,False
1821,3709,2,671,16,9,In-Network,2024-25,2024-09-23,2024-09-28,2024-11-17,50,58.94,58.94,Clean-Paid,,False
1822,4017,32,793,14,1,Out-of-Network,2024-25,2024-09-23,2024-09-24,2024-11-03,40,285.94,285.94,Clean-Paid,,False
1823,2865,31,336,6,2,In-Network,2024-25,2024-09-24,2024-09-27,2024-11-05,39,224.02,224.02,Clean-Paid,,False
1824,3112,31,434,18,2,In-Network,2024-25,2024-09-24,2024-09-24,2024-11-04,41,132.57,132.57,Clean-Paid,,False
1825,2965,5,375,3,4,Out-of-Network,2024-25,2024-09-25,2024-09-28,2024-11-14,47,137.81,137.81,Clean-Paid,,False
1826,3810,16,710,18,7,In-Network,2024-25,2024-09-25,2024-09-28,2024-10-26,28,119.17,119.17,Clean-Paid,,False
1827,2322,22,128,16,6,Out-of-Network,2024-25,2024-09-25,2024-09-25,2024-11-02,38,908.97,908.97,Clean-Paid,,True
1828,3635,9,643,13,6,In-Network,2024-25,2024-09-25,2024-09-28,2024-11-03,36,654.71,0.0,Denied,Prior Auth Required,True
1829,2951,13,368,20,4,In-Network,2024-25,2024-09-26,2024-09-29,2024-11-13,45,168.0,168.0,Clean-Paid,,False
1830,2382,25,148,14,9,In-Network,2024-25,2024-09-26,2024-10-01,2024-11-19,49,73.78,73.78,Clean-Paid,,False
1831,2103,21,38,10,2,In-Network,2024-25,2024-09-26,2024-09-29,2024-10-26,27,254.28,0.0,Denied,Timely Filing Expired,False
1832,2287,5,113,2,4,Out-of-Network,2024-25,2024-09-26,2024-09-26,2024-11-03,38,298.04,298.04,Clean-Paid,,False
1833,3218,12,480,5,9,In-Network,2024-25,2024-09-26,2024-09-26,2024-11-17,52,0.0,0.0,Denied,Prior Auth Required,False
1834,2132,30,48,7,5,In-Network,2024-25,2024-09-27,2024-09-27,2024-11-02,36,224.02,224.02,Clean-Paid,,False
1835,2692,29,270,20,5,In-Network,2024-25,2024-09-27,2024-09-27,2024-11-05,39,224.02,224.02,Clean-Paid,,False
1836,2462,24,183,15,8,In-Network,2024-25,2024-09-27,2024-10-01,2024-11-01,31,192.82,192.82,Clean-Paid,,False
1837,2621,8,238,11,1,Out-of-Network,2024-25,2024-09-27,2024-09-29,2024-11-12,44,0.0,0.0,Clean-Paid,,False
1838,3452,17,570,18,5,In-Network,2024-25,2024-09-27,2024-09-29,2024-10-26,27,107.74,107.74,Clean-Paid,,False
1839,2997,11,391,8,5,In-Network,2024-25,2024-09-30,2024-10-05,2024-11-03,29,254.28,0.0,Denied,Max Benefit Exceeded,False
1840,2237,13,92,6,4,In-Network,2024-25,2024-09-30,2024-10-01,2024-11-05,35,192.82,192.82,Clean-Paid,,False
1841,2994,11,388,15,5,In-Network,2024-25,2024-09-30,2024-10-05,2024-11-08,34,83.9,83.9,Clean-Paid,,False
1842,2983,22,384,4,6,Out-of-Network,2024-25,2024-09-30,2024-10-05,2024-11-06,32,325.85,0.0,Denied,Missing X-Ray,False
1843,3620,35,638,8,7,In-Network,2024-25,2024-09-30,2024-10-04,2024-11-08,35,192.82,192.82,Clean-Paid,,False
1844,3101,31,430,11,2,In-Network,2024-25,2024-09-30,2024-10-04,2024-11-11,38,122.16,122.16,Clean-Paid,,False
1845,3966,23,774,19,5,In-Network,2024-25,2024-09-30,2024-10-02,2024-11-06,35,144.75,144.75,Clean-Paid,,False
1846,2684,23,267,3,5,In-Network,2024-25,2024-09-30,2024-10-03,2024-10-30,27,192.82,192.82,Clean-Paid,,False
1847,2899,29,347,14,5,In-Network,2024-25,2024-09-30,2024-10-04,2024-11-06,33,112.57,112.57,Clean-Paid,,False
1848,3676,6,659,6,8,In-Network,2024-25,2024-09-30,2024-10-04,2024-11-12,39,237.48,237.48,Clean-Paid,,False
1849,2936,29,362,2,5,Out-of-Network,2024-25,2024-09-30,2024-10-01,2024-10-29,28,53.22,0.0,Denied,Timely Filing Expired,False
1850,2226,26,86,19,4,In-Network,2024-25,2024-09-30,2024-10-01,2024-11-08,38,103.9,103.9,Clean-Paid,,False
1851,2732,10,285,12,9,In-Network,2024-25,2024-09-30,2024-10-04,2024-11-21,48,224.02,224.02,Clean-Paid,,False
1852,3367,15,538,18,1,In-Network,2024-25,2024-10-01,2024-10-02,2024-11-06,35,224.02,224.02,Clean-Paid,,False
1853,2343,1,136,6,4,In-Network,2024-25,2024-10-01,2024-10-01,2024-11-04,34,384.12,384.12,Clean-Paid,,True
1854,2179,3,68,11,1,Out-of-Network,2024-25,2024-10-01,2024-10-05,2024-11-06,32,285.94,285.94,Clean-Paid,,False
1855,2454,24,179,7,8,In-Network,2024-25,2024-10-01,2024-10-06,2024-11-07,32,224.02,224.02,Clean-Paid,,False
1856,3818,2,714,19,9,In-Network,2024-25,2024-10-01,2024-10-04,2024-11-25,52,254.28,254.28,Clean-Paid,,False
1857,3143,3,447,3,1,In-Network,2024-25,2024-10-02,2024-10-07,2024-11-11,35,224.02,224.02,Clean-Paid,,False
1858,2869,31,337,2,2,In-Network,2024-25,2024-10-02,2024-10-05,2024-11-14,40,267.74,0.0,Denied,Max Benefit Exceeded,False
1859,2764,33,296,15,8,In-Network,2024-25,2024-10-02,2024-10-02,2024-10-31,29,223.08,223.08,Clean-Paid,,False
1860,3171,1,459,19,4,In-Network,2024-25,2024-10-02,2024-10-06,2024-11-13,38,122.16,122.16,Clean-Paid,,False
1861,2572,21,223,9,2,In-Network,2024-25,2024-10-02,2024-10-07,2024-11-09,33,223.08,223.08,Clean-Paid,,False
1862,2108,21,39,11,2,In-Network,2024-25,2024-10-02,2024-10-06,2024-11-08,33,122.16,122.16,Clean-Paid,,False
1863,2188,34,72,5,2,In-Network,2024-25,2024-10-02,2024-10-04,2024-11-10,37,173.58,173.58,Clean-Paid,,False
1864,2275,15,106,5,1,In-Network,2024-25,2024-10-02,2024-10-07,2024-11-13,37,74.15,74.15,Clean-Paid,,False
1865,3186,31,466,16,2,In-Network,2024-25,2024-10-02,2024-10-06,2024-11-07,32,224.02,224.02,Clean-Paid,,False
1866,3815,2,713,11,9,In-Network,2024-25,2024-10-03,2024-10-08,2024-11-30,53,224.02,224.02,Clean-Paid,,False
1867,3944,35,764,11,7,In-Network,2024-25,2024-10-03,2024-10-05,2024-11-05,31,102.16,102.16,Clean-Paid,,False
1868,3653,5,650,10,4,In-Network,2024-25,2024-10-03,2024-10-08,2024-11-12,35,223.08,223.08,Clean-Paid,,False
1869,3469,16,578,5,7,In-Network,2024-25,2024-10-03,2024-10-07,2024-11-17,41,224.02,0.0,Denied,Max Benefit Exceeded,False
1870,2409,29,162,15,5,In-Network,2024-25,2024-10-04,2024-10-09,2024-11-12,34,224.02,224.02,Clean-Paid,,False
1871,3426,25,560,3,9,In-Network,2024-25,2024-10-04,2024-10-09,2024-11-21,43,224.02,224.02,Clean-Paid,,False
1872,3195,29,470,13,5,In-Network,2024-25,2024-10-07,2024-10-07,2024-10-31,24,224.02,224.02,Clean-Paid,,False
1873,3538,14,607,1,4,In-Network,2024-25,2024-10-07,2024-10-10,2024-11-21,42,79.17,79.17,Clean-Paid,,False
1874,2880,6,341,2,8,In-Network,2024-25,2024-10-07,2024-10-07,2024-11-20,44,224.02,224.02,Clean-Paid,,False
1875,2777,27,302,16,9,In-Network,2024-25,2024-10-07,2024-10-10,2024-11-30,51,129.14,129.14,Clean-Paid,,False
1876,3012,30,398,8,5,In-Network,2024-25,2024-10-07,2024-10-10,2024-11-04,25,224.02,224.02,Clean-Paid,,False
1877,2862,5,335,14,4,In-Network,2024-25,2024-10-07,2024-10-09,2024-11-26,48,268.68,268.68,Clean-Paid,,False
1878,3822,7,715,12,7,In-Network,2024-25,2024-10-07,2024-10-07,2024-11-14,38,224.02,224.02,Clean-Paid,,False
1879,3086,21,425,17,2,In-Network,2024-25,2024-10-07,2024-10-09,2024-11-20,42,224.02,224.02,Clean-Paid,,False
1880,3221,12,482,7,9,In-Network,2024-25,2024-10-07,2024-10-09,2024-11-23,45,254.28,254.28,Clean-Paid,,False
1881,2585,21,227,20,2,In-Network,2024-25,2024-10-07,2024-10-08,2024-11-15,38,224.02,224.02,Clean-Paid,,False
1882,3569,32,622,17,1,Out-of-Network,2024-25,2024-10-07,2024-10-09,2024-11-14,36,285.94,285.94,Clean-Paid,,False
1883,2836,34,325,19,2,In-Network,2024-25,2024-10-07,2024-10-12,2024-11-08,27,224.02,0.0,Denied,Coding Error,False
1884,2032,23,7,19,5,In-Network,2024-25,2024-10-07,2024-10-11,2024-11-20,40,83.9,83.9,Clean-Paid,,False
1885,3352,31,532,2,2,In-Network,2024-25,2024-10-07,2024-10-07,2024-11-15,39,223.08,223.08,Clean-Paid,,False
1886,2506,3,201,18,1,In-Network,2024-25,2024-10-07,2024-10-07,2024-11-19,43,267.74,267.74,Clean-Paid,,False
1887,2659,32,253,15,1,In-Network,2024-25,2024-10-07,2024-10-09,2024-11-22,44,224.02,224.02,Clean-Paid,,False
1888,3335,27,522,2,9,In-Network,2024-25,2024-10-07,2024-10-07,2024-11-24,48,0.0,0.0,Clean-Paid,,False
1889,2673,21,260,1,2,In-Network,2024-25,2024-10-07,2024-10-08,2024-11-17,40,68.47,68.47,Clean-Paid,,False
1890,2325,35,130,9,7,In-Network,2024-25,2024-10-07,2024-10-12,2024-11-10,29,224.02,224.02,Clean-Paid,,False
1891,3904,16,749,18,7,In-Network,2024-25,2024-10-07,2024-10-12,2024-11-13,32,128.0,128.0,Clean-Paid,,False
1892,3457,22,573,19,6,Out-of-Network,2024-25,2024-10-08,2024-10-10,2024-11-04,25,325.85,0.0,Denied,Frequency Limit Exceeded,False
1893,3689,9,663,18,6,In-Network,2024-25,2024-10-08,2024-10-12,2024-11-18,37,109.58,109.58,Clean-Paid,,False
1894,2514,6,204,1,8,In-Network,2024-25,2024-10-08,2024-10-10,2024-11-25,46,223.08,223.08,Clean-Paid,,False
1895,3051,30,411,17,5,In-Network,2024-25,2024-10-10,2024-10-14,2024-11-15,32,102.16,102.16,Clean-Paid,,False
1896,2937,29,363,1,5,In-Network,2024-25,2024-10-10,2024-10-10,2024-11-11,32,192.82,192.82,Clean-Paid,,False
1897,3756,4,692,9,2,In-Network,2024-25,2024-10-10,2024-10-14,2024-11-11,28,223.08,223.08,Clean-Paid,,False
1898,2707,3,276,11,1,Out-of-Network,2024-25,2024-10-10,2024-10-11,2024-11-13,33,285.94,285.94,Clean-Paid,,False
1899,2619,8,238,11,1,Out-of-Network,2024-25,2024-10-11,2024-10-12,2024-11-14,33,298.04,298.04,Clean-Paid,,False
1900,2501,3,199,6,1,In-Network,2024-25,2024-10-11,2024-10-16,2024-12-03,48,103.9,103.9,Clean-Paid,,False
1901,3097,31,429,16,2,In-Network,2024-25,2024-10-11,2024-10-15,2024-11-23,39,201.96,201.96,Clean-Paid,,False
1902,3849,7,725,1,7,In-Network,2024-25,2024-10-11,2024-10-16,2024-11-13,28,138.15,138.15,Clean-Paid,,False
1903,3550,30,612,9,5,Out-of-Network,2024-25,2024-10-14,2024-10-18,2024-11-21,34,140.91,0.0,Denied,Timely Filing Expired,False
1904,3449,17,570,18,5,In-Network,2024-25,2024-10-14,2024-10-18,2024-11-23,36,192.82,0.0,Denied,Frequency Limit Exceeded,False
1905,3343,32,526,19,1,Out-of-Network,2024-25,2024-10-14,2024-10-14,2024-11-24,41,73.22,73.22,Clean-Paid,,False
1906,2261,10,101,8,9,In-Network,2024-25,2024-10-14,2024-10-16,2024-11-26,41,139.17,139.17,Clean-Paid,,False
1907,2433,17,170,2,5,Out-of-Network,2024-25,2024-10-14,2024-10-16,2024-11-15,30,196.95,196.95,Clean-Paid,,False
1908,2094,21,35,9,2,In-Network,2024-25,2024-10-14,2024-10-18,2024-11-22,35,224.02,224.02,Clean-Paid,,False
1909,3340,32,525,13,1,In-Network,2024-25,2024-10-14,2024-10-15,2024-11-17,33,224.02,224.02,Clean-Paid,,False
1910,3739,27,683,12,9,In-Network,2024-25,2024-10-14,2024-10-14,2024-12-08,55,233.13,233.13,Clean-Paid,,False
1911,3598,20,631,20,4,In-Network,2024-25,2024-10-14,2024-10-16,2024-12-01,46,238.97,238.97,Clean-Paid,,False
1912,2148,30,55,19,5,In-Network,2024-25,2024-10-14,2024-10-14,2024-11-14,31,692.21,692.21,Clean-Paid,,True
1913,2655,3,250,2,1,Out-of-Network,2024-25,2024-10-14,2024-10-18,2024-12-06,49,244.64,244.64,Clean-Paid,,False
1914,3534,14,605,20,4,In-Network,2024-25,2024-10-14,2024-10-16,2024-11-24,39,102.54,0.0,Denied,Prior Auth Required,False
1915,2587,21,227,20,2,In-Network,2024-25,2024-10-14,2024-10-14,2024-11-19,36,159.17,159.17,Clean-Paid,,False
1916,2105,21,39,11,2,In-Network,2024-25,2024-10-14,2024-10-17,2024-11-12,26,224.02,224.02,Clean-Paid,,False
1917,3690,9,663,18,6,In-Network,2024-25,2024-10-14,2024-10-18,2024-11-10,23,143.9,143.9,Clean-Paid,,False
1918,3584,33,627,14,8,In-Network,2024-25,2024-10-14,2024-10-17,2024-11-27,41,83.9,83.9,Clean-Paid,,False
1919,3031,18,404,11,1,Out-of-Network,2024-25,2024-10-14,2024-10-14,2024-11-25,42,61.42,61.42,Clean-Paid,,False
1920,3029,18,404,11,1,Out-of-Network,2024-25,2024-10-14,2024-10-15,2024-11-19,35,285.94,285.94,Clean-Paid,,False
1921,2674,16,261,5,7,In-Network,2024-25,2024-10-14,2024-10-17,2024-11-25,39,224.02,224.02,Clean-Paid,,False
1922,3626,9,640,15,6,In-Network,2024-25,2024-10-15,2024-10-17,2024-11-13,27,224.02,224.02,Clean-Paid,,False
1923,2798,34,308,18,2,In-Network,2024-25,2024-10-15,2024-10-19,2024-11-27,39,58.94,58.94,Clean-Paid,,False
1924,2778,27,302,16,9,In-Network,2024-25,2024-10-15,2024-10-19,2024-12-02,44,241.96,241.96,Clean-Paid,,False
1925,3768,8,695,16,1,Out-of-Network,2024-25,2024-10-16,2024-10-18,2024-12-04,47,285.94,285.94,Clean-Paid,,False
1926,2074,20,27,4,4,In-Network,2024-25,2024-10-16,2024-10-20,2024-11-28,39,224.02,224.02,Clean-Paid,,False
1927,2083,13,30,16,4,In-Network,2024-25,2024-10-16,2024-10-19,2024-11-26,38,93.78,93.78,Clean-Paid,,False
1928,3499,15,592,4,1,Out-of-Network,2024-25,2024-10-16,2024-10-18,2024-11-19,32,298.04,298.04,Clean-Paid,,False
1929,2154,30,57,9,5,Out-of-Network,2024-25,2024-10-16,2024-10-17,2024-11-25,39,69.15,69.15,Clean-Paid,,False
1930,2431,17,170,2,5,Out-of-Network,2024-25,2024-10-16,2024-10-19,2024-11-11,23,285.94,285.94,Clean-Paid,,False
1931,3459,22,574,10,6,In-Network,2024-25,2024-10-17,2024-10-22,2024-11-22,31,224.02,224.02,Clean-Paid,,False
1932,2318,22,127,3,6,In-Network,2024-25,2024-10-18,2024-10-22,2024-11-25,34,223.08,223.08,Clean-Paid,,False
1933,2475,1,188,5,4,In-Network,2024-25,2024-10-18,2024-10-19,2024-12-01,43,138.15,0.0,Denied,Frequency Limit Exceeded,False
1934,2912,9,354,7,6,In-Network,2024-25,2024-10-18,2024-10-19,2024-11-12,24,254.28,254.28,Clean-Paid,,False
1935,2544,20,215,11,4,In-Network,2024-25,2024-10-18,2024-10-22,2024-12-05,44,224.02,0.0,Denied,Timely Filing Expired,False
1936,3772,30,696,8,5,In-Network,2024-25,2024-10-18,2024-10-21,2024-11-29,39,224.02,224.02,Clean-Paid,,False
1937,2920,12,356,16,9,In-Network,2024-25,2024-10-18,2024-10-22,2024-12-13,52,63.74,63.74,Clean-Paid,,False
1938,2658,3,252,8,1,In-Network,2024-25,2024-10-18,2024-10-21,2024-12-08,48,192.82,192.82,Clean-Paid,,False
1939,3434,2,564,13,9,In-Network,2024-25,2024-10-18,2024-10-23,2024-12-04,42,237.48,237.48,Clean-Paid,,False
1940,2116,16,42,12,7,In-Network,2024-25,2024-10-18,2024-10-19,2024-11-23,35,254.28,254.28,Clean-Paid,,False
1941,3248,16,491,4,7,In-Network,2024-25,2024-10-21,2024-10-25,2024-11-26,32,63.9,63.9,Clean-Paid,,False
1942,2697,29,272,2,5,Out-of-Network,2024-25,2024-10-21,2024-10-23,2024-11-28,36,285.94,285.94,Clean-Paid,,False
1943,3237,1,488,4,4,In-Network,2024-25,2024-10-21,2024-10-26,2024-12-04,39,224.02,224.02,Clean-Paid,,False
1944,2440,17,174,8,5,In-Network,2024-25,2024-10-21,2024-10-23,2024-12-02,40,223.08,223.08,Clean-Paid,,False
1945,3498,15,591,10,1,In-Network,2024-25,2024-10-21,2024-10-25,2024-12-10,46,123.54,123.54,Clean-Paid,,False
1946,3035,10,406,17,9,In-Network,2024-25,2024-10-21,2024-10-23,2024-12-03,41,224.02,224.02,Clean-Paid,,False
1947,2167,3,64,13,1,In-Network,2024-25,2024-10-21,2024-10-22,2024-11-24,33,192.82,192.82,Clean-Paid,,False
1948,3934,23,760,4,5,In-Network,2024-25,2024-10-21,2024-10-23,2024-11-16,24,181.96,181.96,Clean-Paid,,False
1949,2019,24,2,13,8,In-Network,2024-25,2024-10-21,2024-10-21,2024-11-24,34,224.02,224.02,Clean-Paid,,False
1950,3402,15,552,1,1,In-Network,2024-25,2024-10-21,2024-10-22,2024-11-24,33,254.28,254.28,Clean-Paid,,False
1951,2062,21,22,18,2,In-Network,2024-25,2024-10-21,2024-10-25,2024-12-01,37,224.02,224.02,Clean-Paid,,False
1952,3994,19,785,10,9,In-Network,2024-25,2024-10-21,2024-10-21,2024-11-29,39,224.02,224.02,Clean-Paid,,False
1953,3088,21,425,17,2,In-Network,2024-25,2024-10-21,2024-10-21,2024-11-21,31,501.18,0.0,Denied,Prior Auth Required,True
1954,3198,29,471,3,5,In-Network,2024-25,2024-10-21,2024-10-24,2024-11-21,28,224.02,224.02,Clean-Paid,,False
1955,3071,10,419,5,9,In-Network,2024-25,2024-10-21,2024-10-21,2024-12-15,55,224.02,224.02,Clean-Paid,,False
1956,3064,27,416,12,9,In-Network,2024-25,2024-10-21,2024-10-21,2024-12-03,43,202.07,202.07,Clean-Paid,,False
1957,2084,13,31,6,4,In-Network,2024-25,2024-10-21,2024-10-21,2024-12-04,44,223.08,223.08,Clean-Paid,,False
1958,3781,33,699,20,8,In-Network,2024-25,2024-10-21,2024-10-21,2024-11-30,40,224.02,0.0,Denied,Timely Filing Expired,False
1959,3010,30,396,19,5,In-Network,2024-25,2024-10-21,2024-10-26,2024-11-20,25,455.56,455.56,Clean-Paid,,True
1960,3473,16,579,7,7,In-Network,2024-25,2024-10-22,2024-10-24,2024-11-26,33,126.53,126.53,Clean-Paid,,False
1961,2496,9,197,10,6,In-Network,2024-25,2024-10-22,2024-10-22,2024-11-28,37,93.58,0.0,Denied,Coding Error,False
1962,2747,9,290,17,6,Out-of-Network,2024-25,2024-10-22,2024-10-27,2024-11-23,27,285.94,0.0,Denied,Timely Filing Expired,False
1963,3267,12,499,8,9,In-Network,2024-25,2024-10-22,2024-10-24,2024-12-10,47,64.1,64.1,Clean-Paid,,False
1964,2209,2,80,5,9,In-Network,2024-25,2024-10-22,2024-10-23,2024-12-09,47,223.08,223.08,Clean-Paid,,False
1965,2701,29,273,18,5,In-Network,2024-25,2024-10-22,2024-10-24,2024-11-27,34,153.58,153.58,Clean-Paid,,False
1966,3373,4,541,4,2,In-Network,2024-25,2024-10-22,2024-10-24,2024-12-06,43,224.02,224.02,Clean-Paid,,False
1967,3413,15,554,9,1,Out-of-Network,2024-25,2024-10-23,2024-10-23,2024-12-04,42,134.46,0.0,Denied,Missing X-Ray,False
1968,3816,2,713,11,9,In-Network,2024-25,2024-10-23,2024-10-26,2024-12-20,55,173.58,173.58,Clean-Paid,,False
1969,3652,5,649,2,4,Out-of-Network,2024-25,2024-10-23,2024-10-23,2024-11-27,35,76.95,76.95,Clean-Paid,,False
1970,2407,29,161,13,5,In-Network,2024-25,2024-10-23,2024-10-26,2024-11-26,31,224.02,224.02,Clean-Paid,,False
1971,3422,25,558,8,9,In-Network,2024-25,2024-10-23,2024-10-26,2024-12-13,48,224.02,224.02,Clean-Paid,,False
1972,2265,15,103,19,1,Out-of-Network,2024-25,2024-10-23,2024-10-27,2024-12-06,40,285.94,285.94,Clean-Paid,,False
1973,2459,24,181,11,8,In-Network,2024-25,2024-10-23,2024-10-24,2024-12-07,44,224.02,224.02,Clean-Paid,,False
1974,2792,34,306,4,2,In-Network,2024-25,2024-10-23,2024-10-28,2024-11-24,27,132.57,132.57,Clean-Paid,,False
1975,2107,21,39,11,2,In-Network,2024-25,2024-10-24,2024-10-28,2024-11-30,33,243.54,0.0,Denied,Prior Auth Required,False
1976,2911,9,353,9,6,Out-of-Network,2024-25,2024-10-24,2024-10-27,2024-11-22,26,0.0,0.0,Clean-Paid,,False
1977,3249,16,491,4,7,In-Network,2024-25,2024-10-24,2024-10-27,2024-11-26,30,610.12,0.0,Denied,Prior Auth Required,True
1978,3507,31,596,5,2,In-Network,2024-25,2024-10-24,2024-10-26,2024-11-22,27,224.02,224.02,Clean-Paid,,False
1979,3732,25,681,15,9,In-Network,2024-25,2024-10-24,2024-10-24,2024-12-08,45,46.44,46.44,Clean-Paid,,False
1980,3026,28,402,20,3,In-Network,2024-25,2024-10-24,2024-10-26,2024-11-19,24,122.16,122.16,Clean-Paid,,False
1981,2245,32,96,3,1,In-Network,2024-25,2024-10-24,2024-10-27,2024-11-30,34,224.02,224.02,Clean-Paid,,False
1982,3263,12,498,9,9,In-Network,2024-25,2024-10-24,2024-10-26,2024-12-18,53,224.02,224.02,Clean-Paid,,False
1983,2211,2,80,5,9,In-Network,2024-25,2024-10-25,2024-10-25,2024-12-19,55,166.53,166.53,Clean-Paid,,False
1984,3121,18,438,6,1,In-Network,2024-25,2024-10-25,2024-10-25,2024-12-04,40,163.54,163.54,Clean-Paid,,False
1985,2450,32,177,5,1,In-Network,2024-25,2024-10-25,2024-10-27,2024-12-10,44,122.16,0.0,Denied,Max Benefit Exceeded,False
1986,3631,9,642,14,6,Out-of-Network,2024-25,2024-10-25,2024-10-29,2024-11-23,25,387.35,0.0,Denied,Prior Auth Required,False
1987,3678,6,659,6,8,In-Network,2024-25,2024-10-25,2024-10-25,2024-11-24,30,107.74,107.74,Clean-Paid,,False
1988,3394,35,549,15,7,In-Network,2024-25,2024-10-25,2024-10-28,2024-11-27,30,75.07,75.07,Clean-Paid,,False
1989,2613,8,236,8,1,In-Network,2024-25,2024-10-25,2024-10-25,2024-12-07,43,224.02,224.02,Clean-Paid,,False
1990,2984,22,385,18,6,In-Network,2024-25,2024-10-25,2024-10-25,2024-11-22,28,223.08,223.08,Clean-Paid,,False
1991,3334,27,522,2,9,In-Network,2024-25,2024-10-28,2024-10-31,2024-12-24,54,218.05,218.05,Clean-Paid,,False
1992,3544,30,610,12,5,In-Network,2024-25,2024-10-28,2024-10-28,2024-11-20,23,224.02,224.02,Clean-Paid,,False
1993,3658,2,652,2,9,In-Network,2024-25,2024-10-28,2024-10-29,2024-12-09,41,268.68,268.68,Clean-Paid,,False
1994,3438,25,565,11,9,In-Network,2024-25,2024-10-28,2024-10-30,2024-12-07,38,224.02,224.02,Clean-Paid,,False
1995,2190,34,73,10,2,In-Network,2024-25,2024-10-28,2024-10-30,2024-11-28,29,224.02,224.02,Clean-Paid,,False
1996,2391,29,152,11,5,In-Network,2024-25,2024-10-28,2024-10-28,2024-11-27,30,224.02,224.02,Clean-Paid,,False
1997,2192,34,74,13,2,In-Network,2024-25,2024-10-28,2024-10-30,2024-12-12,43,237.48,237.48,Clean-Paid,,False
1998,3520,11,601,3,5,In-Network,2024-25,2024-10-28,2024-11-02,2024-11-26,24,224.02,0.0,Denied,Max Benefit Exceeded,False
1999,3802,24,708,16,8,In-Network,2024-25,2024-10-28,2024-10-31,2024-12-04,34,267.74,267.74,Clean-Paid,,False
2000,2517,14,205,5,4,In-Network,2024-25,2024-10-28,2024-10-31,2024-12-04,34,224.02,224.02,Clean-Paid,,False
2001,2244,13,95,6,4,In-Network,2024-25,2024-10-29,2024-11-03,2024-12-20,47,68.47,68.47,Clean-Paid,,False
2002,3694,10,666,2,9,In-Network,2024-25,2024-10-29,2024-11-02,2024-12-19,47,224.02,0.0,Denied,Prior Auth Required,False
2003,2429,32,169,15,1,In-Network,2024-25,2024-10-29,2024-11-01,2024-12-17,46,168.0,168.0,Clean-Paid,,False
2004,2197,34,76,8,2,In-Network,2024-25,2024-10-29,2024-11-03,2024-12-05,32,224.02,224.02,Clean-Paid,,False
2005,2662,32,254,1,1,In-Network,2024-25,2024-10-29,2024-11-02,2024-12-08,36,224.02,224.02,Clean-Paid,,False
2006,2931,29,361,11,5,In-Network,2024-25,2024-10-30,2024-11-02,2024-11-27,25,224.02,224.02,Clean-Paid,,False
2007,3633,9,642,14,6,Out-of-Network,2024-25,2024-10-30,2024-10-30,2024-11-25,26,76.95,76.95,Clean-Paid,,False
2008,3302,31,512,20,2,In-Network,2024-25,2024-10-30,2024-11-04,2024-12-05,31,224.02,224.02,Clean-Paid,,False
2009,2917,12,356,16,9,In-Network,2024-25,2024-10-31,2024-11-01,2024-12-16,45,224.02,224.02,Clean-Paid,,False
2010,2542,21,214,13,2,In-Network,2024-25,2024-10-31,2024-11-02,2024-11-28,26,103.9,103.9,Clean-Paid,,False
2011,2942,13,364,16,4,In-Network,2024-25,2024-10-31,2024-11-05,2024-12-16,41,58.06,58.06,Clean-Paid,,False
2012,3483,35,583,3,7,In-Network,2024-25,2024-11-01,2024-11-03,2024-12-02,29,224.02,224.02,Clean-Paid,,False
2013,2489,21,194,17,2,In-Network,2024-25,2024-11-01,2024-11-03,2024-12-03,30,192.82,192.82,Clean-Paid,,False
2014,2557,20,218,12,4,Out-of-Network,2024-25,2024-11-01,2024-11-01,2024-12-11,40,188.93,0.0,Denied,Frequency Limit Exceeded,False
2015,3185,31,465,1,2,In-Network,2024-25,2024-11-04,2024-11-07,2024-12-13,36,103.9,103.9,Clean-Paid,,False
2016,3068,10,418,13,9,In-Network,2024-25,2024-11-04,2024-11-08,2024-12-23,45,224.02,224.02,Clean-Paid,,False
2017,2746,9,289,3,6,In-Network,2024-25,2024-11-04,2024-11-06,2024-12-01,25,23.9,23.9,Clean-Paid,,False
2018,3532,14,605,20,4,In-Network,2024-25,2024-11-04,2024-11-06,2024-12-09,33,224.02,224.02,Clean-Paid,,False
2019,2327,35,131,10,7,In-Network,2024-25,2024-11-04,2024-11-08,2024-12-11,33,224.02,224.02,Clean-Paid,,False
2020,2953,13,369,6,4,In-Network,2024-25,2024-11-04,2024-11-09,2024-12-25,46,58.94,58.94,Clean-Paid,,False
2021,2079,20,29,12,4,Out-of-Network,2024-25,2024-11-04,2024-11-05,2024-12-13,38,325.85,325.85,Clean-Paid,,False
2022,2987,11,386,15,5,In-Network,2024-25,2024-11-04,2024-11-09,2024-12-10,31,224.02,224.02,Clean-Paid,,False
2023,2516,6,204,1,8,In-Network,2024-25,2024-11-04,2024-11-05,2024-12-15,40,424.12,0.0,Denied,Prior Auth Required,True
2024,3926,16,758,6,7,In-Network,2024-25,2024-11-04,2024-11-06,2024-12-12,36,223.08,223.08,Clean-Paid,,False
2025,2109,16,40,3,7,In-Network,2024-25,2024-11-04,2024-11-05,2024-12-18,43,224.02,224.02,Clean-Paid,,False
2026,2822,17,319,7,5,In-Network,2024-25,2024-11-05,2024-11-05,2024-12-10,35,224.02,224.02,Clean-Paid,,False
2027,3264,12,498,9,9,In-Network,2024-25,2024-11-05,2024-11-10,2025-01-02,53,113.13,113.13,Clean-Paid,,False
2028,2171,2,65,12,9,In-Network,2024-25,2024-11-05,2024-11-09,2024-12-26,47,224.02,224.02,Clean-Paid,,False
2029,3656,2,651,6,9,In-Network,2024-25,2024-11-06,2024-11-11,2024-12-26,45,224.02,224.02,Clean-Paid,,False
2030,2150,30,56,8,5,In-Network,2024-25,2024-11-06,2024-11-11,2024-12-14,33,223.08,223.08,Clean-Paid,,False
2031,2051,8,16,4,1,Out-of-Network,2024-25,2024-11-06,2024-11-06,2024-12-15,39,258.13,258.13,Clean-Paid,,False
2032,3747,27,687,7,9,In-Network,2024-25,2024-11-06,2024-11-06,2024-12-31,55,63.74,63.74,Clean-Paid,,False
2033,2380,25,148,14,9,In-Network,2024-25,2024-11-07,2024-11-10,2024-12-22,42,224.02,224.02,Clean-Paid,,False
2034,3602,14,632,1,4,In-Network,2024-25,2024-11-07,2024-11-07,2024-12-27,50,0.0,0.0,Clean-Paid,,False
2035,2043,35,13,10,7,In-Network,2024-25,2024-11-08,2024-11-09,2024-12-19,40,254.28,254.28,Clean-Paid,,False
2036,3581,33,626,5,8,In-Network,2024-25,2024-11-08,2024-11-12,2024-12-17,35,118.15,118.15,Clean-Paid,,False
2037,2023,10,4,6,9,In-Network,2024-25,2024-11-08,2024-11-08,2024-12-28,50,224.02,224.02,Clean-Paid,,False
2038,2996,11,390,13,5,In-Network,2024-25,2024-11-08,2024-11-13,2024-12-06,23,83.9,83.9,Clean-Paid,,False
2039,3977,22,778,11,6,Out-of-Network,2024-25,2024-11-11,2024-11-15,2024-12-08,23,69.15,69.15,Clean-Paid,,False
2040,2627,5,240,10,4,In-Network,2024-25,2024-11-11,2024-11-11,2024-12-21,40,135.07,135.07,Clean-Paid,,False
2041,3726,25,679,6,9,In-Network,2024-25,2024-11-11,2024-11-12,2024-12-20,38,192.37,192.37,Clean-Paid,,False
2042,3600,14,632,1,4,In-Network,2024-25,2024-11-11,2024-11-12,2025-01-01,50,224.02,224.02,Clean-Paid,,False
2043,2169,3,64,13,1,In-Network,2024-25,2024-11-11,2024-11-13,2024-12-15,32,166.53,166.53,Clean-Paid,,False
2044,3099,31,430,11,2,In-Network,2024-25,2024-11-11,2024-11-13,2024-12-26,43,224.02,224.02,Clean-Paid,,False
2045,3194,31,469,18,2,In-Network,2024-25,2024-11-11,2024-11-13,2024-12-19,36,168.0,168.0,Clean-Paid,,False
2046,3277,35,504,18,7,In-Network,2024-25,2024-11-11,2024-11-12,2024-12-22,40,340.18,0.0,Denied,Prior Auth Required,True
2047,2315,22,126,16,6,Out-of-Network,2024-25,2024-11-11,2024-11-11,2024-12-09,28,285.94,285.94,Clean-Paid,,False
2048,3946,35,765,14,7,In-Network,2024-25,2024-11-11,2024-11-11,2024-12-24,43,267.74,267.74,Clean-Paid,,False
2049,3963,23,773,2,5,Out-of-Network,2024-25,2024-11-11,2024-11-16,2024-12-25,39,250.17,250.17,Clean-Paid,,False
2050,3680,6,660,4,8,In-Network,2024-25,2024-11-11,2024-11-13,2024-12-28,45,107.74,107.74,Clean-Paid,,False
2051,2959,5,372,20,4,In-Network,2024-25,2024-11-11,2024-11-15,2024-12-22,37,224.02,224.02,Clean-Paid,,False
2052,3670,6,657,7,8,In-Network,2024-25,2024-11-11,2024-11-14,2024-12-24,40,224.02,224.02,Clean-Paid,,False
2053,3290,16,508,5,7,In-Network,2024-25,2024-11-11,2024-11-16,2024-12-14,28,163.54,163.54,Clean-Paid,,False
2054,2832,16,324,17,7,In-Network,2024-25,2024-11-11,2024-11-16,2024-12-26,40,224.02,224.02,Clean-Paid,,False
2055,2386,25,150,17,9,In-Network,2024-25,2024-11-12,2024-11-14,2024-12-23,39,224.02,224.02,Clean-Paid,,False
2056,3299,31,511,12,2,In-Network,2024-25,2024-11-12,2024-11-16,2024-12-14,28,224.02,224.02,Clean-Paid,,False
2057,3153,12,453,10,9,In-Network,2024-25,2024-11-12,2024-11-16,2024-12-28,42,224.02,224.02,Clean-Paid,,False
2058,2768,27,298,20,9,In-Network,2024-25,2024-11-12,2024-11-12,2025-01-02,51,64.1,64.1,Clean-Paid,,False
2059,2978,22,381,15,6,In-Network,2024-25,2024-11-12,2024-11-16,2024-12-25,39,224.02,224.02,Clean-Paid,,False
2060,2850,9,330,6,6,In-Network,2024-25,2024-11-12,2024-11-13,2024-12-06,23,0.0,0.0,Clean-Paid,,False
2061,2709,3,277,8,1,In-Network,2024-25,2024-11-12,2024-11-17,2024-12-26,39,254.28,254.28,Clean-Paid,,False
2062,3079,10,422,5,9,In-Network,2024-25,2024-11-12,2024-11-13,2024-12-28,45,66.46,66.46,Clean-Paid,,False
2063,3022,28,401,3,3,In-Network,2024-25,2024-11-13,2024-11-15,2024-12-20,35,224.02,224.02,Clean-Paid,,False
2064,2805,34,311,8,2,In-Network,2024-25,2024-11-13,2024-11-18,2024-12-25,37,103.9,103.9,Clean-Paid,,False
2065,3736,27,683,12,9,In-Network,2024-25,2024-11-13,2024-11-16,2025-01-02,47,224.02,224.02,Clean-Paid,,False
2066,2222,26,85,15,4,In-Network,2024-25,2024-11-13,2024-11-18,2025-01-05,48,224.02,224.02,Clean-Paid,,False
2067,3779,30,698,4,5,In-Network,2024-25,2024-11-13,2024-11-14,2024-12-10,26,139.17,139.17,Clean-Paid,,False
2068,2966,5,375,3,4,Out-of-Network,2024-25,2024-11-13,2024-11-13,2024-12-16,33,106.65,106.65,Clean-Paid,,False
2069,2099,21,37,4,2,In-Network,2024-25,2024-11-13,2024-11-18,2024-12-20,32,224.02,224.02,Clean-Paid,,False
2070,2174,2,66,10,9,In-Network,2024-25,2024-11-14,2024-11-16,2024-12-28,42,224.02,224.02,Clean-Paid,,False
2071,2906,9,352,18,6,In-Network,2024-25,2024-11-14,2024-11-18,2024-12-17,29,237.48,237.48,Clean-Paid,,False
2072,3830,3,718,13,1,In-Network,2024-25,2024-11-14,2024-11-17,2025-01-04,48,103.9,103.9,Clean-Paid,,False
2073,3801,24,707,11,8,In-Network,2024-25,2024-11-14,2024-11-14,2024-12-24,40,58.94,0.0,Denied,Coding Error,False
2074,2477,1,190,13,4,In-Network,2024-25,2024-11-15,2024-11-18,2024-12-28,40,224.02,0.0,Denied,Max Benefit Exceeded,False
2075,3149,3,448,4,1,Out-of-Network,2024-25,2024-11-15,2024-11-20,2025-01-03,44,244.64,244.64,Clean-Paid,,False
2076,2634,5,242,16,4,In-Network,2024-25,2024-11-15,2024-11-15,2024-12-30,45,79.17,79.17,Clean-Paid,,False
2077,3146,3,447,3,1,In-Network,2024-25,2024-11-15,2024-11-17,2024-12-27,40,29.68,29.68,Clean-Paid,,False
2078,3917,31,755,11,2,In-Network,2024-25,2024-11-18,2024-11-18,2024-12-25,37,224.02,224.02,Clean-Paid,,False
2079,3767,8,694,16,1,Out-of-Network,2024-25,2024-11-18,2024-11-18,2024-12-23,35,0.0,0.0,Clean-Paid,,False
2080,3821,2,714,19,9,In-Network,2024-25,2024-11-18,2024-11-20,2024-12-30,40,46.88,0.0,Denied,Coverage Terminated,False
2081,2534,21,211,18,2,In-Network,2024-25,2024-11-18,2024-11-21,2024-12-22,31,78.96,78.96,Clean-Paid,,False
2082,2851,9,331,6,6,In-Network,2024-25,2024-11-18,2024-11-19,2024-12-28,39,224.02,224.02,Clean-Paid,,False
2083,2599,19,231,14,9,In-Network,2024-25,2024-11-18,2024-11-18,2024-12-27,39,138.15,138.15,Clean-Paid,,False
2084,2741,10,287,9,9,In-Network,2024-25,2024-11-18,2024-11-23,2025-01-03,41,38.06,38.06,Clean-Paid,,False
2085,3636,30,644,19,5,In-Network,2024-25,2024-11-18,2024-11-21,2024-12-26,35,224.02,224.02,Clean-Paid,,False
2086,3644,5,647,18,4,In-Network,2024-25,2024-11-18,2024-11-21,2024-12-27,36,224.02,0.0,Denied,Coverage Terminated,False
2087,2874,28,339,20,3,In-Network,2024-25,2024-11-19,2024-11-21,2024-12-11,20,122.16,122.16,Clean-Paid,,False
2088,3480,16,581,17,7,In-Network,2024-25,2024-11-19,2024-11-21,2024-12-28,37,126.53,126.53,Clean-Paid,,False
2089,2313,22,125,16,6,Out-of-Network,2024-25,2024-11-19,2024-11-20,2024-12-17,27,285.94,0.0,Denied,Missing X-Ray,False
2090,3665,20,655,18,4,In-Network,2024-25,2024-11-19,2024-11-24,2025-01-04,41,223.08,223.08,Clean-Paid,,False
2091,3996,19,785,10,9,In-Network,2024-25,2024-11-19,2024-11-22,2025-01-05,44,204.75,204.75,Clean-Paid,,False
2092,3748,4,688,4,2,In-Network,2024-25,2024-11-19,2024-11-22,2024-12-30,38,224.02,224.02,Clean-Paid,,False
2093,3919,31,755,11,2,In-Network,2024-25,2024-11-19,2024-11-20,2024-12-22,32,58.06,58.06,Clean-Paid,,False
2094,2170,3,64,13,1,In-Network,2024-25,2024-11-19,2024-11-23,2025-01-07,45,172.57,172.57,Clean-Paid,,False
2095,2547,20,215,11,4,In-Network,2024-25,2024-11-20,2024-11-22,2025-01-08,47,173.58,0.0,Denied,Coding Error,False
2096,3798,24,706,1,8,In-Network,2024-25,2024-11-20,2024-11-24,2025-01-06,43,223.08,223.08,Clean-Paid,,False
2097,3927,16,758,6,7,In-Network,2024-25,2024-11-20,2024-11-24,2024-12-20,26,198.97,198.97,Clean-Paid,,False
2098,3493,15,589,3,1,In-Network,2024-25,2024-11-20,2024-11-20,2024-12-25,35,158.97,158.97,Clean-Paid,,False
2099,3693,9,665,5,6,In-Network,2024-25,2024-11-21,2024-11-22,2024-12-21,29,451.18,451.18,Clean-Paid,,True
2100,2588,21,228,19,2,In-Network,2024-25,2024-11-21,2024-11-23,2024-12-23,30,223.08,223.08,Clean-Paid,,False
2101,2026,16,5,6,7,In-Network,2024-25,2024-11-21,2024-11-23,2024-12-31,38,224.02,224.02,Clean-Paid,,False
2102,3080,21,423,16,2,In-Network,2024-25,2024-11-21,2024-11-26,2024-12-25,29,224.02,224.02,Clean-Paid,,False
2103,3211,28,476,15,3,In-Network,2024-25,2024-11-22,2024-11-25,2024-12-17,22,173.58,173.58,Clean-Paid,,False
2104,3666,20,655,18,4,In-Network,2024-25,2024-11-22,2024-11-24,2025-01-11,48,68.47,68.47,Clean-Paid,,False
2105,3580,33,626,5,8,In-Network,2024-25,2024-11-22,2024-11-22,2024-12-31,39,224.02,224.02,Clean-Paid,,False
2106,2847,34,329,5,2,In-Network,2024-25,2024-11-22,2024-11-22,2024-12-30,38,436.62,436.62,Clean-Paid,,True
2107,3922,31,756,15,2,In-Network,2024-25,2024-11-22,2024-11-22,2024-12-20,28,29.68,29.68,Clean-Paid,,False
2108,3857,7,728,4,7,In-Network,2024-25,2024-11-25,2024-11-25,2024-12-31,36,29.68,29.68,Clean-Paid,,False
2109,3490,26,588,8,4,In-Network,2024-25,2024-11-25,2024-11-27,2025-01-16,50,224.02,224.02,Clean-Paid,,False
2110,3377,4,543,18,2,In-Network,2024-25,2024-11-25,2024-11-29,2024-12-29,30,82.16,0.0,Denied,Timely Filing Expired,False
2111,3545,30,610,12,5,In-Network,2024-25,2024-11-25,2024-11-27,2025-01-04,38,75.07,75.07,Clean-Paid,,False
2112,2858,5,334,7,4,In-Network,2024-25,2024-11-25,2024-11-29,2025-01-06,38,237.48,237.48,Clean-Paid,,False
2113,3019,28,400,12,3,In-Network,2024-25,2024-11-25,2024-11-27,2024-12-31,34,224.02,224.02,Clean-Paid,,False
2114,3864,14,732,20,4,In-Network,2024-25,2024-11-25,2024-11-26,2025-01-05,40,223.08,223.08,Clean-Paid,,False
2115,3716,2,674,18,9,In-Network,2024-25,2024-11-25,2024-11-28,2025-01-11,44,237.48,237.48,Clean-Paid,,False
2116,4025,32,796,14,1,Out-of-Network,2024-25,2024-11-25,2024-11-28,2025-01-16,49,285.94,285.94,Clean-Paid,,False
2117,3586,33,628,9,8,In-Network,2024-25,2024-11-25,2024-11-28,2024-12-31,33,224.02,224.02,Clean-Paid,,False
2118,2509,3,201,18,1,In-Network,2024-25,2024-11-26,2024-12-01,2025-01-02,32,501.18,501.18,Clean-Paid,,True
2119,3246,16,491,4,7,In-Network,2024-25,2024-11-26,2024-11-26,2024-12-24,28,254.28,254.28,Clean-Paid,,False
2120,3348,31,530,12,2,In-Network,2024-25,2024-11-26,2024-11-28,2025-01-08,41,58.94,58.94,Clean-Paid,,False
2121,2744,10,288,18,9,In-Network,2024-25,2024-11-26,2024-11-27,2025-01-15,49,48.47,0.0,Denied,Missing X-Ray,False
2122,2876,28,340,14,3,In-Network,2024-25,2024-11-27,2024-12-01,2025-01-04,34,192.82,192.82,Clean-Paid,,False
2123,2835,16,324,17,7,In-Network,2024-25,2024-11-27,2024-11-29,2024-12-25,26,161.96,161.96,Clean-Paid,,False
2124,2742,10,288,18,9,In-Network,2024-25,2024-11-27,2024-11-29,2025-01-20,52,192.82,192.82,Clean-Paid,,False
2125,2484,21,191,8,2,In-Network,2024-25,2024-11-28,2024-12-01,2025-01-07,37,93.78,93.78,Clean-Paid,,False
2126,3884,6,742,10,8,In-Network,2024-25,2024-11-28,2024-12-02,2025-01-12,41,224.02,224.02,Clean-Paid,,False
2127,3991,25,784,18,9,In-Network,2024-25,2024-11-28,2024-11-29,2025-01-14,46,192.82,192.82,Clean-Paid,,False
2128,2914,9,354,7,6,In-Network,2024-25,2024-11-28,2024-11-29,2024-12-29,30,64.1,64.1,Clean-Paid,,False
2129,4003,31,788,7,2,In-Network,2024-25,2024-11-28,2024-12-02,2024-12-30,28,122.16,122.16,Clean-Paid,,False
2130,3404,15,552,1,1,In-Network,2024-25,2024-11-28,2024-11-29,2025-01-04,36,79.17,79.17,Clean-Paid,,False
2131,2488,21,193,14,2,In-Network,2024-25,2024-11-28,2024-12-01,2025-01-12,42,223.08,0.0,Denied,Max Benefit Exceeded,False
2132,2539,21,212,18,2,In-Network,2024-25,2024-11-28,2024-12-01,2025-01-07,37,164.75,164.75,Clean-Paid,,False
2133,2231,26,88,13,4,In-Network,2024-25,2024-11-28,2024-12-01,2025-01-13,43,223.08,223.08,Clean-Paid,,False
2134,3465,16,577,13,7,In-Network,2024-25,2024-11-29,2024-12-01,2025-01-13,43,237.48,237.48,Clean-Paid,,False
2135,4004,31,789,7,2,In-Network,2024-25,2024-11-29,2024-12-03,2024-12-31,28,224.02,224.02,Clean-Paid,,False
2136,2268,15,104,2,1,Out-of-Network,2024-25,2024-11-29,2024-12-04,2025-01-08,35,258.13,258.13,Clean-Paid,,False
2137,2843,34,327,20,2,In-Network,2024-25,2024-11-29,2024-12-04,2024-12-30,26,203.54,0.0,Denied,Coverage Terminated,False
2138,2797,34,308,18,2,In-Network,2024-25,2024-11-29,2024-11-30,2025-01-10,41,199.17,199.17,Clean-Paid,,False
2139,3410,15,554,9,1,Out-of-Network,2024-25,2024-11-29,2024-12-01,2025-01-14,44,258.13,0.0,Denied,Frequency Limit Exceeded,False
2140,2650,29,248,14,5,In-Network,2024-25,2024-12-02,2024-12-03,2024-12-31,28,488.68,0.0,Denied,Prior Auth Required,True
2141,2864,5,335,14,4,In-Network,2024-25,2024-12-02,2024-12-05,2025-01-21,47,15.07,15.07,Clean-Paid,,False
2142,3233,1,486,3,4,Out-of-Network,2024-25,2024-12-02,2024-12-03,2025-01-07,35,73.22,73.22,Clean-Paid,,False
2143,2946,13,366,20,4,In-Network,2024-25,2024-12-02,2024-12-04,2025-01-23,50,159.17,0.0,Denied,Frequency Limit Exceeded,False
2144,3696,10,666,2,9,In-Network,2024-25,2024-12-02,2024-12-06,2025-01-25,50,488.68,488.68,Clean-Paid,,True
2145,2360,32,141,14,1,Out-of-Network,2024-25,2024-12-02,2024-12-02,2025-01-16,45,327.07,327.07,Clean-Paid,,False
2146,2124,30,46,7,5,In-Network,2024-25,2024-12-02,2024-12-06,2025-01-03,28,192.82,192.82,Clean-Paid,,False
2147,3392,35,549,15,7,In-Network,2024-25,2024-12-02,2024-12-03,2024-12-30,27,224.02,224.02,Clean-Paid,,False
2148,2041,35,12,16,7,In-Network,2024-25,2024-12-02,2024-12-05,2025-01-13,39,298.94,298.94,Clean-Paid,,False
2149,2504,3,200,11,1,Out-of-Network,2024-25,2024-12-02,2024-12-04,2025-01-06,33,283.34,283.34,Clean-Paid,,False
2150,3184,31,465,1,2,In-Network,2024-25,2024-12-02,2024-12-07,2025-01-03,27,729.71,729.71,Clean-Paid,,True
2151,2592,9,229,11,6,Out-of-Network,2024-25,2024-12-02,2024-12-06,2024-12-30,24,676.0,0.0,Denied,Prior Auth Required,True
2152,2279,1,109,5,4,In-Network,2024-25,2024-12-02,2024-12-07,2025-01-26,50,68.47,68.47,Clean-Paid,,False
2153,3137,35,445,6,7,In-Network,2024-25,2024-12-02,2024-12-02,2025-01-08,37,223.08,223.08,Clean-Paid,,False
2154,3001,4,393,9,2,In-Network,2024-25,2024-12-02,2024-12-05,2025-01-06,32,224.02,224.02,Clean-Paid,,False
2155,2420,32,166,18,1,In-Network,2024-25,2024-12-03,2024-12-07,2025-01-18,42,224.02,224.02,Clean-Paid,,False
2156,3468,16,577,13,7,In-Network,2024-25,2024-12-03,2024-12-06,2025-01-13,38,679.71,0.0,Denied,Prior Auth Required,True
2157,3119,18,438,6,1,In-Network,2024-25,2024-12-03,2024-12-08,2025-01-23,46,223.08,0.0,Denied,Prior Auth Required,False
2158,3683,6,662,17,8,In-Network,2024-25,2024-12-04,2024-12-06,2025-01-21,46,192.82,192.82,Clean-Paid,,False
2159,2873,28,339,20,3,In-Network,2024-25,2024-12-04,2024-12-09,2025-01-08,30,224.02,224.02,Clean-Paid,,False
2160,2699,29,273,18,5,In-Network,2024-25,2024-12-04,2024-12-06,2025-01-15,40,224.02,0.0,Denied,Coverage Terminated,False
2161,3046,30,409,17,5,In-Network,2024-25,2024-12-04,2024-12-07,2025-01-08,32,130.38,130.38,Clean-Paid,,False
2162,2915,9,355,16,6,Out-of-Network,2024-25,2024-12-04,2024-12-04,2025-01-05,32,359.54,359.54,Clean-Paid,,False
2163,3617,35,636,7,7,In-Network,2024-25,2024-12-05,2024-12-06,2025-01-02,27,218.97,218.97,Clean-Paid,,False
2164,2490,21,194,17,2,In-Network,2024-25,2024-12-05,2024-12-09,2025-01-16,38,384.12,0.0,Denied,Prior Auth Required,True
2165,2681,23,265,18,5,In-Network,2024-25,2024-12-05,2024-12-09,2025-01-15,37,112.57,112.57,Clean-Paid,,False
2166,2069,21,24,20,2,In-Network,2024-25,2024-12-05,2024-12-08,2025-01-07,30,103.9,103.9,Clean-Paid,,False
2167,2520,14,206,9,4,Out-of-Network,2024-25,2024-12-06,2024-12-06,2025-01-19,44,298.04,298.04,Clean-Paid,,False
2168,2782,27,303,8,9,In-Network,2024-25,2024-12-06,2024-12-08,2025-01-16,39,135.07,0.0,Denied,Timely Filing Expired,False
2169,2834,16,324,17,7,In-Network,2024-25,2024-12-06,2024-12-07,2025-01-10,34,206.53,206.53,Clean-Paid,,False
2170,2057,21,19,14,2,In-Network,2024-25,2024-12-09,2024-12-10,2025-01-14,35,224.02,224.02,Clean-Paid,,False
2171,2577,21,224,19,2,In-Network,2024-25,2024-12-09,2024-12-13,2025-01-15,33,103.9,103.9,Clean-Paid,,False
2172,2130,30,47,15,5,In-Network,2024-25,2024-12-09,2024-12-13,2025-01-08,26,83.9,83.9,Clean-Paid,,False
2173,3619,35,637,1,7,In-Network,2024-25,2024-12-09,2024-12-10,2025-01-20,41,75.07,0.0,Denied,Missing X-Ray,False
2174,3828,3,717,18,1,In-Network,2024-25,2024-12-09,2024-12-14,2025-01-15,32,138.15,138.15,Clean-Paid,,False
2175,3259,21,496,7,2,In-Network,2024-25,2024-12-09,2024-12-12,2025-01-16,35,93.78,93.78,Clean-Paid,,False
2176,2163,3,63,10,1,In-Network,2024-25,2024-12-09,2024-12-12,2025-01-23,42,223.08,223.08,Clean-Paid,,False
2177,2173,2,65,12,9,In-Network,2024-25,2024-12-09,2024-12-14,2025-02-03,51,164.75,164.75,Clean-Paid,,False
2178,2629,5,241,12,4,Out-of-Network,2024-25,2024-12-09,2024-12-09,2025-01-11,33,285.94,285.94,Clean-Paid,,False
2179,3567,35,620,19,7,In-Network,2024-25,2024-12-09,2024-12-10,2025-01-20,41,130.38,130.38,Clean-Paid,,False
2180,3416,6,556,2,8,In-Network,2024-25,2024-12-09,2024-12-10,2025-01-24,45,224.02,224.02,Clean-Paid,,False
2181,2956,5,371,17,4,In-Network,2024-25,2024-12-09,2024-12-10,2025-01-15,36,224.02,224.02,Clean-Paid,,False
2182,2555,20,218,12,4,Out-of-Network,2024-25,2024-12-09,2024-12-11,2025-01-24,44,258.13,258.13,Clean-Paid,,False
2183,2406,22,160,9,6,Out-of-Network,2024-25,2024-12-10,2024-12-13,2025-01-14,32,194.46,0.0,Denied,Coverage Terminated,False
2184,2389,25,151,19,9,In-Network,2024-25,2024-12-10,2024-12-12,2025-01-27,46,9.68,9.68,Clean-Paid,,False
2185,3860,7,729,5,7,In-Network,2024-25,2024-12-11,2024-12-16,2025-01-16,31,132.57,132.57,Clean-Paid,,False
2186,2705,3,275,7,1,In-Network,2024-25,2024-12-11,2024-12-11,2025-01-16,36,224.02,224.02,Clean-Paid,,False
2187,3018,30,399,7,5,In-Network,2024-25,2024-12-11,2024-12-14,2025-01-18,35,455.56,0.0,Denied,Prior Auth Required,True
2188,2729,3,284,11,1,Out-of-Network,2024-25,2024-12-12,2024-12-15,2025-01-21,37,285.94,285.94,Clean-Paid,,False
2189,2502,3,200,11,1,Out-of-Network,2024-25,2024-12-12,2024-12-12,2025-01-23,42,285.94,285.94,Clean-Paid,,False
2190,3614,35,636,7,7,In-Network,2024-25,2024-12-12,2024-12-17,2025-01-29,43,224.02,224.02,Clean-Paid,,False
2191,3301,31,511,12,2,In-Network,2024-25,2024-12-12,2024-12-12,2025-01-14,33,501.18,501.18,Clean-Paid,,True
2192,3241,16,489,13,7,In-Network,2024-25,2024-12-12,2024-12-13,2025-01-17,35,224.02,224.02,Clean-Paid,,False
2193,3817,2,713,11,9,In-Network,2024-25,2024-12-12,2024-12-14,2025-02-06,54,135.07,135.07,Clean-Paid,,False
2194,2900,29,347,14,5,In-Network,2024-25,2024-12-12,2024-12-15,2025-01-17,33,206.53,206.53,Clean-Paid,,False
2195,3685,6,662,17,8,In-Network,2024-25,2024-12-12,2024-12-17,2025-01-26,40,38.06,38.06,Clean-Paid,,False
2196,2038,35,10,8,7,In-Network,2024-25,2024-12-13,2024-12-13,2025-01-22,40,218.97,218.97,Clean-Paid,,False
2197,3861,14,730,13,4,In-Network,2024-25,2024-12-13,2024-12-17,2025-01-21,35,224.02,0.0,Denied,Prior Auth Required,False
2198,2928,29,360,6,5,In-Network,2024-25,2024-12-13,2024-12-17,2025-01-11,25,224.02,0.0,Denied,Coverage Terminated,False
2199,2999,11,391,8,5,In-Network,2024-25,2024-12-13,2024-12-13,2025-01-18,36,692.21,692.21,Clean-Paid,,True
2200,3476,16,580,7,7,In-Network,2024-25,2024-12-16,2024-12-20,2025-01-16,27,476.18,476.18,Clean-Paid,,True
2201,2794,34,307,9,2,In-Network,2024-25,2024-12-16,2024-12-17,2025-01-25,39,164.75,164.75,Clean-Paid,,False
2202,3557,35,616,20,7,In-Network,2024-25,2024-12-16,2024-12-16,2025-01-27,42,224.02,224.02,Clean-Paid,,False
2203,2157,3,59,6,1,In-Network,2024-25,2024-12-16,2024-12-19,2025-01-20,32,69.68,69.68,Clean-Paid,,False
2204,3254,16,494,18,7,In-Network,2024-25,2024-12-16,2024-12-21,2025-01-20,30,192.82,192.82,Clean-Paid,,False
2205,2464,8,184,5,1,In-Network,2024-25,2024-12-16,2024-12-21,2025-02-05,46,224.02,224.02,Clean-Paid,,False
2206,3957,26,770,6,4,In-Network,2024-25,2024-12-16,2024-12-21,2025-02-06,47,58.06,58.06,Clean-Paid,,False
2207,3875,8,737,4,1,Out-of-Network,2024-25,2024-12-16,2024-12-17,2025-01-27,41,285.94,285.94,Clean-Paid,,False
2208,3916,31,754,12,2,In-Network,2024-25,2024-12-16,2024-12-18,2025-01-26,39,193.13,193.13,Clean-Paid,,False
2209,2048,8,15,19,1,Out-of-Network,2024-25,2024-12-16,2024-12-16,2025-01-23,38,285.94,285.94,Clean-Paid,,False
2210,2540,21,214,13,2,In-Network,2024-25,2024-12-16,2024-12-20,2025-01-28,39,267.74,267.74,Clean-Paid,,False
2211,3273,35,502,20,7,In-Network,2024-25,2024-12-16,2024-12-21,2025-02-01,42,75.07,75.07,Clean-Paid,,False
2212,2025,10,4,6,9,In-Network,2024-25,2024-12-16,2024-12-16,2025-02-02,48,75.07,75.07,Clean-Paid,,False
2213,2690,29,269,17,5,In-Network,2024-25,2024-12-16,2024-12-16,2025-01-18,33,224.02,224.02,Clean-Paid,,False
2214,3014,30,398,8,5,In-Network,2024-25,2024-12-17,2024-12-19,2025-01-18,30,148.0,148.0,Clean-Paid,,False
2215,3133,35,444,19,7,In-Network,2024-25,2024-12-17,2024-12-17,2025-01-12,26,224.02,224.02,Clean-Paid,,False
2216,3648,5,648,18,4,In-Network,2024-25,2024-12-17,2024-12-20,2025-02-04,46,223.08,223.08,Clean-Paid,,False
2217,2961,5,373,20,4,In-Network,2024-25,2024-12-17,2024-12-21,2025-01-23,33,192.82,192.82,Clean-Paid,,False
2218,2064,21,22,18,2,In-Network,2024-25,2024-12-17,2024-12-22,2025-01-28,37,58.94,0.0,Denied,Prior Auth Required,False
2219,3429,2,561,6,9,In-Network,2024-25,2024-12-17,2024-12-17,2025-02-03,48,224.02,224.02,Clean-Paid,,False
2220,3028,28,403,2,3,In-Network,2024-25,2024-12-17,2024-12-19,2025-01-09,21,127.74,127.74,Clean-Paid,,False
2221,3813,16,712,17,7,In-Network,2024-25,2024-12-17,2024-12-20,2025-01-28,39,267.74,267.74,Clean-Paid,,False
2222,3390,35,548,18,7,In-Network,2024-25,2024-12-18,2024-12-19,2025-01-24,36,112.57,0.0,Denied,Timely Filing Expired,False
2223,2617,8,237,20,1,Out-of-Network,2024-25,2024-12-18,2024-12-22,2025-02-08,48,258.13,258.13,Clean-Paid,,False
2224,2975,22,380,9,6,Out-of-Network,2024-25,2024-12-18,2024-12-22,2025-01-18,27,285.94,285.94,Clean-Paid,,False
2225,2548,20,216,9,4,Out-of-Network,2024-25,2024-12-18,2024-12-20,2025-02-04,46,325.85,325.85,Clean-Paid,,False
2226,3785,33,700,11,8,In-Network,2024-25,2024-12-18,2024-12-20,2025-01-29,40,224.02,0.0,Denied,Max Benefit Exceeded,False
2227,2357,32,141,14,1,Out-of-Network,2024-25,2024-12-18,2024-12-21,2025-01-22,32,285.94,0.0,Denied,Max Benefit Exceeded,False
2228,3164,12,457,9,9,In-Network,2024-25,2024-12-19,2024-12-23,2025-02-04,43,135.07,135.07,Clean-Paid,,False
2229,3730,25,681,15,9,In-Network,2024-25,2024-12-19,2024-12-20,2025-02-03,45,224.02,224.02,Clean-Paid,,False
2230,3528,11,603,13,5,In-Network,2024-25,2024-12-19,2024-12-21,2025-01-19,29,118.15,118.15,Clean-Paid,,False
2231,2799,34,309,13,2,In-Network,2024-25,2024-12-20,2024-12-20,2025-01-23,34,298.94,298.94,Clean-Paid,,False
2232,2194,34,75,19,2,In-Network,2024-25,2024-12-20,2024-12-24,2025-02-05,43,223.08,223.08,Clean-Paid,,False
2233,3909,31,751,15,2,In-Network,2024-25,2024-12-20,2024-12-21,2025-01-29,39,122.16,122.16,Clean-Paid,,False
2234,2923,12,357,12,9,In-Network,2024-25,2024-12-20,2024-12-23,2025-02-03,42,102.54,102.54,Clean-Paid,,False
2235,3044,30,409,17,5,In-Network,2024-25,2024-12-20,2024-12-25,2025-01-24,30,224.02,224.02,Clean-Paid,,False
2236,2333,35,133,12,7,In-Network,2024-25,2024-12-20,2024-12-21,2025-01-18,28,267.74,0.0,Denied,Missing X-Ray,False
2237,2353,32,139,13,1,In-Network,2024-25,2024-12-23,2024-12-28,2025-02-06,40,199.17,199.17,Clean-Paid,,False
2238,3998,19,786,19,9,In-Network,2024-25,2024-12-23,2024-12-28,2025-02-10,44,192.82,0.0,Denied,Max Benefit Exceeded,False
2239,3667,20,655,18,4,In-Network,2024-25,2024-12-23,2024-12-28,2025-01-31,34,178.15,178.15,Clean-Paid,,False
2240,2335,35,133,12,7,In-Network,2024-25,2024-12-23,2024-12-26,2025-01-30,35,183.54,183.54,Clean-Paid,,False
2241,2487,21,192,10,2,In-Network,2024-25,2024-12-23,2024-12-27,2025-02-07,42,704.71,704.71,Clean-Paid,,True
2242,3591,33,629,5,8,In-Network,2024-25,2024-12-23,2024-12-27,2025-01-25,29,102.16,102.16,Clean-Paid,,False
2243,2574,21,223,9,2,In-Network,2024-25,2024-12-23,2024-12-27,2025-01-24,28,95.07,95.07,Clean-Paid,,False
2244,2908,9,352,18,6,In-Network,2024-25,2024-12-23,2024-12-26,2025-02-04,40,64.1,64.1,Clean-Paid,,False
2245,3985,25,782,5,9,In-Network,2024-25,2024-12-23,2024-12-26,2025-02-08,44,254.28,254.28,Clean-Paid,,False
2246,2716,3,279,20,1,Out-of-Network,2024-25,2024-12-23,2024-12-26,2025-02-05,41,244.64,244.64,Clean-Paid,,False
2247,3257,21,495,10,2,In-Network,2024-25,2024-12-23,2024-12-24,2025-01-23,30,103.9,103.9,Clean-Paid,,False
2248,3838,28,722,10,3,In-Network,2024-25,2024-12-23,2024-12-25,2025-01-27,33,254.28,254.28,Clean-Paid,,False
2249,3110,31,434,18,2,In-Network,2024-25,2024-12-23,2024-12-28,2025-02-01,35,254.28,254.28,Clean-Paid,,False
2250,3603,14,632,1,4,In-Network,2024-25,2024-12-23,2024-12-23,2025-02-09,48,146.43,146.43,Clean-Paid,,False
2251,3561,35,617,14,7,In-Network,2024-25,2024-12-24,2024-12-29,2025-02-05,38,455.56,455.56,Clean-Paid,,True
2252,2131,30,47,15,5,In-Network,2024-25,2024-12-24,2024-12-28,2025-01-27,30,729.71,729.71,Clean-Paid,,True
2253,3354,31,532,2,2,In-Network,2024-25,2024-12-24,2024-12-29,2025-02-08,41,132.57,0.0,Denied,Coverage Terminated,False
2254,3175,20,462,10,4,In-Network,2024-25,2024-12-25,2024-12-30,2025-02-07,39,224.02,0.0,Denied,Coding Error,False
2255,2086,13,31,6,4,In-Network,2024-25,2024-12-25,2024-12-29,2025-02-04,37,95.07,95.07,Clean-Paid,,False
2256,2350,32,138,12,1,In-Network,2024-25,2024-12-25,2024-12-28,2025-02-15,49,159.17,159.17,Clean-Paid,,False
2257,3475,16,580,7,7,In-Network,2024-25,2024-12-25,2024-12-26,2025-02-04,40,224.02,224.02,Clean-Paid,,False
2258,3880,8,738,4,1,Out-of-Network,2024-25,2024-12-25,2024-12-26,2025-02-07,43,163.34,163.34,Clean-Paid,,False
2259,2686,23,268,12,5,In-Network,2024-25,2024-12-25,2024-12-29,2025-01-31,33,224.02,224.02,Clean-Paid,,False
2260,2510,6,203,18,8,In-Network,2024-25,2024-12-26,2024-12-31,2025-02-15,46,224.02,0.0,Denied,Timely Filing Expired,False
2261,3347,31,530,12,2,In-Network,2024-25,2024-12-26,2024-12-31,2025-01-26,26,224.02,0.0,Denied,Frequency Limit Exceeded,False
2262,2363,32,142,4,1,Out-of-Network,2024-25,2024-12-26,2024-12-27,2025-02-04,39,217.81,217.81,Clean-Paid,,False
2263,3703,25,669,9,9,In-Network,2024-25,2024-12-26,2024-12-31,2025-02-07,38,224.02,224.02,Clean-Paid,,False
2264,2259,10,101,8,9,In-Network,2024-25,2024-12-27,2024-12-29,2025-02-15,48,224.02,224.02,Clean-Paid,,False
2265,2300,4,117,1,2,In-Network,2024-25,2024-12-27,2025-01-01,2025-02-01,31,82.16,82.16,Clean-Paid,,False
2266,3642,5,646,2,4,Out-of-Network,2024-25,2024-12-27,2024-12-31,2025-02-17,48,109.11,109.11,Clean-Paid,,False
2267,3204,29,474,9,5,Out-of-Network,2024-25,2024-12-27,2025-01-01,2025-02-01,31,168.93,168.93,Clean-Paid,,False
2268,2118,30,43,6,5,In-Network,2024-25,2024-12-27,2024-12-31,2025-01-27,27,224.02,224.02,Clean-Paid,,False
2269,3379,18,544,12,1,In-Network,2024-25,2024-12-27,2024-12-29,2025-01-31,33,224.02,224.02,Clean-Paid,,False
2270,2302,4,119,5,2,In-Network,2024-25,2024-12-27,2024-12-28,2025-02-09,43,237.48,237.48,Clean-Paid,,False
2271,2579,21,225,15,2,In-Network,2024-25,2024-12-30,2025-01-01,2025-02-06,36,298.94,298.94,Clean-Paid,,False
2272,3270,35,502,20,7,In-Network,2024-25,2024-12-30,2024-12-31,2025-02-08,39,224.02,224.02,Clean-Paid,,False
2273,2368,22,144,16,6,Out-of-Network,2024-25,2024-12-30,2025-01-01,2025-02-06,36,285.94,285.94,Clean-Paid,,False
2274,3140,35,446,8,7,In-Network,2024-25,2024-12-30,2025-01-03,2025-02-08,36,224.02,224.02,Clean-Paid,,False
2275,2481,21,191,8,2,In-Network,2024-25,2024-12-30,2025-01-03,2025-02-06,34,224.02,224.02,Clean-Paid,,False
2276,2149,30,55,19,5,In-Network,2024-25,2024-12-30,2024-12-30,2025-01-31,32,108.47,108.47,Clean-Paid,,False
2277,3314,24,516,1,8,In-Network,2024-25,2024-12-30,2024-12-31,2025-02-15,46,223.08,223.08,Clean-Paid,,False
2278,3574,32,624,6,1,In-Network,2024-25,2024-12-30,2024-12-30,2025-02-09,41,201.96,201.96,Clean-Paid,,False
2279,3843,28,724,7,3,In-Network,2024-25,2024-12-30,2025-01-03,2025-01-23,20,223.08,223.08,Clean-Paid,,False
2280,3951,9,768,16,6,Out-of-Network,2024-25,2024-12-30,2025-01-02,2025-01-27,25,298.04,298.04,Clean-Paid,,False
2281,2092,21,34,8,2,In-Network,2024-25,2024-12-30,2025-01-04,2025-02-16,43,168.0,168.0,Clean-Paid,,False
2282,2779,27,303,8,9,In-Network,2024-25,2024-12-30,2025-01-02,2025-02-22,51,224.02,224.02,Clean-Paid,,False
2283,2400,22,157,6,6,In-Network,2024-25,2024-12-30,2024-12-31,2025-01-30,30,224.02,224.02,Clean-Paid,,False
2284,3872,8,736,9,1,Out-of-Network,2024-25,2024-12-30,2025-01-02,2025-02-09,38,285.94,285.94,Clean-Paid,,False
2285,2860,5,334,7,4,In-Network,2024-25,2024-12-30,2025-01-02,2025-02-20,49,88.0,88.0,Clean-Paid,,False
2286,3313,24,515,17,8,In-Network,2024-25,2024-12-30,2025-01-01,2025-02-03,33,58.06,58.06,Clean-Paid,,False
2287,3244,16,490,2,7,In-Network,2024-25,2024-12-30,2025-01-04,2025-02-07,34,224.02,224.02,Clean-Paid,,False
2288,2838,34,326,10,2,In-Network,2024-25,2024-12-31,2024-12-31,2025-02-05,36,192.82,0.0,Denied,Frequency Limit Exceeded,False
2289,3027,28,403,2,3,In-Network,2024-25,2024-12-31,2025-01-04,2025-02-07,34,254.28,254.28,Clean-Paid,,False
2290,3250,16,492,16,7,In-Network,2024-25,2024-12-31,2024-12-31,2025-01-28,28,192.82,192.82,Clean-Paid,,False
2291,2963,5,374,8,4,In-Network,2024-25,2024-12-31,2025-01-05,2025-02-20,46,63.74,0.0,Denied,Missing X-Ray,False
2292,3446,17,569,2,5,Out-of-Network,2024-25,2024-12-31,2025-01-02,2025-02-07,36,285.94,285.94,Clean-Paid,,False
2293,2127,30,46,7,5,In-Network,2024-25,2025-01-01,2025-01-04,2025-02-07,34,172.57,0.0,Denied,Frequency Limit Exceeded,False
2294,3294,14,509,15,4,In-Network,2024-25,2025-01-01,2025-01-01,2025-02-11,41,88.0,88.0,Clean-Paid,,False
2295,2894,29,346,3,5,In-Network,2024-25,2025-01-02,2025-01-03,2025-02-08,36,224.02,224.02,Clean-Paid,,False
2296,3116,18,437,10,1,In-Network,2024-25,2025-01-02,2025-01-03,2025-02-17,45,267.74,267.74,Clean-Paid,,False
2297,2653,3,250,2,1,Out-of-Network,2024-25,2025-01-03,2025-01-06,2025-02-22,47,285.94,285.94,Clean-Paid,,False
2298,2435,17,172,16,5,In-Network,2024-25,2025-01-03,2025-01-08,2025-02-08,31,139.17,139.17,Clean-Paid,,False
2299,3705,25,670,16,9,In-Network,2024-25,2025-01-06,2025-01-07,2025-02-17,41,224.02,0.0,Denied,Frequency Limit Exceeded,False
2300,2683,23,266,19,5,In-Network,2024-25,2025-01-06,2025-01-09,2025-02-12,34,9.68,9.68,Clean-Paid,,False
2301,3794,24,704,1,8,In-Network,2024-25,2025-01-06,2025-01-10,2025-02-23,44,224.02,224.02,Clean-Paid,,False
2302,3151,3,450,17,1,Out-of-Network,2024-25,2025-01-06,2025-01-11,2025-02-16,36,258.13,258.13,Clean-Paid,,False
2303,2563,21,220,7,2,In-Network,2024-25,2025-01-06,2025-01-08,2025-02-12,35,138.15,138.15,Clean-Paid,,False
2304,3168,1,459,19,4,In-Network,2024-25,2025-01-06,2025-01-10,2025-02-19,40,224.02,224.02,Clean-Paid,,False
2305,2383,25,148,14,9,In-Network,2024-25,2025-01-06,2025-01-08,2025-02-17,40,162.16,162.16,Clean-Paid,,False
2306,3702,25,668,5,9,In-Network,2024-25,2025-01-06,2025-01-10,2025-02-26,47,9.68,9.68,Clean-Paid,,False
2307,3754,4,691,10,2,In-Network,2024-25,2025-01-06,2025-01-10,2025-02-18,39,224.02,224.02,Clean-Paid,,False
2308,2723,3,281,11,1,Out-of-Network,2024-25,2025-01-06,2025-01-06,2025-02-08,33,188.93,188.93,Clean-Paid,,False
2309,3854,7,727,17,7,In-Network,2024-25,2025-01-06,2025-01-11,2025-02-07,27,729.71,0.0,Denied,Prior Auth Required,True
2310,3563,35,619,18,7,In-Network,2024-25,2025-01-06,2025-01-11,2025-02-14,34,223.08,223.08,Clean-Paid,,False
2311,3032,18,405,19,1,Out-of-Network,2024-25,2025-01-06,2025-01-06,2025-02-24,49,285.94,285.94,Clean-Paid,,False
2312,3572,32,624,6,1,In-Network,2024-25,2025-01-06,2025-01-09,2025-02-24,46,224.02,224.02,Clean-Paid,,False
2313,3871,8,735,7,1,In-Network,2024-25,2025-01-06,2025-01-10,2025-02-24,45,274.14,274.14,Clean-Paid,,True
2314,3518,11,600,2,5,Out-of-Network,2024-25,2025-01-06,2025-01-09,2025-02-17,39,140.91,140.91,Clean-Paid,,False
2315,3582,33,627,14,8,In-Network,2024-25,2025-01-06,2025-01-07,2025-02-10,34,224.02,224.02,Clean-Paid,,False
2316,3456,22,572,13,6,In-Network,2024-25,2025-01-06,2025-01-10,2025-02-13,34,224.02,224.02,Clean-Paid,,False
2317,3512,31,598,2,2,In-Network,2024-25,2025-01-06,2025-01-10,2025-02-19,40,192.82,192.82,Clean-Paid,,False
2318,2718,3,280,5,1,In-Network,2024-25,2025-01-06,2025-01-10,2025-02-24,45,224.02,224.02,Clean-Paid,,False
2319,3923,16,757,4,7,In-Network,2024-25,2025-01-07,2025-01-08,2025-02-07,30,224.02,224.02,Clean-Paid,,False
2320,2016,24,1,16,8,In-Network,2024-25,2025-01-07,2025-01-09,2025-02-17,39,224.02,224.02,Clean-Paid,,False
2321,3486,35,585,20,7,In-Network,2024-25,2025-01-07,2025-01-09,2025-02-13,35,192.82,192.82,Clean-Paid,,False
2322,3687,9,663,18,6,In-Network,2024-25,2025-01-07,2025-01-12,2025-02-16,35,224.02,224.02,Clean-Paid,,False
2323,3308,24,514,9,8,In-Network,2024-25,2025-01-07,2025-01-10,2025-02-22,43,224.02,224.02,Clean-Paid,,False
2324,2883,6,342,16,8,In-Network,2024-25,2025-01-08,2025-01-11,2025-02-18,38,224.02,224.02,Clean-Paid,,False
2325,3076,10,422,5,9,In-Network,2024-25,2025-01-08,2025-01-10,2025-02-28,49,224.02,224.02,Clean-Paid,,False
2326,3215,12,479,6,9,In-Network,2024-25,2025-01-08,2025-01-13,2025-03-03,49,224.02,224.02,Clean-Paid,,False
2327,3760,4,693,12,2,In-Network,2024-25,2025-01-08,2025-01-12,2025-02-20,39,223.08,0.0,Denied,Missing X-Ray,False
2328,2037,35,10,8,7,In-Network,2024-25,2025-01-08,2025-01-13,2025-02-18,36,224.02,0.0,Denied,Prior Auth Required,False
2329,2656,3,251,9,1,Out-of-Network,2024-25,2025-01-08,2025-01-13,2025-02-21,39,285.94,285.94,Clean-Paid,,False
2330,2643,29,246,7,5,In-Network,2024-25,2025-01-09,2025-01-14,2025-02-20,37,395.58,0.0,Denied,Prior Auth Required,True
2331,2479,1,190,13,4,In-Network,2024-25,2025-01-09,2025-01-11,2025-03-02,50,704.71,0.0,Denied,Prior Auth Required,True
2332,2344,1,137,20,4,In-Network,2024-25,2025-01-09,2025-01-09,2025-02-12,34,224.02,224.02,Clean-Paid,,False
2333,2620,8,238,11,1,Out-of-Network,2024-25,2025-01-09,2025-01-10,2025-02-16,37,170.12,170.12,Clean-Paid,,False
2334,3279,16,505,8,7,In-Network,2024-25,2025-01-09,2025-01-14,2025-02-25,42,224.02,224.02,Clean-Paid,,False
2335,2070,21,25,4,2,In-Network,2024-25,2025-01-09,2025-01-13,2025-02-12,30,224.02,224.02,Clean-Paid,,False
2336,2139,15,52,19,1,Out-of-Network,2024-25,2025-01-10,2025-01-11,2025-02-25,45,285.94,285.94,Clean-Paid,,False
2337,2422,32,167,20,1,Out-of-Network,2024-25,2025-01-10,2025-01-14,2025-03-03,48,298.04,298.04,Clean-Paid,,False
2338,3989,25,783,18,9,In-Network,2024-25,2025-01-13,2025-01-16,2025-02-25,40,75.07,75.07,Clean-Paid,,False
2339,3792,33,703,10,8,In-Network,2024-25,2025-01-13,2025-01-13,2025-02-12,30,112.57,112.57,Clean-Paid,,False
2340,2039,35,10,8,7,In-Network,2024-25,2025-01-13,2025-01-18,2025-03-01,42,493.06,493.06,Clean-Paid,,True
2341,2842,34,327,20,2,In-Network,2024-25,2025-01-13,2025-01-17,2025-02-25,39,243.54,243.54,Clean-Paid,,False
2342,3113,18,435,12,1,In-Network,2024-25,2025-01-13,2025-01-16,2025-02-17,32,224.02,224.02,Clean-Paid,,False
2343,3714,2,673,20,9,In-Network,2024-25,2025-01-13,2025-01-16,2025-02-25,40,223.08,223.08,Clean-Paid,,False
2344,3699,25,668,5,9,In-Network,2024-25,2025-01-13,2025-01-18,2025-02-27,40,224.02,224.02,Clean-Paid,,False
2345,3526,11,603,13,5,In-Network,2024-25,2025-01-13,2025-01-18,2025-02-14,27,224.02,224.02,Clean-Paid,,False
2346,3751,4,690,20,2,In-Network,2024-25,2025-01-13,2025-01-17,2025-02-28,42,192.82,192.82,Clean-Paid,,False
2347,2622,8,239,4,1,Out-of-Network,2024-25,2025-01-13,2025-01-18,2025-03-08,49,298.04,298.04,Clean-Paid,,False
2348,2159,3,61,9,1,Out-of-Network,2024-25,2025-01-13,2025-01-18,2025-02-25,38,285.94,285.94,Clean-Paid,,False
2349,3321,24,518,18,8,In-Network,2024-25,2025-01-13,2025-01-16,2025-03-02,45,203.54,203.54,Clean-Paid,,False
2350,2229,26,87,16,4,In-Network,2024-25,2025-01-13,2025-01-17,2025-02-24,38,130.82,130.82,Clean-Paid,,False
2351,2861,5,334,7,4,In-Network,2024-25,2025-01-13,2025-01-18,2025-02-25,38,178.15,0.0,Denied,Prior Auth Required,False
2352,2606,8,234,20,1,Out-of-Network,2024-25,2025-01-13,2025-01-13,2025-02-16,34,285.94,285.94,Clean-Paid,,False
2353,3162,12,457,9,9,In-Network,2024-25,2025-01-13,2025-01-14,2025-03-10,55,254.28,254.28,Clean-Paid,,False
2354,3431,2,562,19,9,In-Network,2024-25,2025-01-14,2025-01-18,2025-03-03,44,237.48,0.0,Denied,Coverage Terminated,False
2355,2724,3,282,11,1,Out-of-Network,2024-25,2025-01-14,2025-01-16,2025-02-23,38,298.04,0.0,Denied,Coverage Terminated,False
2356,3381,18,545,11,1,Out-of-Network,2024-25,2025-01-14,2025-01-18,2025-02-27,40,285.94,285.94,Clean-Paid,,False
2357,2783,11,304,12,5,In-Network,2024-25,2025-01-14,2025-01-15,2025-02-10,26,224.02,224.02,Clean-Paid,,False
2358,2531,21,210,4,2,In-Network,2024-25,2025-01-14,2025-01-17,2025-03-01,43,93.78,93.78,Clean-Paid,,False
2359,2566,21,221,3,2,In-Network,2024-25,2025-01-15,2025-01-15,2025-02-11,27,166.53,166.53,Clean-Paid,,False
2360,2238,13,93,6,4,In-Network,2024-25,2025-01-15,2025-01-18,2025-02-21,34,267.74,267.74,Clean-Paid,,False
2361,2425,32,168,17,1,Out-of-Network,2024-25,2025-01-15,2025-01-18,2025-03-01,42,258.13,258.13,Clean-Paid,,False
2362,3681,6,661,3,8,In-Network,2024-25,2025-01-15,2025-01-18,2025-03-03,44,192.82,192.82,Clean-Paid,,False
2363,4010,31,791,5,2,In-Network,2024-25,2025-01-17,2025-01-21,2025-02-16,26,192.82,192.82,Clean-Paid,,False
2364,2255,32,99,12,1,In-Network,2024-25,2025-01-20,2025-01-25,2025-03-02,36,224.02,224.02,Clean-Paid,,False
2365,2594,9,230,17,6,Out-of-Network,2024-25,2025-01-20,2025-01-24,2025-03-02,37,285.94,285.94,Clean-Paid,,False
2366,2456,24,180,7,8,In-Network,2024-25,2025-01-20,2025-01-23,2025-03-05,41,224.02,224.02,Clean-Paid,,False
2367,2989,11,386,15,5,In-Network,2024-25,2025-01-20,2025-01-24,2025-02-16,23,139.17,139.17,Clean-Paid,,False
2368,3842,28,723,4,3,In-Network,2024-25,2025-01-20,2025-01-21,2025-02-23,33,58.06,58.06,Clean-Paid,,False
2369,2201,2,77,16,9,In-Network,2024-25,2025-01-20,2025-01-22,2025-03-15,52,224.02,224.02,Clean-Paid,,False
2370,2919,12,356,16,9,In-Network,2024-25,2025-01-20,2025-01-21,2025-03-05,43,213.58,213.58,Clean-Paid,,False
2371,2285,5,112,18,4,In-Network,2024-25,2025-01-20,2025-01-23,2025-03-11,47,224.02,224.02,Clean-Paid,,False
2372,2122,30,45,19,5,In-Network,2024-25,2025-01-20,2025-01-20,2025-02-18,29,254.28,254.28,Clean-Paid,,False
2373,2986,22,385,18,6,In-Network,2024-25,2025-01-20,2025-01-20,2025-02-25,36,75.07,75.07,Clean-Paid,,False
2374,2755,9,293,18,6,In-Network,2024-25,2025-01-21,2025-01-24,2025-02-22,29,267.74,267.74,Clean-Paid,,False
2375,3323,27,519,16,9,In-Network,2024-25,2025-01-21,2025-01-23,2025-03-18,54,224.02,0.0,Denied,Coding Error,False
2376,2752,9,292,2,6,Out-of-Network,2024-25,2025-01-21,2025-01-26,2025-02-18,23,298.04,298.04,Clean-Paid,,False
2377,3505,31,595,18,2,In-Network,2024-25,2025-01-21,2025-01-21,2025-02-20,30,224.02,224.02,Clean-Paid,,False
2378,2185,3,71,20,1,Out-of-Network,2024-25,2025-01-21,2025-01-24,2025-02-28,35,214.46,0.0,Denied,Missing X-Ray,False
2379,2749,9,290,17,6,Out-of-Network,2024-25,2025-01-22,2025-01-25,2025-03-03,37,991.75,0.0,Denied,Prior Auth Required,True
2380,2731,3,284,11,1,Out-of-Network,2024-25,2025-01-22,2025-01-27,2025-03-06,38,188.93,188.93,Clean-Paid,,False
2381,3207,29,475,6,5,In-Network,2024-25,2025-01-22,2025-01-26,2025-02-27,32,75.07,0.0,Denied,Missing X-Ray,False
2382,3661,20,653,15,4,In-Network,2024-25,2025-01-22,2025-01-26,2025-03-09,42,224.02,224.02,Clean-Paid,,False
2383,2905,9,351,14,6,Out-of-Network,2024-25,2025-01-23,2025-01-26,2025-02-25,30,285.94,285.94,Clean-Paid,,False
2384,2641,29,246,7,5,In-Network,2024-25,2025-01-23,2025-01-28,2025-03-05,36,224.02,224.02,Clean-Paid,,False
2385,3883,6,741,10,8,In-Network,2024-25,2025-01-23,2025-01-26,2025-03-05,38,73.78,73.78,Clean-Paid,,False
2386,2439,17,173,15,5,In-Network,2024-25,2025-01-23,2025-01-24,2025-02-17,24,9.68,9.68,Clean-Paid,,False
2387,3083,21,423,16,2,In-Network,2024-25,2025-01-23,2025-01-28,2025-02-28,31,138.15,138.15,Clean-Paid,,False
2388,2146,30,55,19,5,In-Network,2024-25,2025-01-23,2025-01-23,2025-02-21,29,224.02,224.02,Clean-Paid,,False
2389,3428,25,560,3,9,In-Network,2024-25,2025-01-23,2025-01-28,2025-03-23,54,181.96,181.96,Clean-Paid,,False
2390,3258,21,496,7,2,In-Network,2024-25,2025-01-23,2025-01-27,2025-02-27,31,224.02,224.02,Clean-Paid,,False
2391,2689,23,268,12,5,In-Network,2024-25,2025-01-24,2025-01-24,2025-02-28,35,155.82,155.82,Clean-Paid,,False
2392,3005,4,394,11,2,In-Network,2024-25,2025-01-24,2025-01-27,2025-02-26,30,161.96,0.0,Denied,Timely Filing Expired,False
2393,2430,32,169,15,1,In-Network,2024-25,2025-01-24,2025-01-29,2025-03-18,48,98.06,98.06,Clean-Paid,,False
2394,3174,20,461,18,4,In-Network,2024-25,2025-01-27,2025-01-28,2025-03-02,33,212.37,212.37,Clean-Paid,,False
2395,3530,14,604,4,4,In-Network,2024-25,2025-01-27,2025-01-29,2025-03-19,49,63.74,63.74,Clean-Paid,,False
2396,4000,19,786,19,9,In-Network,2024-25,2025-01-27,2025-01-27,2025-03-19,51,122.16,0.0,Denied,Coverage Terminated,False
2397,2962,5,374,8,4,In-Network,2024-25,2025-01-27,2025-01-30,2025-03-04,33,192.82,192.82,Clean-Paid,,False
2398,3543,14,609,6,4,In-Network,2024-25,2025-01-27,2025-02-01,2025-03-21,48,0.0,0.0,Clean-Paid,,False
2399,3935,23,761,10,5,In-Network,2024-25,2025-01-27,2025-01-28,2025-02-23,26,224.02,224.02,Clean-Paid,,False
2400,2575,21,224,19,2,In-Network,2024-25,2025-01-27,2025-01-30,2025-03-13,42,254.28,254.28,Clean-Paid,,False
2401,3613,35,635,13,7,In-Network,2024-25,2025-01-27,2025-01-28,2025-03-04,35,83.9,83.9,Clean-Paid,,False
2402,2904,9,350,11,6,Out-of-Network,2024-25,2025-01-27,2025-01-28,2025-02-26,29,285.94,285.94,Clean-Paid,,False
2403,2332,35,132,6,7,In-Network,2024-25,2025-01-27,2025-01-29,2025-02-28,30,83.9,83.9,Clean-Paid,,False
2404,2611,8,235,1,1,In-Network,2024-25,2025-01-28,2025-02-01,2025-03-12,39,64.1,64.1,Clean-Paid,,False
2405,3907,16,750,15,7,In-Network,2024-25,2025-01-28,2025-02-02,2025-03-11,37,161.96,161.96,Clean-Paid,,False
2406,2396,29,154,8,5,In-Network,2024-25,2025-01-28,2025-02-02,2025-03-08,34,254.28,254.28,Clean-Paid,,False
2407,2437,17,173,15,5,In-Network,2024-25,2025-01-28,2025-02-01,2025-03-05,32,223.08,223.08,Clean-Paid,,False
2408,2910,9,353,9,6,Out-of-Network,2024-25,2025-01-28,2025-02-01,2025-02-26,25,120.28,0.0,Denied,Max Benefit Exceeded,False
2409,2868,31,336,6,2,In-Network,2024-25,2025-01-28,2025-01-28,2025-03-06,37,29.68,29.68,Clean-Paid,,False
2410,3405,15,552,1,1,In-Network,2024-25,2025-01-29,2025-01-30,2025-03-03,32,167.74,167.74,Clean-Paid,,False
2411,3552,30,613,1,5,In-Network,2024-25,2025-01-29,2025-02-01,2025-03-03,30,224.02,224.02,Clean-Paid,,False
2412,3850,7,726,5,7,In-Network,2024-25,2025-01-29,2025-01-29,2025-03-12,42,224.02,224.02,Clean-Paid,,False
2413,2342,35,135,2,7,In-Network,2024-25,2025-01-29,2025-02-02,2025-03-11,37,102.16,102.16,Clean-Paid,,False
2414,3576,32,625,4,1,Out-of-Network,2024-25,2025-01-29,2025-02-01,2025-03-18,45,285.94,285.94,Clean-Paid,,False
2415,3006,30,395,16,5,In-Network,2024-25,2025-01-30,2025-02-04,2025-03-13,37,224.02,0.0,Denied,Max Benefit Exceeded,False
2416,3718,2,676,12,9,In-Network,2024-25,2025-01-30,2025-01-30,2025-03-14,43,223.08,0.0,Denied,Coding Error,False
2417,3847,7,725,1,7,In-Network,2024-25,2025-01-30,2025-01-30,2025-03-03,32,224.02,224.02,Clean-Paid,,False
2418,3306,31,513,3,2,In-Network,2024-25,2025-01-30,2025-01-31,2025-03-06,34,384.12,384.12,Clean-Paid,,True
2419,3318,24,517,20,8,In-Network,2024-25,2025-01-30,2025-02-04,2025-03-19,43,193.13,0.0,Denied,Timely Filing Expired,False
2420,2033,23,8,4,5,In-Network,2024-25,2025-01-30,2025-02-04,2025-03-12,36,224.02,224.02,Clean-Paid,,False
2421,2645,29,247,14,5,In-Network,2024-25,2025-01-30,2025-02-01,2025-03-01,28,224.02,224.02,Clean-Paid,,False
2422,2668,21,259,15,2,In-Network,2024-25,2025-01-31,2025-02-05,2025-03-11,34,254.28,254.28,Clean-Paid,,False
2423,3523,11,602,12,5,In-Network,2024-25,2025-01-31,2025-02-04,2025-03-14,38,237.48,237.48,Clean-Paid,,False
2424,3777,30,698,4,5,In-Network,2024-25,2025-01-31,2025-02-04,2025-03-13,37,224.02,224.02,Clean-Paid,,False
2425,3763,4,693,12,2,In-Network,2024-25,2025-02-03,2025-02-04,2025-03-08,32,28.47,28.47,Clean-Paid,,False
2426,2376,25,147,5,9,In-Network,2024-25,2025-02-03,2025-02-07,2025-03-27,48,224.02,224.02,Clean-Paid,,False
2427,3713,2,672,16,9,In-Network,2024-25,2025-02-03,2025-02-03,2025-03-28,53,93.78,93.78,Clean-Paid,,False
2428,2714,3,278,7,1,In-Network,2024-25,2025-02-03,2025-02-06,2025-03-17,39,29.68,29.68,Clean-Paid,,False
2429,3477,16,580,7,7,In-Network,2024-25,2025-02-03,2025-02-06,2025-03-04,26,243.54,243.54,Clean-Paid,,False
2430,2485,21,192,10,2,In-Network,2024-25,2025-02-03,2025-02-07,2025-03-12,33,192.82,192.82,Clean-Paid,,False
2431,3727,25,680,20,9,In-Network,2024-25,2025-02-03,2025-02-03,2025-03-25,50,192.82,192.82,Clean-Paid,,False
2432,3059,27,415,9,9,In-Network,2024-25,2025-02-03,2025-02-08,2025-03-19,39,224.02,224.02,Clean-Paid,,False
2433,3660,2,652,2,9,In-Network,2024-25,2025-02-03,2025-02-05,2025-03-17,40,95.07,95.07,Clean-Paid,,False
2434,3304,31,512,20,2,In-Network,2024-25,2025-02-03,2025-02-03,2025-03-18,43,201.96,201.96,Clean-Paid,,False
2435,3275,35,504,18,7,In-Network,2024-25,2025-02-03,2025-02-06,2025-03-21,43,224.02,224.02,Clean-Paid,,False
2436,2605,19,233,11,9,In-Network,2024-25,2025-02-04,2025-02-05,2025-03-19,42,468.06,0.0,Denied,Prior Auth Required,True
2437,2428,32,169,15,1,In-Network,2024-25,2025-02-05,2025-02-10,2025-03-20,38,224.02,224.02,Clean-Paid,,False
2438,2672,21,260,1,2,In-Network,2024-25,2025-02-05,2025-02-05,2025-03-12,35,172.57,172.57,Clean-Paid,,False
2439,3269,12,501,3,9,In-Network,2024-25,2025-02-05,2025-02-09,2025-03-31,50,192.82,192.82,Clean-Paid,,False
2440,2182,3,70,8,1,In-Network,2024-25,2025-02-05,2025-02-09,2025-03-23,42,201.96,201.96,Clean-Paid,,False
2441,3365,15,537,8,1,In-Network,2024-25,2025-02-05,2025-02-09,2025-03-14,33,224.02,224.02,Clean-Paid,,False
2442,2378,25,147,5,9,In-Network,2024-25,2025-02-06,2025-02-08,2025-04-03,54,218.97,218.97,Clean-Paid,,False
2443,3155,12,454,17,9,In-Network,2024-25,2025-02-06,2025-02-07,2025-03-28,49,224.02,224.02,Clean-Paid,,False
2444,3891,6,744,2,8,In-Network,2024-25,2025-02-06,2025-02-10,2025-03-21,39,118.32,118.32,Clean-Paid,,False
2445,3129,27,441,11,9,In-Network,2024-25,2025-02-06,2025-02-09,2025-04-03,53,535.12,0.0,Denied,Prior Auth Required,True
2446,3824,7,716,1,7,In-Network,2024-25,2025-02-06,2025-02-08,2025-03-10,30,237.48,237.48,Clean-Paid,,False
2447,3983,25,781,20,9,In-Network,2024-25,2025-02-06,2025-02-11,2025-04-06,54,192.82,192.82,Clean-Paid,,False
2448,2451,32,177,5,1,In-Network,2024-25,2025-02-06,2025-02-07,2025-03-18,39,206.53,206.53,Clean-Paid,,False
2449,3089,31,426,16,2,In-Network,2024-25,2025-02-06,2025-02-10,2025-03-12,30,224.02,224.02,Clean-Paid,,False
2450,3160,12,456,16,9,In-Network,2024-25,2025-02-06,2025-02-07,2025-03-23,44,98.06,98.06,Clean-Paid,,False
2451,2204,2,78,17,9,In-Network,2024-25,2025-02-06,2025-02-11,2025-04-07,55,192.82,0.0,Denied,Frequency Limit Exceeded,False
2452,2727,3,283,14,1,Out-of-Network,2024-25,2025-02-06,2025-02-07,2025-03-27,48,130.12,130.12,Clean-Paid,,False
2453,3461,16,575,11,7,In-Network,2024-25,2025-02-06,2025-02-08,2025-03-07,27,224.02,224.02,Clean-Paid,,False
2454,3147,3,448,4,1,Out-of-Network,2024-25,2025-02-06,2025-02-09,2025-03-29,48,285.94,285.94,Clean-Paid,,False
2455,3371,4,540,15,2,In-Network,2024-25,2025-02-06,2025-02-08,2025-03-23,43,18.06,18.06,Clean-Paid,,False
2456,3451,17,570,18,5,In-Network,2024-25,2025-02-06,2025-02-09,2025-03-05,24,103.96,103.96,Clean-Paid,,False
2457,2393,29,153,20,5,In-Network,2024-25,2025-02-07,2025-02-12,2025-03-22,38,224.02,224.02,Clean-Paid,,False
2458,2442,32,175,10,1,In-Network,2024-25,2025-02-07,2025-02-10,2025-03-24,42,224.02,224.02,Clean-Paid,,False
2459,3931,23,760,4,5,In-Network,2024-25,2025-02-07,2025-02-12,2025-03-14,30,223.08,223.08,Clean-Paid,,False
2460,3592,20,630,20,4,In-Network,2024-25,2025-02-10,2025-02-14,2025-03-25,39,224.02,224.02,Clean-Paid,,False
2461,3610,35,635,13,7,In-Network,2024-25,2025-02-10,2025-02-10,2025-03-17,35,224.02,224.02,Clean-Paid,,False
2462,3272,35,502,20,7,In-Network,2024-25,2025-02-10,2025-02-15,2025-03-22,35,133.78,133.78,Clean-Paid,,False
2463,3654,5,650,10,4,In-Network,2024-25,2025-02-10,2025-02-12,2025-03-19,35,64.1,64.1,Clean-Paid,,False
2464,2434,17,172,16,5,In-Network,2024-25,2025-02-10,2025-02-12,2025-03-18,34,192.82,192.82,Clean-Paid,,False
2465,3812,16,711,14,7,In-Network,2024-25,2025-02-10,2025-02-10,2025-03-17,35,124.75,124.75,Clean-Paid,,False
2466,2453,32,178,14,1,Out-of-Network,2024-25,2025-02-10,2025-02-12,2025-03-27,43,81.65,81.65,Clean-Paid,,False
2467,3122,18,439,14,1,Out-of-Network,2024-25,2025-02-10,2025-02-15,2025-03-22,35,298.04,298.04,Clean-Paid,,False
2468,3188,31,467,10,2,In-Network,2024-25,2025-02-10,2025-02-13,2025-03-21,36,237.48,237.48,Clean-Paid,,False
2469,3848,7,725,1,7,In-Network,2024-25,2025-02-10,2025-02-13,2025-03-15,30,213.58,213.58,Clean-Paid,,False
2470,2073,21,26,19,2,In-Network,2024-25,2025-02-10,2025-02-15,2025-03-28,41,223.08,223.08,Clean-Paid,,False
2471,3288,16,508,5,7,In-Network,2024-25,2025-02-10,2025-02-10,2025-03-22,40,223.08,223.08,Clean-Paid,,False
2472,3047,30,410,6,5,In-Network,2024-25,2025-02-10,2025-02-10,2025-03-13,31,224.02,224.02,Clean-Paid,,False
2473,3833,3,719,10,1,In-Network,2024-25,2025-02-10,2025-02-14,2025-03-23,37,168.0,168.0,Clean-Paid,,False
2474,3514,31,598,2,2,In-Network,2024-25,2025-02-10,2025-02-15,2025-03-20,33,68.47,68.47,Clean-Paid,,False
2475,2112,16,40,3,7,In-Network,2024-25,2025-02-10,2025-02-12,2025-03-22,38,92.57,92.57,Clean-Paid,,False
2476,3291,14,509,15,4,In-Network,2024-25,2025-02-10,2025-02-14,2025-03-24,38,224.02,0.0,Denied,Missing X-Ray,False
2477,2291,4,114,1,2,In-Network,2024-25,2025-02-10,2025-02-11,2025-03-10,27,63.9,63.9,Clean-Paid,,False
2478,2628,5,240,10,4,In-Network,2024-25,2025-02-11,2025-02-16,2025-04-01,44,143.9,143.9,Clean-Paid,,False
2479,3929,23,759,19,5,In-Network,2024-25,2025-02-11,2025-02-13,2025-03-08,23,224.02,0.0,Denied,Max Benefit Exceeded,False
2480,3596,20,631,20,4,In-Network,2024-25,2025-02-11,2025-02-16,2025-04-07,50,224.02,224.02,Clean-Paid,,False
2481,3412,15,554,9,1,Out-of-Network,2024-25,2025-02-12,2025-02-16,2025-03-23,35,254.46,254.46,Clean-Paid,,False
2482,2346,1,137,20,4,In-Network,2024-25,2025-02-12,2025-02-14,2025-04-04,49,138.15,138.15,Clean-Paid,,False
2483,3357,31,534,3,2,In-Network,2024-25,2025-02-12,2025-02-12,2025-03-16,32,224.02,224.02,Clean-Paid,,False
2484,3105,31,432,1,2,In-Network,2024-25,2025-02-12,2025-02-17,2025-03-16,27,192.82,192.82,Clean-Paid,,False
2485,2721,3,281,11,1,Out-of-Network,2024-25,2025-02-12,2025-02-17,2025-04-01,43,285.94,285.94,Clean-Paid,,False
2486,2367,22,143,6,6,In-Network,2024-25,2025-02-12,2025-02-16,2025-03-19,31,48.47,48.47,Clean-Paid,,False
2487,2737,10,286,4,9,In-Network,2024-25,2025-02-12,2025-02-16,2025-04-07,50,183.54,183.54,Clean-Paid,,False
2488,3243,16,489,13,7,In-Network,2024-25,2025-02-13,2025-02-13,2025-03-26,41,0.0,0.0,Clean-Paid,,False
2489,3708,2,671,16,9,In-Network,2024-25,2025-02-13,2025-02-18,2025-04-10,51,213.58,213.58,Clean-Paid,,False
2490,2924,12,357,12,9,In-Network,2024-25,2025-02-13,2025-02-13,2025-03-25,40,252.37,252.37,Clean-Paid,,False
2491,3807,16,710,18,7,In-Network,2024-25,2025-02-13,2025-02-17,2025-03-20,31,224.02,224.02,Clean-Paid,,False
2492,2786,11,304,12,5,In-Network,2024-25,2025-02-13,2025-02-17,2025-03-18,29,424.12,424.12,Clean-Paid,,True
2493,3391,35,548,18,7,In-Network,2024-25,2025-02-14,2025-02-16,2025-03-28,40,172.57,172.57,Clean-Paid,,False
2494,2096,21,35,9,2,In-Network,2024-25,2025-02-14,2025-02-15,2025-03-24,37,29.68,29.68,Clean-Paid,,False
2495,2977,22,380,9,6,Out-of-Network,2024-25,2025-02-14,2025-02-19,2025-03-15,24,251.36,251.36,Clean-Paid,,False
2496,2354,32,140,13,1,In-Network,2024-25,2025-02-14,2025-02-18,2025-04-06,47,254.28,254.28,Clean-Paid,,False
2497,2848,9,330,6,6,In-Network,2024-25,2025-02-14,2025-02-16,2025-03-26,38,224.02,224.02,Clean-Paid,,False
2498,2844,34,328,6,2,In-Network,2024-25,2025-02-14,2025-02-16,2025-03-22,34,192.82,192.82,Clean-Paid,,False
2499,2757,9,293,18,6,In-Network,2024-25,2025-02-14,2025-02-17,2025-03-12,23,63.74,63.74,Clean-Paid,,False
2500,2469,8,186,19,1,Out-of-Network,2024-25,2025-02-14,2025-02-18,2025-03-26,36,359.54,359.54,Clean-Paid,,False
2501,2166,3,63,10,1,In-Network,2024-25,2025-02-14,2025-02-19,2025-04-03,43,162.16,162.16,Clean-Paid,,False
2502,2903,29,349,1,5,In-Network,2024-25,2025-02-17,2025-02-19,2025-03-30,39,224.02,224.02,Clean-Paid,,False
2503,3937,23,762,14,5,In-Network,2024-25,2025-02-17,2025-02-19,2025-03-14,23,192.82,192.82,Clean-Paid,,False
2504,3835,3,720,2,1,Out-of-Network,2024-25,2025-02-17,2025-02-20,2025-04-09,48,258.13,258.13,Clean-Paid,,False
2505,3325,27,520,10,9,In-Network,2024-25,2025-02-17,2025-02-22,2025-04-03,40,254.28,254.28,Clean-Paid,,False
2506,3535,14,606,17,4,In-Network,2024-25,2025-02-17,2025-02-21,2025-04-10,48,237.48,237.48,Clean-Paid,,False
2507,2772,27,301,16,9,In-Network,2024-25,2025-02-17,2025-02-18,2025-04-12,53,237.48,0.0,Denied,Prior Auth Required,False
2508,3078,10,422,5,9,In-Network,2024-25,2025-02-17,2025-02-20,2025-04-13,52,69.68,69.68,Clean-Paid,,False
2509,2648,29,248,14,5,In-Network,2024-25,2025-02-17,2025-02-20,2025-03-15,23,223.08,223.08,Clean-Paid,,False
2510,3639,30,645,2,5,Out-of-Network,2024-25,2025-02-17,2025-02-19,2025-03-23,32,285.94,0.0,Denied,Max Benefit Exceeded,False
2511,2806,7,312,12,7,In-Network,2024-25,2025-02-18,2025-02-19,2025-03-31,40,224.02,224.02,Clean-Paid,,False
2512,3011,30,397,7,5,In-Network,2024-25,2025-02-18,2025-02-21,2025-03-22,29,223.08,223.08,Clean-Paid,,False
2513,2212,6,81,18,8,In-Network,2024-25,2025-02-18,2025-02-21,2025-04-04,42,224.02,224.02,Clean-Paid,,False
2514,3193,31,469,18,2,In-Network,2024-25,2025-02-18,2025-02-19,2025-03-27,36,83.94,0.0,Denied,Frequency Limit Exceeded,False
2515,2080,20,29,12,4,Out-of-Network,2024-25,2025-02-18,2025-02-20,2025-04-06,45,244.64,244.64,Clean-Paid,,False
2516,3395,15,550,2,1,Out-of-Network,2024-25,2025-02-19,2025-02-24,2025-04-03,38,285.94,285.94,Clean-Paid,,False
2517,2361,32,142,4,1,Out-of-Network,2024-25,2025-02-19,2025-02-21,2025-04-02,40,298.04,298.04,Clean-Paid,,False
2518,3971,15,776,15,1,In-Network,2024-25,2025-02-19,2025-02-24,2025-03-31,35,224.02,224.02,Clean-Paid,,False
2519,2734,10,285,12,9,In-Network,2024-25,2025-02-20,2025-02-20,2025-04-12,51,692.21,692.21,Clean-Paid,,True
2520,3628,9,641,11,6,Out-of-Network,2024-25,2025-02-20,2025-02-23,2025-03-28,33,347.44,347.44,Clean-Paid,,False
2521,3868,8,735,7,1,In-Network,2024-25,2025-02-20,2025-02-25,2025-04-11,45,224.02,224.02,Clean-Paid,,False
2522,3811,16,711,14,7,In-Network,2024-25,2025-02-20,2025-02-22,2025-04-01,38,224.02,224.02,Clean-Paid,,False
2523,2078,20,28,4,4,In-Network,2024-25,2025-02-20,2025-02-24,2025-04-03,38,46.88,46.88,Clean-Paid,,False
2524,3383,18,545,11,1,Out-of-Network,2024-25,2025-02-21,2025-02-23,2025-04-01,37,116.95,116.95,Clean-Paid,,False
2525,3303,31,512,20,2,In-Network,2024-25,2025-02-21,2025-02-26,2025-03-28,30,143.9,143.9,Clean-Paid,,False
2526,2221,26,84,11,4,In-Network,2024-25,2025-02-21,2025-02-22,2025-04-12,49,68.47,68.47,Clean-Paid,,False
2527,3138,35,445,6,7,In-Network,2024-25,2025-02-24,2025-02-24,2025-03-26,30,278.97,0.0,Denied,Prior Auth Required,False
2528,3949,9,766,11,6,Out-of-Network,2024-25,2025-02-24,2025-02-25,2025-04-01,35,285.94,285.94,Clean-Paid,,False
2529,2590,9,229,11,6,Out-of-Network,2024-25,2025-02-24,2025-03-01,2025-04-08,38,285.94,285.94,Clean-Paid,,False
2530,3478,16,581,17,7,In-Network,2024-25,2025-02-24,2025-02-24,2025-03-26,30,224.02,224.02,Clean-Paid,,False
2531,2886,6,343,19,8,In-Network,2024-25,2025-02-24,2025-03-01,2025-04-01,31,371.62,371.62,Clean-Paid,,True
2532,3444,25,567,8,9,In-Network,2024-25,2025-02-24,2025-02-25,2025-04-20,54,153.58,153.58,Clean-Paid,,False
2533,2419,32,165,1,1,In-Network,2024-25,2025-02-24,2025-02-25,2025-04-15,49,173.58,173.58,Clean-Paid,,False
2534,2284,5,111,2,4,Out-of-Network,2024-25,2025-02-24,2025-02-24,2025-04-12,47,285.94,285.94,Clean-Paid,,False
2535,3274,35,503,2,7,In-Network,2024-25,2025-02-24,2025-02-26,2025-03-28,30,223.08,223.08,Clean-Paid,,False
2536,2305,6,120,17,8,In-Network,2024-25,2025-02-24,2025-02-27,2025-04-11,43,224.02,224.02,Clean-Paid,,False
2537,3981,25,780,12,9,In-Network,2024-25,2025-02-24,2025-02-27,2025-04-08,40,224.02,224.02,Clean-Paid,,False
2538,2940,13,364,16,4,In-Network,2024-25,2025-02-24,2025-02-24,2025-03-30,34,224.02,224.02,Clean-Paid,,False
2539,2670,21,260,1,2,In-Network,2024-25,2025-02-25,2025-03-02,2025-04-13,42,192.82,192.82,Clean-Paid,,False
2540,2561,20,219,20,4,In-Network,2024-25,2025-02-25,2025-02-26,2025-04-04,37,168.0,168.0,Clean-Paid,,False
2541,2568,21,222,17,2,In-Network,2024-25,2025-02-25,2025-02-26,2025-04-02,35,224.02,224.02,Clean-Paid,,False
2542,2600,19,232,12,9,In-Network,2024-25,2025-02-25,2025-02-26,2025-04-05,38,224.02,0.0,Denied,Missing X-Ray,False
2543,2183,3,71,20,1,Out-of-Network,2024-25,2025-02-26,2025-03-03,2025-04-06,34,285.94,285.94,Clean-Paid,,False
2544,2602,19,232,12,9,In-Network,2024-25,2025-02-26,2025-03-01,2025-04-19,49,95.07,95.07,Clean-Paid,,False
2545,2187,34,72,5,2,In-Network,2024-25,2025-02-26,2025-02-26,2025-04-08,41,224.02,0.0,Denied,Prior Auth Required,False
2546,3501,15,594,7,1,In-Network,2024-25,2025-02-26,2025-02-28,2025-04-02,33,192.82,192.82,Clean-Paid,,False
2547,2991,11,387,8,5,In-Network,2024-25,2025-02-27,2025-03-02,2025-03-28,26,218.97,0.0,Denied,Missing X-Ray,False
2548,2817,17,317,8,5,In-Network,2024-25,2025-02-27,2025-03-04,2025-03-27,23,224.02,224.02,Clean-Paid,,False
2549,3072,10,419,5,9,In-Network,2024-25,2025-02-28,2025-02-28,2025-04-10,41,218.97,218.97,Clean-Paid,,False
2550,2452,32,178,14,1,Out-of-Network,2024-25,2025-02-28,2025-03-01,2025-04-16,46,319.63,319.63,Clean-Paid,,False
2551,2216,6,82,11,8,In-Network,2024-25,2025-03-03,2025-03-05,2025-04-11,37,224.02,224.02,Clean-Paid,,False
2552,3893,16,746,19,7,In-Network,2024-25,2025-03-03,2025-03-03,2025-04-11,39,224.02,224.02,Clean-Paid,,False
2553,3525,11,602,12,5,In-Network,2024-25,2025-03-03,2025-03-04,2025-03-30,26,173.13,173.13,Clean-Paid,,False
2554,2703,29,274,10,5,In-Network,2024-25,2025-03-03,2025-03-07,2025-04-10,34,224.02,224.02,Clean-Paid,,False
2555,3589,33,629,5,8,In-Network,2024-25,2025-03-03,2025-03-06,2025-04-21,46,192.82,192.82,Clean-Paid,,False
2556,2536,21,212,18,2,In-Network,2024-25,2025-03-03,2025-03-04,2025-04-03,30,224.02,224.02,Clean-Paid,,False
2557,3150,3,449,18,1,In-Network,2024-25,2025-03-03,2025-03-04,2025-04-09,36,267.74,0.0,Denied,Coverage Terminated,False
2558,3881,6,741,10,8,In-Network,2024-25,2025-03-03,2025-03-08,2025-04-22,45,224.02,224.02,Clean-Paid,,False
2559,2296,4,116,16,2,In-Network,2024-25,2025-03-03,2025-03-07,2025-04-04,28,224.02,224.02,Clean-Paid,,False
2560,2551,20,217,15,4,In-Network,2024-25,2025-03-03,2025-03-03,2025-04-18,46,224.02,224.02,Clean-Paid,,False
2561,2992,11,388,15,5,In-Network,2024-25,2025-03-03,2025-03-07,2025-04-16,40,224.02,224.02,Clean-Paid,,False
2562,4019,32,794,5,1,In-Network,2024-25,2025-03-04,2025-03-08,2025-04-16,39,224.02,224.02,Clean-Paid,,False
2563,2863,5,335,14,4,In-Network,2024-25,2025-03-04,2025-03-04,2025-04-14,41,199.17,199.17,Clean-Paid,,False
2564,2495,9,196,7,6,In-Network,2024-25,2025-03-04,2025-03-06,2025-04-01,26,224.02,224.02,Clean-Paid,,False
2565,2276,15,107,12,1,In-Network,2024-25,2025-03-04,2025-03-09,2025-04-22,44,224.02,224.02,Clean-Paid,,False
2566,3731,25,681,15,9,In-Network,2024-25,2025-03-04,2025-03-09,2025-04-18,40,103.96,103.96,Clean-Paid,,False
2567,2379,25,147,5,9,In-Network,2024-25,2025-03-04,2025-03-06,2025-04-16,41,252.37,252.37,Clean-Paid,,False
2568,2347,1,137,20,4,In-Network,2024-25,2025-03-05,2025-03-10,2025-04-12,33,135.07,135.07,Clean-Paid,,False
2569,3332,27,522,2,9,In-Network,2024-25,2025-03-05,2025-03-09,2025-04-21,43,224.02,224.02,Clean-Paid,,False
2570,2403,22,158,16,6,Out-of-Network,2024-25,2025-03-05,2025-03-09,2025-04-10,32,298.04,298.04,Clean-Paid,,False
2571,3920,31,756,15,2,In-Network,2024-25,2025-03-05,2025-03-07,2025-04-14,38,267.74,267.74,Clean-Paid,,False
2572,3316,24,517,20,8,In-Network,2024-25,2025-03-05,2025-03-10,2025-04-13,34,223.08,223.08,Clean-Paid,,False
2573,3895,16,746,19,7,In-Network,2024-25,2025-03-05,2025-03-06,2025-04-04,29,0.0,0.0,Clean-Paid,,False
2574,3650,5,649,2,4,Out-of-Network,2024-25,2025-03-06,2025-03-10,2025-04-13,34,298.04,298.04,Clean-Paid,,False
2575,3369,4,540,15,2,In-Network,2024-25,2025-03-06,2025-03-10,2025-04-13,34,224.02,224.02,Clean-Paid,,False
2576,3235,1,487,9,4,Out-of-Network,2024-25,2025-03-06,2025-03-09,2025-04-16,38,188.93,188.93,Clean-Paid,,False
2577,2964,5,375,3,4,Out-of-Network,2024-25,2025-03-06,2025-03-06,2025-04-14,39,258.13,258.13,Clean-Paid,,False
2578,2738,10,287,9,9,In-Network,2024-25,2025-03-06,2025-03-10,2025-05-04,55,224.02,224.02,Clean-Paid,,False
2579,2853,9,332,15,6,In-Network,2024-25,2025-03-07,2025-03-07,2025-04-01,25,224.02,224.02,Clean-Paid,,False
2580,2402,22,157,6,6,In-Network,2024-25,2025-03-07,2025-03-12,2025-04-18,37,46.44,46.44,Clean-Paid,,False
2581,2082,13,30,16,4,In-Network,2024-25,2025-03-07,2025-03-09,2025-04-17,39,69.68,69.68,Clean-Paid,,False
2582,2472,8,186,19,1,Out-of-Network,2024-25,2025-03-07,2025-03-10,2025-04-12,33,141.42,141.42,Clean-Paid,,False
2583,2831,16,323,2,7,In-Network,2024-25,2025-03-07,2025-03-09,2025-04-08,30,153.13,153.13,Clean-Paid,,False
2584,3260,21,497,14,2,In-Network,2024-25,2025-03-07,2025-03-11,2025-04-14,34,223.08,223.08,Clean-Paid,,False
2585,3622,35,638,8,7,In-Network,2024-25,2025-03-10,2025-03-10,2025-04-10,31,153.58,153.58,Clean-Paid,,False
2586,2878,28,340,14,3,In-Network,2024-25,2025-03-10,2025-03-12,2025-04-17,36,212.37,212.37,Clean-Paid,,False
2587,3415,6,555,19,8,In-Network,2024-25,2025-03-10,2025-03-12,2025-04-10,29,138.45,138.45,Clean-Paid,,False
2588,2726,3,283,14,1,Out-of-Network,2024-25,2025-03-10,2025-03-10,2025-04-25,46,298.04,298.04,Clean-Paid,,False
2589,2102,21,37,4,2,In-Network,2024-25,2025-03-10,2025-03-14,2025-04-14,31,172.57,0.0,Denied,Frequency Limit Exceeded,False
2590,3136,35,444,19,7,In-Network,2024-25,2025-03-10,2025-03-14,2025-04-24,41,9.68,9.68,Clean-Paid,,False
2591,3980,22,779,10,6,In-Network,2024-25,2025-03-10,2025-03-15,2025-04-21,37,9.68,9.68,Clean-Paid,,False
2592,2161,3,62,12,1,In-Network,2024-25,2025-03-10,2025-03-13,2025-04-20,38,224.02,224.02,Clean-Paid,,False
2593,3672,6,658,11,8,In-Network,2024-25,2025-03-10,2025-03-15,2025-04-30,46,224.02,224.02,Clean-Paid,,False
2594,3921,31,756,15,2,In-Network,2024-25,2025-03-10,2025-03-12,2025-04-24,43,208.0,0.0,Denied,Coverage Terminated,False
2595,3551,30,612,9,5,Out-of-Network,2024-25,2025-03-10,2025-03-10,2025-04-18,39,113.22,113.22,Clean-Paid,,False
2596,2176,2,66,10,9,In-Network,2024-25,2025-03-10,2025-03-15,2025-05-01,47,29.68,29.68,Clean-Paid,,False
2597,3615,35,636,7,7,In-Network,2024-25,2025-03-10,2025-03-10,2025-04-22,43,138.45,138.45,Clean-Paid,,False
2598,3558,35,616,20,7,In-Network,2024-25,2025-03-10,2025-03-12,2025-04-13,32,138.45,138.45,Clean-Paid,,False
2599,2289,4,114,1,2,In-Network,2024-25,2025-03-10,2025-03-14,2025-04-26,43,224.02,224.02,Clean-Paid,,False
2600,3219,12,481,8,9,In-Network,2024-25,2025-03-10,2025-03-13,2025-05-01,49,223.08,223.08,Clean-Paid,,False
2601,3706,25,670,16,9,In-Network,2024-25,2025-03-10,2025-03-11,2025-04-20,40,138.45,138.45,Clean-Paid,,False
2602,3485,35,584,12,7,In-Network,2024-25,2025-03-10,2025-03-15,2025-04-24,40,224.02,224.02,Clean-Paid,,False
2603,2356,32,140,13,1,In-Network,2024-25,2025-03-10,2025-03-14,2025-04-20,37,212.37,212.37,Clean-Paid,,False
2604,3972,15,776,15,1,In-Network,2024-25,2025-03-10,2025-03-10,2025-04-18,39,64.1,64.1,Clean-Paid,,False
2605,3758,4,692,9,2,In-Network,2024-25,2025-03-10,2025-03-11,2025-04-14,34,55.07,0.0,Denied,Coding Error,False
2606,2141,15,53,9,1,Out-of-Network,2024-25,2025-03-10,2025-03-13,2025-04-15,33,258.13,258.13,Clean-Paid,,False
2607,2053,8,17,6,1,In-Network,2024-25,2025-03-11,2025-03-12,2025-04-18,37,224.02,224.02,Clean-Paid,,False
2608,3898,16,748,7,7,In-Network,2024-25,2025-03-12,2025-03-15,2025-04-24,40,267.74,267.74,Clean-Paid,,False
2609,2801,34,309,13,2,In-Network,2024-25,2025-03-12,2025-03-14,2025-04-18,35,193.13,0.0,Denied,Missing X-Ray,False
2610,3386,18,547,8,1,In-Network,2024-25,2025-03-12,2025-03-17,2025-05-02,46,237.48,237.48,Clean-Paid,,False
2611,2119,30,43,6,5,In-Network,2024-25,2025-03-12,2025-03-14,2025-04-12,29,138.45,138.45,Clean-Paid,,False
2612,2093,21,34,8,2,In-Network,2024-25,2025-03-12,2025-03-14,2025-04-19,36,108.47,108.47,Clean-Paid,,False
2613,3565,35,620,19,7,In-Network,2024-25,2025-03-12,2025-03-17,2025-04-24,38,224.02,224.02,Clean-Paid,,False
2614,2218,6,83,8,8,In-Network,2024-25,2025-03-13,2025-03-17,2025-04-27,41,192.82,192.82,Clean-Paid,,False
2615,2508,3,201,18,1,In-Network,2024-25,2025-03-13,2025-03-16,2025-04-22,37,162.16,0.0,Denied,Coverage Terminated,False
2616,3611,35,635,13,7,In-Network,2024-25,2025-03-13,2025-03-15,2025-04-23,39,138.45,138.45,Clean-Paid,,False
2617,3209,28,476,15,3,In-Network,2024-25,2025-03-13,2025-03-16,2025-04-15,30,224.02,224.02,Clean-Paid,,False
2618,2178,2,67,3,9,In-Network,2024-25,2025-03-14,2025-03-18,2025-04-27,40,95.07,95.07,Clean-Paid,,False
2619,2499,3,199,6,1,In-Network,2024-25,2025-03-14,2025-03-15,2025-04-24,40,224.02,224.02,Clean-Paid,,False
2620,3238,1,488,4,4,In-Network,2024-25,2025-03-14,2025-03-15,2025-05-04,50,138.45,138.45,Clean-Paid,,False
2621,3189,31,468,18,2,In-Network,2024-25,2025-03-14,2025-03-15,2025-04-13,29,224.02,224.02,Clean-Paid,,False
2622,2784,11,304,12,5,In-Network,2024-25,2025-03-14,2025-03-19,2025-04-21,33,138.45,138.45,Clean-Paid,,False
2623,3954,26,770,6,4,In-Network,2024-25,2025-03-14,2025-03-14,2025-05-01,48,224.02,224.02,Clean-Paid,,False
2624,2055,8,17,6,1,In-Network,2024-25,2025-03-17,2025-03-18,2025-05-02,45,15.07,15.07,Clean-Paid,,False
2625,3161,12,456,16,9,In-Network,2024-25,2025-03-17,2025-03-19,2025-05-06,48,278.97,278.97,Clean-Paid,,False
2626,2925,12,358,5,9,In-Network,2024-25,2025-03-17,2025-03-22,2025-05-09,48,224.02,224.02,Clean-Paid,,False
2627,2085,13,31,6,4,In-Network,2024-25,2025-03-17,2025-03-21,2025-04-24,34,107.25,107.25,Clean-Paid,,False
2628,4006,31,789,7,2,In-Network,2024-25,2025-03-17,2025-03-17,2025-04-13,27,29.68,29.68,Clean-Paid,,False
2629,3852,7,727,17,7,In-Network,2024-25,2025-03-17,2025-03-17,2025-04-23,37,254.28,254.28,Clean-Paid,,False
2630,3691,9,665,5,6,In-Network,2024-25,2025-03-17,2025-03-20,2025-04-25,36,224.02,224.02,Clean-Paid,,False
2631,2498,9,198,5,6,In-Network,2024-25,2025-03-17,2025-03-17,2025-04-17,31,98.06,98.06,Clean-Paid,,False
2632,2270,15,104,2,1,Out-of-Network,2024-25,2025-03-17,2025-03-20,2025-04-26,37,0.0,0.0,Clean-Paid,,False
2633,3229,1,485,5,4,In-Network,2024-25,2025-03-17,2025-03-22,2025-05-03,42,132.57,132.57,Clean-Paid,,False
2634,2558,20,218,12,4,Out-of-Network,2024-25,2025-03-17,2025-03-17,2025-04-23,37,106.65,106.65,Clean-Paid,,False
2635,2550,20,216,9,4,Out-of-Network,2024-25,2025-03-17,2025-03-20,2025-05-03,44,674.15,674.15,Clean-Paid,,True
2636,2377,25,147,5,9,In-Network,2024-25,2025-03-17,2025-03-18,2025-05-06,49,138.45,138.45,Clean-Paid,,False
2637,2411,29,162,15,5,In-Network,2024-25,2025-03-17,2025-03-22,2025-04-22,31,38.06,38.06,Clean-Paid,,False
2638,3879,8,738,4,1,Out-of-Network,2024-25,2025-03-17,2025-03-18,2025-04-23,36,443.1,443.1,Clean-Paid,,True
2639,2449,32,177,5,1,In-Network,2024-25,2025-03-17,2025-03-18,2025-04-28,41,224.02,224.02,Clean-Paid,,False
2640,3159,12,456,16,9,In-Network,2024-25,2025-03-17,2025-03-22,2025-05-06,45,267.74,267.74,Clean-Paid,,False
2641,3065,27,417,14,9,In-Network,2024-25,2025-03-17,2025-03-20,2025-05-04,45,224.02,224.02,Clean-Paid,,False
2642,2954,13,369,6,4,In-Network,2024-25,2025-03-17,2025-03-18,2025-04-21,34,162.16,162.16,Clean-Paid,,False
2643,3455,22,571,8,6,In-Network,2024-25,2025-03-17,2025-03-22,2025-04-14,23,102.16,0.0,Denied,Max Benefit Exceeded,False
2644,3809,16,710,18,7,In-Network,2024-25,2025-03-17,2025-03-20,2025-04-21,32,233.13,233.13,Clean-Paid,,False
2645,2258,32,100,17,1,Out-of-Network,2024-25,2025-03-18,2025-03-18,2025-04-23,36,101.42,101.42,Clean-Paid,,False
2646,3210,28,476,15,3,In-Network,2024-25,2025-03-18,2025-03-19,2025-04-22,34,138.45,138.45,Clean-Paid,,False
2647,3359,31,534,3,2,In-Network,2024-25,2025-03-18,2025-03-21,2025-04-23,33,352.68,352.68,Clean-Paid,,True
2648,2203,2,77,16,9,In-Network,2024-25,2025-03-19,2025-03-19,2025-05-08,50,159.17,159.17,Clean-Paid,,False
2649,2249,32,97,14,1,Out-of-Network,2024-25,2025-03-19,2025-03-24,2025-04-30,37,946.47,946.47,Clean-Paid,,True
2650,3790,33,703,10,8,In-Network,2024-25,2025-03-19,2025-03-23,2025-05-01,39,192.82,192.82,Clean-Paid,,False
2651,2564,21,221,3,2,In-Network,2024-25,2025-03-20,2025-03-21,2025-04-27,37,224.02,0.0,Denied,Coverage Terminated,False
2652,2059,21,19,14,2,In-Network,2024-25,2025-03-20,2025-03-24,2025-05-05,42,203.54,203.54,Clean-Paid,,False
2653,2756,9,293,18,6,In-Network,2024-25,2025-03-20,2025-03-20,2025-04-22,33,162.16,0.0,Denied,Missing X-Ray,False
2654,2351,32,139,13,1,In-Network,2024-25,2025-03-20,2025-03-25,2025-05-05,41,223.08,223.08,Clean-Paid,,False
2655,3034,18,405,19,1,Out-of-Network,2024-25,2025-03-20,2025-03-24,2025-05-08,45,61.24,0.0,Denied,Coding Error,False
2656,3213,12,478,5,9,In-Network,2024-25,2025-03-20,2025-03-25,2025-05-17,53,224.02,224.02,Clean-Paid,,False
2657,2825,17,321,19,5,In-Network,2024-25,2025-03-21,2025-03-26,2025-04-22,27,224.02,224.02,Clean-Paid,,False
2658,2682,23,266,19,5,In-Network,2024-25,2025-03-21,2025-03-22,2025-04-28,37,224.02,224.02,Clean-Paid,,False
2659,2666,21,257,12,2,In-Network,2024-25,2025-03-21,2025-03-22,2025-04-17,26,95.07,95.07,Clean-Paid,,False
2660,2582,21,226,5,2,In-Network,2024-25,2025-03-21,2025-03-24,2025-05-06,43,224.02,224.02,Clean-Paid,,False
2661,3479,16,581,17,7,In-Network,2024-25,2025-03-21,2025-03-26,2025-04-28,33,138.45,138.45,Clean-Paid,,False
2662,3009,30,396,19,5,In-Network,2024-25,2025-03-24,2025-03-27,2025-05-06,40,224.02,224.02,Clean-Paid,,False
2663,2685,23,267,3,5,In-Network,2024-25,2025-03-24,2025-03-26,2025-05-02,37,107.25,0.0,Denied,Prior Auth Required,False
2664,3173,20,461,18,4,In-Network,2024-25,2025-03-24,2025-03-28,2025-05-14,47,224.02,224.02,Clean-Paid,,False
2665,3073,10,420,4,9,In-Network,2024-25,2025-03-24,2025-03-25,2025-05-05,41,254.28,254.28,Clean-Paid,,False
2666,2921,12,357,12,9,In-Network,2024-25,2025-03-24,2025-03-29,2025-05-23,55,224.02,224.02,Clean-Paid,,False
2667,3634,9,643,13,6,In-Network,2024-25,2025-03-24,2025-03-27,2025-05-05,39,224.02,224.02,Clean-Paid,,False
2668,3640,30,645,2,5,Out-of-Network,2024-25,2025-03-24,2025-03-28,2025-05-07,40,178.82,178.82,Clean-Paid,,False
2669,3240,1,488,4,4,In-Network,2024-25,2025-03-24,2025-03-27,2025-05-14,48,201.96,201.96,Clean-Paid,,False
2670,2657,3,251,9,1,Out-of-Network,2024-25,2025-03-24,2025-03-27,2025-05-06,40,178.82,0.0,Denied,Coverage Terminated,False
2671,3048,30,410,6,5,In-Network,2024-25,2025-03-24,2025-03-24,2025-04-16,23,138.45,138.45,Clean-Paid,,False
2672,3214,12,478,5,9,In-Network,2024-25,2025-03-24,2025-03-25,2025-05-05,41,138.45,138.45,Clean-Paid,,False
2673,2466,8,184,5,1,In-Network,2024-25,2025-03-24,2025-03-26,2025-05-02,37,137.97,137.97,Clean-Paid,,False
2674,3417,6,556,2,8,In-Network,2024-25,2025-03-24,2025-03-28,2025-05-10,43,138.45,138.45,Clean-Paid,,False
2675,2812,7,315,9,7,In-Network,2024-25,2025-03-24,2025-03-26,2025-05-05,40,103.9,103.9,Clean-Paid,,False
2676,3765,8,694,16,1,Out-of-Network,2024-25,2025-03-24,2025-03-25,2025-05-01,37,285.94,0.0,Denied,Max Benefit Exceeded,False
2677,2243,13,95,6,4,In-Network,2024-25,2025-03-24,2025-03-24,2025-05-06,43,224.02,224.02,Clean-Paid,,False
2678,3646,5,647,18,4,In-Network,2024-25,2025-03-24,2025-03-28,2025-05-15,48,0.0,0.0,Clean-Paid,,False
2679,3090,31,426,16,2,In-Network,2024-25,2025-03-25,2025-03-26,2025-05-01,36,138.45,138.45,Clean-Paid,,False
2680,3664,20,654,17,4,In-Network,2024-25,2025-03-25,2025-03-26,2025-05-08,43,224.02,224.02,Clean-Paid,,False
2681,2859,5,334,7,4,In-Network,2024-25,2025-03-25,2025-03-30,2025-05-14,45,137.51,137.51,Clean-Paid,,False
2682,3560,35,617,14,7,In-Network,2024-25,2025-03-26,2025-03-31,2025-05-04,34,224.02,224.02,Clean-Paid,,False
2683,3630,9,641,11,6,Out-of-Network,2024-25,2025-03-26,2025-03-26,2025-04-29,34,190.17,190.17,Clean-Paid,,False
2684,3740,27,684,14,9,In-Network,2024-25,2025-03-26,2025-03-31,2025-05-12,42,224.02,224.02,Clean-Paid,,False
2685,2164,3,63,10,1,In-Network,2024-25,2025-03-26,2025-03-29,2025-05-15,47,137.51,137.51,Clean-Paid,,False
2686,2532,21,210,4,2,In-Network,2024-25,2025-03-26,2025-03-27,2025-05-09,43,241.96,241.96,Clean-Paid,,False
2687,3251,16,492,16,7,In-Network,2024-25,2025-03-26,2025-03-26,2025-05-01,36,107.25,0.0,Denied,Prior Auth Required,False
2688,2299,4,117,1,2,In-Network,2024-25,2025-03-27,2025-03-27,2025-04-28,32,138.45,138.45,Clean-Paid,,False
2689,2160,3,61,9,1,Out-of-Network,2024-25,2025-03-27,2025-03-28,2025-05-08,41,178.82,178.82,Clean-Paid,,False
2690,3533,14,605,20,4,In-Network,2024-25,2025-03-27,2025-03-28,2025-05-08,41,138.45,138.45,Clean-Paid,,False
2691,2790,34,306,4,2,In-Network,2024-25,2025-03-27,2025-03-31,2025-04-26,26,224.02,224.02,Clean-Paid,,False
2692,3865,14,733,2,4,Out-of-Network,2024-25,2025-03-27,2025-03-30,2025-05-04,35,285.94,0.0,Denied,Max Benefit Exceeded,False
2693,2186,3,71,20,1,Out-of-Network,2024-25,2025-03-27,2025-03-29,2025-05-02,34,141.42,141.42,Clean-Paid,,False
2694,2115,16,41,14,7,In-Network,2024-25,2025-03-27,2025-03-27,2025-04-22,26,133.58,133.58,Clean-Paid,,False
2695,3471,16,578,5,7,In-Network,2024-25,2025-03-28,2025-03-28,2025-05-03,36,443.06,443.06,Clean-Paid,,True
2696,2340,35,135,2,7,In-Network,2024-25,2025-03-28,2025-04-02,2025-05-03,31,192.82,192.82,Clean-Paid,,False
2697,3222,12,482,7,9,In-Network,2024-25,2025-03-28,2025-04-01,2025-05-19,48,168.71,0.0,Denied,Missing X-Ray,False
2698,3200,29,471,3,5,In-Network,2024-25,2025-03-28,2025-03-30,2025-04-30,31,38.06,38.06,Clean-Paid,,False
2699,3682,6,661,3,8,In-Network,2024-25,2025-03-28,2025-04-01,2025-05-09,38,107.25,107.25,Clean-Paid,,False
2700,3142,35,446,8,7,In-Network,2024-25,2025-03-28,2025-04-01,2025-05-10,39,73.78,73.78,Clean-Paid,,False
2701,2436,17,172,16,5,In-Network,2024-25,2025-03-28,2025-03-31,2025-05-01,31,208.0,208.0,Clean-Paid,,False
2702,2995,11,389,1,5,In-Network,2024-25,2025-03-31,2025-04-01,2025-05-10,39,224.02,224.02,Clean-Paid,,False
2703,3268,12,500,16,9,In-Network,2024-25,2025-03-31,2025-04-05,2025-05-17,42,100.75,0.0,Denied,Max Benefit Exceeded,False
2704,2576,21,224,19,2,In-Network,2024-25,2025-03-31,2025-04-02,2025-05-08,36,168.71,0.0,Denied,Max Benefit Exceeded,False
2705,2288,5,113,2,4,Out-of-Network,2024-25,2025-03-31,2025-04-02,2025-05-19,47,151.01,151.01,Clean-Paid,,False
2706,3859,7,729,5,7,In-Network,2024-25,2025-03-31,2025-03-31,2025-05-13,43,224.02,224.02,Clean-Paid,,False
2707,3425,25,559,19,9,In-Network,2024-25,2025-03-31,2025-04-02,2025-05-10,38,107.25,107.25,Clean-Paid,,False
2708,3196,29,470,13,5,In-Network,2024-25,2025-03-31,2025-04-05,2025-04-29,24,138.45,138.45,Clean-Paid,,False
2709,2292,4,114,1,2,In-Network,2024-25,2025-03-31,2025-04-05,2025-05-05,30,162.16,162.16,Clean-Paid,,False
2710,2952,13,369,6,4,In-Network,2024-25,2025-03-31,2025-03-31,2025-05-11,41,224.02,224.02,Clean-Paid,,False
2711,2056,8,18,5,1,In-Network,2024-25,2025-03-31,2025-04-04,2025-05-18,44,237.48,237.48,Clean-Paid,,False
2712,2758,33,294,12,8,Out-of-Network,2024-25,2025-03-31,2025-03-31,2025-05-03,33,285.94,285.94,Clean-Paid,,False
2713,2748,9,290,17,6,Out-of-Network,2024-25,2025-03-31,2025-04-01,2025-05-09,38,178.82,0.0,Denied,Frequency Limit Exceeded,False
2714,3311,24,515,17,8,In-Network,2024-25,2025-03-31,2025-04-05,2025-05-09,34,192.82,192.82,Clean-Paid,,False
2715,2567,21,221,3,2,In-Network,2024-25,2025-03-31,2025-04-01,2025-05-09,38,98.06,98.06,Clean-Paid,,False
2716,3252,16,492,16,7,In-Network,2024-25,2025-03-31,2025-04-05,2025-05-12,37,92.57,0.0,Denied,Max Benefit Exceeded,False
2717,4024,32,795,15,1,In-Network,2024-25,2025-03-31,2025-04-04,2025-05-08,34,212.37,212.37,Clean-Paid,,False
2718,3885,6,742,10,8,In-Network,2024-25,2025-03-31,2025-04-03,2025-05-07,34,138.45,138.45,Clean-Paid,,False
2719,3427,25,560,3,9,In-Network,2024-25,2025-03-31,2025-04-05,2025-05-18,43,138.45,138.45,Clean-Paid,,False
2720,3247,16,491,4,7,In-Network,2024-25,2025-03-31,2025-04-05,2025-05-12,37,168.71,168.71,Clean-Paid,,False
2721,2957,5,371,17,4,In-Network,2024-25,2025-03-31,2025-04-01,2025-05-15,44,0.0,0.0,Clean-Paid,,False
2722,3982,25,780,12,9,In-Network,2024-25,2025-03-31,2025-04-01,2025-05-10,39,138.45,138.45,Clean-Paid,,False
2723,2614,8,236,8,1,In-Network,2024-25,2025-03-31,2025-04-01,2025-05-17,46,138.45,138.45,Clean-Paid,,False
2724,2722,3,281,11,1,Out-of-Network,2024-25,2025-03-31,2025-04-03,2025-05-22,49,178.82,178.82,Clean-Paid,,False
2725,3172,1,460,18,4,In-Network,2024-25,2025-03-31,2025-04-04,2025-05-18,44,224.02,224.02,Clean-Paid,,False
2726,3062,27,416,12,9,In-Network,2024-25,2025-03-31,2025-04-03,2025-05-19,46,138.45,138.45,Clean-Paid,,False
2727,3688,9,663,18,6,In-Network,2024-25,2025-03-31,2025-04-04,2025-04-30,26,138.45,138.45,Clean-Paid,,False
2728,3337,27,523,2,9,In-Network,2024-25,2025-03-31,2025-04-03,2025-05-17,44,192.82,192.82,Clean-Paid,,False
2729,2424,32,167,20,1,Out-of-Network,2024-25,2025-04-01,2025-04-02,2025-05-08,36,257.47,257.47,Clean-Paid,,False
2730,2751,9,291,19,6,Out-of-Network,2024-25,2025-04-01,2025-04-02,2025-05-10,38,196.95,196.95,Clean-Paid,,False
2731,3677,6,659,6,8,In-Network,2024-25,2025-04-01,2025-04-04,2025-05-16,42,137.51,137.51,Clean-Paid,,False
2732,3808,16,710,18,7,In-Network,2024-25,2025-04-01,2025-04-05,2025-05-10,35,138.45,138.45,Clean-Paid,,False
2733,2235,13,90,14,4,In-Network,2024-25,2025-04-01,2025-04-05,2025-05-15,40,173.58,173.58,Clean-Paid,,False
2734,3396,15,550,2,1,Out-of-Network,2024-25,2025-04-01,2025-04-01,2025-05-03,32,178.82,178.82,Clean-Paid,,False
2735,3197,29,470,13,5,In-Network,2024-25,2025-04-01,2025-04-04,2025-05-02,28,38.06,38.06,Clean-Paid,,False
2736,2304,4,119,5,2,In-Network,2024-25,2025-04-02,2025-04-05,2025-05-14,39,359.12,359.12,Clean-Paid,,True
2737,3841,28,723,4,3,In-Network,2024-25,2025-04-02,2025-04-07,2025-05-12,35,223.08,223.08,Clean-Paid,,False
2738,3721,25,677,19,9,In-Network,2024-25,2025-04-02,2025-04-04,2025-05-16,42,224.02,0.0,Denied,Frequency Limit Exceeded,False
2739,3886,6,742,10,8,In-Network,2024-25,2025-04-02,2025-04-07,2025-05-12,35,46.44,46.44,Clean-Paid,,False
2740,3737,27,683,12,9,In-Network,2024-25,2025-04-02,2025-04-04,2025-05-20,46,138.45,138.45,Clean-Paid,,False
2741,2635,5,242,16,4,In-Network,2024-25,2025-04-02,2025-04-05,2025-05-23,48,133.78,133.78,Clean-Paid,,False
2742,2220,26,84,11,4,In-Network,2024-25,2025-04-02,2025-04-03,2025-05-17,44,69.68,69.68,Clean-Paid,,False
2743,3826,7,716,1,7,In-Network,2024-25,2025-04-03,2025-04-08,2025-05-07,29,93.78,93.78,Clean-Paid,,False
2744,3910,31,751,15,2,In-Network,2024-25,2025-04-03,2025-04-05,2025-05-10,35,162.16,162.16,Clean-Paid,,False
2745,2113,16,41,14,7,In-Network,2024-25,2025-04-03,2025-04-06,2025-05-17,41,224.02,224.02,Clean-Paid,,False
2746,3578,32,625,4,1,Out-of-Network,2024-25,2025-04-03,2025-04-04,2025-05-12,38,271.36,271.36,Clean-Paid,,False
2747,3152,22,451,9,6,Out-of-Network,2024-25,2025-04-03,2025-04-08,2025-05-06,28,285.94,285.94,Clean-Paid,,False
2748,2760,33,294,12,8,Out-of-Network,2024-25,2025-04-03,2025-04-03,2025-05-12,39,110.12,110.12,Clean-Paid,,False
2749,2720,3,280,5,1,In-Network,2024-25,2025-04-04,2025-04-07,2025-05-21,44,212.37,212.37,Clean-Paid,,False
2750,2323,22,128,16,6,Out-of-Network,2024-25,2025-04-04,2025-04-04,2025-05-08,34,254.64,254.64,Clean-Paid,,False
2751,3154,12,453,10,9,In-Network,2024-25,2025-04-04,2025-04-07,2025-05-29,52,121.96,0.0,Denied,Missing X-Ray,False
2752,3131,27,442,9,9,In-Network,2024-25,2025-04-04,2025-04-09,2025-06-02,54,192.82,192.82,Clean-Paid,,False
2753,2818,17,317,8,5,In-Network,2024-25,2025-04-04,2025-04-06,2025-05-14,38,138.45,0.0,Denied,Prior Auth Required,False
2754,2895,29,346,3,5,In-Network,2024-25,2025-04-07,2025-04-11,2025-05-16,35,9.68,9.68,Clean-Paid,,False
2755,2943,13,364,16,4,In-Network,2024-25,2025-04-07,2025-04-11,2025-05-31,50,206.53,206.53,Clean-Paid,,False
2756,2866,31,336,6,2,In-Network,2024-25,2025-04-07,2025-04-12,2025-05-10,28,138.45,138.45,Clean-Paid,,False
2757,3445,17,568,1,5,In-Network,2024-25,2025-04-07,2025-04-09,2025-05-14,35,224.02,224.02,Clean-Paid,,False
2758,2553,20,217,15,4,In-Network,2024-25,2025-04-07,2025-04-09,2025-05-17,38,71.27,71.27,Clean-Paid,,False
2759,2652,29,249,5,5,In-Network,2024-25,2025-04-07,2025-04-09,2025-05-13,34,254.28,254.28,Clean-Paid,,False
2760,3814,16,712,17,7,In-Network,2024-25,2025-04-07,2025-04-12,2025-05-12,30,182.17,182.17,Clean-Paid,,False
2761,3844,28,724,7,3,In-Network,2024-25,2025-04-07,2025-04-11,2025-05-15,34,182.17,182.17,Clean-Paid,,False
2762,2314,22,125,16,6,Out-of-Network,2024-25,2025-04-07,2025-04-11,2025-05-15,34,178.82,0.0,Denied,Frequency Limit Exceeded,False
2763,2050,8,15,19,1,Out-of-Network,2024-25,2025-04-07,2025-04-12,2025-05-15,33,108.93,108.93,Clean-Paid,,False
2764,2443,32,175,10,1,In-Network,2024-25,2025-04-07,2025-04-09,2025-05-18,39,138.45,138.45,Clean-Paid,,False
2765,2763,33,295,19,8,In-Network,2024-25,2025-04-07,2025-04-07,2025-05-11,34,38.06,38.06,Clean-Paid,,False
2766,2543,21,214,13,2,In-Network,2024-25,2025-04-07,2025-04-09,2025-05-09,30,135.07,135.07,Clean-Paid,,False
2767,2795,34,307,9,2,In-Network,2024-25,2025-04-07,2025-04-07,2025-05-20,43,98.06,98.06,Clean-Paid,,False
2768,3297,14,510,16,4,In-Network,2024-25,2025-04-07,2025-04-08,2025-05-22,44,0.0,0.0,Clean-Paid,,False
2769,2821,17,318,4,5,In-Network,2024-25,2025-04-07,2025-04-07,2025-05-06,29,73.78,73.78,Clean-Paid,,False
2770,3876,8,737,4,1,Out-of-Network,2024-25,2025-04-07,2025-04-11,2025-05-15,34,178.82,0.0,Denied,Coverage Terminated,False
2771,2018,24,1,16,8,In-Network,2024-25,2025-04-08,2025-04-08,2025-05-12,34,132.57,132.57,Clean-Paid,,False
2772,3733,27,682,2,9,In-Network,2024-25,2025-04-08,2025-04-10,2025-06-04,55,224.02,224.02,Clean-Paid,,False
2773,2813,7,315,9,7,In-Network,2024-25,2025-04-08,2025-04-08,2025-05-09,31,199.17,199.17,Clean-Paid,,False
2774,3870,8,735,7,1,In-Network,2024-25,2025-04-08,2025-04-08,2025-05-20,42,501.84,0.0,Denied,Max Benefit Exceeded,True
2775,3366,15,537,8,1,In-Network,2024-25,2025-04-08,2025-04-10,2025-05-16,36,138.45,138.45,Clean-Paid,,False
2776,3873,8,736,9,1,Out-of-Network,2024-25,2025-04-08,2025-04-11,2025-05-24,43,178.82,0.0,Denied,Coding Error,False
2777,3239,1,488,4,4,In-Network,2024-25,2025-04-08,2025-04-10,2025-05-19,39,167.74,167.74,Clean-Paid,,False
2778,3568,35,620,19,7,In-Network,2024-25,2025-04-08,2025-04-09,2025-05-06,27,172.57,172.57,Clean-Paid,,False
2779,3104,31,431,18,2,In-Network,2024-25,2025-04-08,2025-04-13,2025-05-23,40,68.47,68.47,Clean-Paid,,False
2780,2811,7,315,9,7,In-Network,2024-25,2025-04-08,2025-04-11,2025-05-14,33,223.08,223.08,Clean-Paid,,False
2781,3103,31,431,18,2,In-Network,2024-25,2025-04-08,2025-04-09,2025-05-22,43,223.08,223.08,Clean-Paid,,False
2782,2223,26,85,15,4,In-Network,2024-25,2025-04-08,2025-04-09,2025-05-21,42,138.45,138.45,Clean-Paid,,False
2783,2120,30,43,6,5,In-Network,2024-25,2025-04-08,2025-04-11,2025-05-17,36,83.9,83.9,Clean-Paid,,False
2784,2615,8,236,8,1,In-Network,2024-25,2025-04-09,2025-04-13,2025-05-26,43,64.1,64.1,Clean-Paid,,False
2785,2586,21,227,20,2,In-Network,2024-25,2025-04-09,2025-04-10,2025-05-11,31,138.45,138.45,Clean-Paid,,False
2786,2215,6,81,18,8,In-Network,2024-25,2025-04-09,2025-04-13,2025-05-16,33,38.06,38.06,Clean-Paid,,False
2787,3440,25,565,11,9,In-Network,2024-25,2025-04-09,2025-04-10,2025-06-03,54,173.13,173.13,Clean-Paid,,False
2788,2240,13,94,15,4,In-Network,2024-25,2025-04-09,2025-04-11,2025-05-18,37,107.25,107.25,Clean-Paid,,False
2789,2100,21,37,4,2,In-Network,2024-25,2025-04-09,2025-04-14,2025-05-20,36,138.45,138.45,Clean-Paid,,False
2790,3489,26,587,15,4,In-Network,2024-25,2025-04-10,2025-04-12,2025-05-20,38,224.02,224.02,Clean-Paid,,False
2791,2556,20,218,12,4,Out-of-Network,2024-25,2025-04-10,2025-04-12,2025-05-25,43,190.92,190.92,Clean-Paid,,False
2792,2976,22,380,9,6,Out-of-Network,2024-25,2025-04-10,2025-04-13,2025-05-20,37,178.82,0.0,Denied,Max Benefit Exceeded,False
2793,2384,25,149,11,9,In-Network,2024-25,2025-04-10,2025-04-15,2025-05-24,39,223.08,0.0,Denied,Missing X-Ray,False
2794,3548,30,611,17,5,In-Network,2024-25,2025-04-10,2025-04-11,2025-05-17,36,371.62,0.0,Denied,Prior Auth Required,True
2795,2693,29,270,20,5,In-Network,2024-25,2025-04-11,2025-04-16,2025-05-14,28,138.45,138.45,Clean-Paid,,False
2796,2111,16,40,3,7,In-Network,2024-25,2025-04-11,2025-04-11,2025-05-22,41,103.96,0.0,Denied,Coding Error,False
2797,3165,12,457,9,9,In-Network,2024-25,2025-04-11,2025-04-16,2025-06-05,50,69.68,69.68,Clean-Paid,,False
2798,3341,32,525,13,1,In-Network,2024-25,2025-04-11,2025-04-15,2025-05-31,46,138.45,138.45,Clean-Paid,,False
2799,3000,11,391,8,5,In-Network,2024-25,2025-04-14,2025-04-15,2025-05-20,35,278.97,278.97,Clean-Paid,,False
2800,3671,6,657,7,8,In-Network,2024-25,2025-04-14,2025-04-14,2025-05-14,30,138.45,138.45,Clean-Paid,,False
2801,2892,29,345,16,5,In-Network,2024-25,2025-04-14,2025-04-15,2025-05-25,40,38.06,38.06,Clean-Paid,,False
2802,3529,14,604,4,4,In-Network,2024-25,2025-04-14,2025-04-15,2025-05-23,38,224.02,224.02,Clean-Paid,,False
2803,2712,3,277,8,1,In-Network,2024-25,2025-04-14,2025-04-19,2025-06-02,44,168.0,168.0,Clean-Paid,,False
2804,2541,21,214,13,2,In-Network,2024-25,2025-04-14,2025-04-19,2025-05-27,38,107.25,0.0,Denied,Coverage Terminated,False
2805,3517,11,600,2,5,Out-of-Network,2024-25,2025-04-14,2025-04-16,2025-05-21,35,285.94,285.94,Clean-Paid,,False
2806,2624,8,239,4,1,Out-of-Network,2024-25,2025-04-14,2025-04-17,2025-05-22,35,701.96,0.0,Denied,Max Benefit Exceeded,True
2807,2571,21,222,17,2,In-Network,2024-25,2025-04-14,2025-04-18,2025-05-28,40,166.53,166.53,Clean-Paid,,False
2808,2144,15,53,9,1,Out-of-Network,2024-25,2025-04-14,2025-04-16,2025-05-28,42,163.34,163.34,Clean-Paid,,False
2809,2696,29,271,6,5,In-Network,2024-25,2025-04-14,2025-04-16,2025-05-17,31,192.82,192.82,Clean-Paid,,False
2810,3220,12,481,8,9,In-Network,2024-25,2025-04-14,2025-04-18,2025-06-10,53,137.51,0.0,Denied,Max Benefit Exceeded,False
2811,2967,19,376,12,9,In-Network,2024-25,2025-04-14,2025-04-15,2025-06-01,47,324.14,324.14,Clean-Paid,,True
2812,3791,33,703,10,8,In-Network,2024-25,2025-04-15,2025-04-18,2025-05-27,39,137.51,137.51,Clean-Paid,,False
2813,2278,15,108,13,1,In-Network,2024-25,2025-04-15,2025-04-19,2025-05-24,35,192.82,192.82,Clean-Paid,,False
2814,3292,14,509,15,4,In-Network,2024-25,2025-04-16,2025-04-21,2025-05-25,34,138.45,138.45,Clean-Paid,,False
2815,3616,35,636,7,7,In-Network,2024-25,2025-04-16,2025-04-19,2025-05-24,35,133.78,133.78,Clean-Paid,,False
2816,3629,9,641,11,6,Out-of-Network,2024-25,2025-04-16,2025-04-16,2025-05-21,35,141.24,141.24,Clean-Paid,,False
2817,3942,35,763,6,7,In-Network,2024-25,2025-04-16,2025-04-18,2025-05-30,42,183.54,183.54,Clean-Paid,,False
2818,3283,16,506,12,7,In-Network,2024-25,2025-04-16,2025-04-16,2025-05-19,33,0.0,0.0,Clean-Paid,,False
2819,3609,14,634,16,4,In-Network,2024-25,2025-04-16,2025-04-18,2025-05-30,42,224.02,224.02,Clean-Paid,,False
2820,3969,23,775,1,5,In-Network,2024-25,2025-04-16,2025-04-19,2025-05-15,26,71.88,0.0,Denied,Frequency Limit Exceeded,False
2821,2337,35,134,4,7,In-Network,2024-25,2025-04-16,2025-04-16,2025-05-13,27,223.08,223.08,Clean-Paid,,False
2822,2390,25,151,19,9,In-Network,2024-25,2025-04-17,2025-04-19,2025-06-01,43,133.78,133.78,Clean-Paid,,False
2823,3464,16,576,2,7,In-Network,2024-25,2025-04-17,2025-04-17,2025-05-23,36,224.02,224.02,Clean-Paid,,False
2824,2134,30,48,7,5,In-Network,2024-25,2025-04-17,2025-04-19,2025-05-29,40,181.96,181.96,Clean-Paid,,False
2825,2027,16,5,6,7,In-Network,2024-25,2025-04-17,2025-04-18,2025-05-30,42,198.97,198.97,Clean-Paid,,False
2826,3637,30,644,19,5,In-Network,2024-25,2025-04-18,2025-04-21,2025-05-23,32,138.45,138.45,Clean-Paid,,False
2827,2198,34,76,8,2,In-Network,2024-25,2025-04-18,2025-04-19,2025-05-28,39,138.45,138.45,Clean-Paid,,False
2828,2702,29,273,18,5,In-Network,2024-25,2025-04-18,2025-04-21,2025-05-27,36,278.97,278.97,Clean-Paid,,False
2829,4026,32,796,14,1,Out-of-Network,2024-25,2025-04-18,2025-04-21,2025-06-01,41,178.82,178.82,Clean-Paid,,False
2830,3746,27,687,7,9,In-Network,2024-25,2025-04-18,2025-04-21,2025-05-31,40,223.08,223.08,Clean-Paid,,False
2831,2515,6,204,1,8,In-Network,2024-25,2025-04-21,2025-04-21,2025-05-29,38,137.51,137.51,Clean-Paid,,False
2832,2478,1,190,13,4,In-Network,2024-25,2025-04-21,2025-04-25,2025-06-11,47,71.27,71.27,Clean-Paid,,False
2833,3111,31,434,18,2,In-Network,2024-25,2025-04-21,2025-04-23,2025-05-25,32,168.71,168.71,Clean-Paid,,False
2834,3976,22,778,11,6,Out-of-Network,2024-25,2025-04-21,2025-04-25,2025-05-29,34,285.94,285.94,Clean-Paid,,False
2835,2286,5,112,18,4,In-Network,2024-25,2025-04-21,2025-04-21,2025-05-28,37,138.45,138.45,Clean-Paid,,False
2836,2035,23,8,4,5,In-Network,2024-25,2025-04-21,2025-04-25,2025-05-25,30,488.68,488.68,Clean-Paid,,True
2837,2181,3,68,11,1,Out-of-Network,2024-25,2025-04-21,2025-04-21,2025-06-08,48,298.37,298.37,Clean-Paid,,False
2838,3899,16,748,7,7,In-Network,2024-25,2025-04-21,2025-04-26,2025-05-31,35,137.51,137.51,Clean-Paid,,False
2839,3474,16,579,7,7,In-Network,2024-25,2025-04-21,2025-04-24,2025-05-22,28,199.17,199.17,Clean-Paid,,False
2840,2677,16,262,18,7,In-Network,2024-25,2025-04-21,2025-04-22,2025-06-03,42,87.74,87.74,Clean-Paid,,False
2841,3495,15,590,20,1,Out-of-Network,2024-25,2025-04-21,2025-04-21,2025-05-23,32,21.42,21.42,Clean-Paid,,False
2842,2938,29,363,1,5,In-Network,2024-25,2025-04-21,2025-04-21,2025-05-30,39,137.51,137.51,Clean-Paid,,False
2843,2537,21,212,18,2,In-Network,2024-25,2025-04-21,2025-04-21,2025-05-23,32,138.45,138.45,Clean-Paid,,False
2844,3911,31,752,15,2,In-Network,2024-25,2025-04-21,2025-04-21,2025-05-25,34,224.02,224.02,Clean-Paid,,False
2845,2607,8,234,20,1,Out-of-Network,2024-25,2025-04-21,2025-04-22,2025-06-10,49,178.82,178.82,Clean-Paid,,False
2846,3542,14,609,6,4,In-Network,2024-25,2025-04-21,2025-04-23,2025-05-26,33,224.02,224.02,Clean-Paid,,False
2847,2816,17,316,12,5,In-Network,2024-25,2025-04-21,2025-04-26,2025-06-03,38,38.06,38.06,Clean-Paid,,False
2848,2385,25,149,11,9,In-Network,2024-25,2025-04-21,2025-04-21,2025-05-31,40,9.68,9.68,Clean-Paid,,False
2849,3938,23,762,14,5,In-Network,2024-25,2025-04-21,2025-04-24,2025-06-02,39,107.25,107.25,Clean-Paid,,False
2850,2445,32,175,10,1,In-Network,2024-25,2025-04-21,2025-04-23,2025-06-02,40,95.07,95.07,Clean-Paid,,False
2851,2274,15,106,5,1,In-Network,2024-25,2025-04-22,2025-04-26,2025-06-02,37,69.68,69.68,Clean-Paid,,False
2852,3594,20,630,20,4,In-Network,2024-25,2025-04-22,2025-04-25,2025-06-07,43,162.9,162.9,Clean-Paid,,False
2853,3128,27,441,11,9,In-Network,2024-25,2025-04-22,2025-04-23,2025-06-02,40,224.02,224.02,Clean-Paid,,False
2854,2470,8,186,19,1,Out-of-Network,2024-25,2025-04-22,2025-04-25,2025-05-29,34,151.01,151.01,Clean-Paid,,False
2855,3362,34,536,13,2,In-Network,2024-25,2025-04-22,2025-04-26,2025-05-23,27,224.02,224.02,Clean-Paid,,False
2856,3180,31,464,5,2,In-Network,2024-25,2025-04-22,2025-04-24,2025-05-31,37,224.02,224.02,Clean-Paid,,False
2857,2090,12,33,13,9,In-Network,2024-25,2025-04-23,2025-04-23,2025-06-16,54,224.02,224.02,Clean-Paid,,False
2858,2206,2,79,18,9,In-Network,2024-25,2025-04-23,2025-04-28,2025-06-08,41,224.02,224.02,Clean-Paid,,False
2859,3320,24,518,18,8,In-Network,2024-25,2025-04-24,2025-04-26,2025-06-08,43,137.51,137.51,Clean-Paid,,False
2860,3228,1,485,5,4,In-Network,2024-25,2025-04-24,2025-04-24,2025-05-28,34,254.28,254.28,Clean-Paid,,False
2861,3016,30,399,7,5,In-Network,2024-25,2025-04-24,2025-04-25,2025-05-31,36,107.25,107.25,Clean-Paid,,False
2862,3384,18,546,14,1,Out-of-Network,2024-25,2025-04-24,2025-04-29,2025-06-16,48,319.63,319.63,Clean-Paid,,False
2863,3281,16,506,12,7,In-Network,2024-25,2025-04-24,2025-04-25,2025-05-21,26,224.02,224.02,Clean-Paid,,False
2864,2642,29,246,7,5,In-Network,2024-25,2025-04-24,2025-04-26,2025-05-21,25,138.45,138.45,Clean-Paid,,False
2865,2277,15,107,12,1,In-Network,2024-25,2025-04-25,2025-04-27,2025-06-06,40,138.45,0.0,Denied,Frequency Limit Exceeded,False
2866,3156,12,454,17,9,In-Network,2024-25,2025-04-25,2025-04-25,2025-06-15,51,138.45,138.45,Clean-Paid,,False
2867,2708,3,276,11,1,Out-of-Network,2024-25,2025-04-25,2025-04-25,2025-06-01,37,178.82,178.82,Clean-Paid,,False
2868,2774,27,301,16,9,In-Network,2024-25,2025-04-28,2025-05-01,2025-06-16,46,23.9,23.9,Clean-Paid,,False
2869,2789,11,305,2,5,Out-of-Network,2024-25,2025-04-28,2025-05-03,2025-06-12,40,169.11,0.0,Denied,Missing X-Ray,False
2870,2743,10,288,18,9,In-Network,2024-25,2025-04-28,2025-05-03,2025-06-15,43,107.25,107.25,Clean-Paid,,False
2871,3769,8,695,16,1,Out-of-Network,2024-25,2025-04-28,2025-04-28,2025-06-02,35,178.82,178.82,Clean-Paid,,False
2872,3066,27,417,14,9,In-Network,2024-25,2025-04-28,2025-04-29,2025-06-18,50,121.96,0.0,Denied,Prior Auth Required,False
2873,3948,35,765,14,7,In-Network,2024-25,2025-04-28,2025-04-29,2025-05-28,29,148.0,148.0,Clean-Paid,,False
2874,3519,11,600,2,5,Out-of-Network,2024-25,2025-04-28,2025-04-28,2025-05-29,31,229.11,0.0,Denied,Coverage Terminated,False
2875,3409,15,553,11,1,Out-of-Network,2024-25,2025-04-28,2025-05-02,2025-06-06,35,207.47,207.47,Clean-Paid,,False
2876,2133,30,48,7,5,In-Network,2024-25,2025-04-28,2025-04-30,2025-06-03,34,138.45,0.0,Denied,Coding Error,False
2877,2321,22,128,16,6,Out-of-Network,2024-25,2025-04-28,2025-05-03,2025-05-30,27,298.04,298.04,Clean-Paid,,False
2878,3590,33,629,5,8,In-Network,2024-25,2025-04-28,2025-04-28,2025-05-27,29,182.17,182.17,Clean-Paid,,False
2879,3075,10,421,18,9,In-Network,2024-25,2025-04-28,2025-05-03,2025-06-22,50,254.28,254.28,Clean-Paid,,False
2880,2823,17,319,7,5,In-Network,2024-25,2025-04-28,2025-04-29,2025-05-30,31,168.71,0.0,Denied,Prior Auth Required,False
2881,3943,35,764,11,7,In-Network,2024-25,2025-04-29,2025-05-01,2025-05-27,26,224.02,0.0,Denied,Missing X-Ray,False
2882,3784,33,699,20,8,In-Network,2024-25,2025-04-29,2025-05-01,2025-06-08,38,34.38,34.38,Clean-Paid,,False
2883,3282,16,506,12,7,In-Network,2024-25,2025-04-29,2025-05-01,2025-06-07,37,98.06,98.06,Clean-Paid,,False
2884,2075,20,27,4,4,In-Network,2024-25,2025-04-29,2025-05-03,2025-06-09,37,408.08,408.08,Clean-Paid,,True
2885,3840,28,722,10,3,In-Network,2024-25,2025-04-29,2025-04-29,2025-05-21,22,159.17,159.17,Clean-Paid,,False
2886,2982,22,383,18,6,In-Network,2024-25,2025-04-29,2025-05-01,2025-05-31,30,224.02,0.0,Denied,Max Benefit Exceeded,False
2887,2526,9,208,2,6,Out-of-Network,2024-25,2025-04-30,2025-05-03,2025-05-26,23,285.94,0.0,Denied,Coverage Terminated,False
2888,2155,30,57,9,5,Out-of-Network,2024-25,2025-04-30,2025-05-01,2025-05-25,24,106.65,106.65,Clean-Paid,,False
2889,3607,14,633,16,4,In-Network,2024-25,2025-04-30,2025-05-05,2025-06-21,47,451.18,451.18,Clean-Paid,,True
2890,2750,9,290,17,6,Out-of-Network,2024-25,2025-04-30,2025-05-04,2025-05-27,23,43.49,0.0,Denied,Max Benefit Exceeded,False
2891,2106,21,39,11,2,In-Network,2024-25,2025-05-01,2025-05-02,2025-06-05,34,138.45,138.45,Clean-Paid,,False
2892,3853,7,727,17,7,In-Network,2024-25,2025-05-01,2025-05-04,2025-06-14,41,168.71,0.0,Denied,Frequency Limit Exceeded,False
2893,2098,21,36,10,2,In-Network,2024-25,2025-05-01,2025-05-04,2025-06-03,30,224.02,224.02,Clean-Paid,,False
2894,2981,22,382,9,6,Out-of-Network,2024-25,2025-05-01,2025-05-06,2025-06-13,38,285.94,285.94,Clean-Paid,,False
2895,3986,25,782,5,9,In-Network,2024-25,2025-05-01,2025-05-03,2025-06-23,51,138.45,138.45,Clean-Paid,,False
2896,2414,34,163,3,2,In-Network,2024-25,2025-05-01,2025-05-01,2025-05-29,28,130.82,130.82,Clean-Paid,,False
2897,2395,29,153,20,5,In-Network,2024-25,2025-05-01,2025-05-06,2025-06-08,33,776.15,0.0,Denied,Prior Auth Required,True
2898,2067,21,23,15,2,In-Network,2024-25,2025-05-01,2025-05-05,2025-06-04,30,788.65,0.0,Denied,Prior Auth Required,True
2899,2660,32,253,15,1,In-Network,2024-25,2025-05-02,2025-05-05,2025-06-16,42,138.45,0.0,Denied,Frequency Limit Exceeded,False
2900,2217,6,82,11,8,In-Network,2024-25,2025-05-02,2025-05-03,2025-06-04,32,138.45,138.45,Clean-Paid,,False
2901,4020,32,794,5,1,In-Network,2024-25,2025-05-02,2025-05-04,2025-06-17,44,138.45,138.45,Clean-Paid,,False
2902,2947,13,367,13,4,In-Network,2024-25,2025-05-02,2025-05-05,2025-06-23,49,223.08,223.08,Clean-Paid,,False
2903,2210,2,80,5,9,In-Network,2024-25,2025-05-02,2025-05-07,2025-06-19,43,182.17,182.17,Clean-Paid,,False
2904,3759,4,692,9,2,In-Network,2024-25,2025-05-05,2025-05-09,2025-06-18,40,178.15,178.15,Clean-Paid,,False
2905,3293,14,509,15,4,In-Network,2024-25,2025-05-05,2025-05-06,2025-06-19,44,213.58,213.58,Clean-Paid,,False
2906,2273,15,106,5,1,In-Network,2024-25,2025-05-05,2025-05-06,2025-06-17,42,237.48,237.48,Clean-Paid,,False
2907,3487,35,585,20,7,In-Network,2024-25,2025-05-05,2025-05-06,2025-06-13,38,107.25,107.25,Clean-Paid,,False
2908,2837,34,325,19,2,In-Network,2024-25,2025-05-05,2025-05-07,2025-06-04,28,138.45,138.45,Clean-Paid,,False
2909,2068,21,24,20,2,In-Network,2024-25,2025-05-05,2025-05-07,2025-06-18,42,224.02,224.02,Clean-Paid,,False
2910,3761,4,693,12,2,In-Network,2024-25,2025-05-05,2025-05-10,2025-06-19,40,107.25,107.25,Clean-Paid,,False
2911,3484,35,583,3,7,In-Network,2024-25,2025-05-05,2025-05-05,2025-06-01,27,138.45,138.45,Clean-Paid,,False
2912,2694,29,270,20,5,In-Network,2024-25,2025-05-05,2025-05-07,2025-06-15,39,107.74,107.74,Clean-Paid,,False
2913,3805,24,709,16,8,In-Network,2024-25,2025-05-05,2025-05-05,2025-06-10,36,173.58,173.58,Clean-Paid,,False
2914,2596,9,230,17,6,Out-of-Network,2024-25,2025-05-05,2025-05-06,2025-06-03,28,45.28,45.28,Clean-Paid,,False
2915,2687,23,268,12,5,In-Network,2024-25,2025-05-05,2025-05-10,2025-06-08,29,168.71,168.71,Clean-Paid,,False
2916,3370,4,540,15,2,In-Network,2024-25,2025-05-05,2025-05-05,2025-06-04,30,138.45,138.45,Clean-Paid,,False
2917,3908,16,750,15,7,In-Network,2024-25,2025-05-05,2025-05-08,2025-06-07,30,143.9,143.9,Clean-Paid,,False
2918,2877,28,340,14,3,In-Network,2024-25,2025-05-06,2025-05-06,2025-06-03,28,107.25,107.25,Clean-Paid,,False
2919,3326,27,520,10,9,In-Network,2024-25,2025-05-06,2025-05-08,2025-06-18,41,138.45,138.45,Clean-Paid,,False
2920,2219,26,84,11,4,In-Network,2024-25,2025-05-06,2025-05-10,2025-06-13,34,224.02,224.02,Clean-Paid,,False
2921,3697,10,666,2,9,In-Network,2024-25,2025-05-06,2025-05-06,2025-06-13,38,526.18,526.18,Clean-Paid,,True
2922,3906,16,750,15,7,In-Network,2024-25,2025-05-06,2025-05-09,2025-06-07,29,107.25,107.25,Clean-Paid,,False
2923,3950,9,766,11,6,Out-of-Network,2024-25,2025-05-07,2025-05-09,2025-06-13,35,21.42,0.0,Denied,Max Benefit Exceeded,False
2924,3527,11,603,13,5,In-Network,2024-25,2025-05-07,2025-05-12,2025-06-04,23,183.11,0.0,Denied,Max Benefit Exceeded,False
2925,3775,30,697,1,5,In-Network,2024-25,2025-05-07,2025-05-11,2025-06-04,24,224.02,224.02,Clean-Paid,,False
2926,3945,35,764,11,7,In-Network,2024-25,2025-05-07,2025-05-10,2025-06-12,33,98.06,98.06,Clean-Paid,,False
2927,2063,21,22,18,2,In-Network,2024-25,2025-05-08,2025-05-08,2025-06-06,29,138.45,138.45,Clean-Paid,,False
2928,2306,6,120,17,8,In-Network,2024-25,2025-05-08,2025-05-13,2025-06-23,41,138.45,138.45,Clean-Paid,,False
2929,2833,16,324,17,7,In-Network,2024-25,2025-05-08,2025-05-09,2025-06-21,43,138.45,138.45,Clean-Paid,,False
2930,2329,35,131,10,7,In-Network,2024-25,2025-05-08,2025-05-08,2025-06-14,37,9.68,9.68,Clean-Paid,,False
2931,3309,24,514,9,8,In-Network,2024-25,2025-05-09,2025-05-13,2025-06-27,45,138.45,138.45,Clean-Paid,,False
2932,3491,26,588,8,4,In-Network,2024-25,2025-05-09,2025-05-10,2025-06-12,33,138.45,138.45,Clean-Paid,,False
2933,3955,26,770,6,4,In-Network,2024-25,2025-05-09,2025-05-12,2025-06-14,33,138.45,0.0,Denied,Max Benefit Exceeded,False
2934,2882,6,341,2,8,In-Network,2024-25,2025-05-09,2025-05-14,2025-06-22,39,173.13,173.13,Clean-Paid,,False
2935,3118,18,437,10,1,In-Network,2024-25,2025-05-09,2025-05-11,2025-06-18,38,359.12,359.12,Clean-Paid,,True
2936,3300,31,511,12,2,In-Network,2024-25,2025-05-12,2025-05-12,2025-06-16,35,138.45,138.45,Clean-Paid,,False
2937,3472,16,579,7,7,In-Network,2024-25,2025-05-12,2025-05-15,2025-06-13,29,224.02,224.02,Clean-Paid,,False
2938,2052,8,16,4,1,Out-of-Network,2024-25,2025-05-12,2025-05-13,2025-06-15,33,151.01,151.01,Clean-Paid,,False
2939,3052,30,411,17,5,In-Network,2024-25,2025-05-12,2025-05-13,2025-06-22,40,252.37,252.37,Clean-Paid,,False
2940,2676,16,261,5,7,In-Network,2024-25,2025-05-12,2025-05-17,2025-06-28,42,0.0,0.0,Clean-Paid,,False
2941,3762,4,693,12,2,In-Network,2024-25,2025-05-12,2025-05-17,2025-06-28,42,206.53,206.53,Clean-Paid,,False
2942,4002,19,787,13,9,In-Network,2024-25,2025-05-12,2025-05-15,2025-07-09,55,173.58,173.58,Clean-Paid,,False
2943,2266,15,103,19,1,Out-of-Network,2024-25,2025-05-12,2025-05-14,2025-06-24,41,178.82,178.82,Clean-Paid,,False
2944,2802,34,310,3,2,In-Network,2024-25,2025-05-12,2025-05-14,2025-06-19,36,237.48,237.48,Clean-Paid,,False
2945,2341,35,135,2,7,In-Network,2024-25,2025-05-12,2025-05-13,2025-06-18,36,135.07,135.07,Clean-Paid,,False
2946,2913,9,354,7,6,In-Network,2024-25,2025-05-12,2025-05-13,2025-06-07,25,138.45,0.0,Denied,Max Benefit Exceeded,False
2947,3503,15,594,7,1,In-Network,2024-25,2025-05-13,2025-05-13,2025-06-15,33,522.47,0.0,Denied,Prior Auth Required,True
2948,3331,27,521,4,9,In-Network,2024-25,2025-05-13,2025-05-15,2025-07-08,54,88.0,88.0,Clean-Paid,,False
2949,2247,32,96,3,1,In-Network,2024-25,2025-05-13,2025-05-18,2025-06-20,33,501.18,501.18,Clean-Paid,,True
2950,2661,32,253,15,1,In-Network,2024-25,2025-05-14,2025-05-16,2025-06-21,36,159.17,159.17,Clean-Paid,,False
2951,3839,28,722,10,3,In-Network,2024-25,2025-05-14,2025-05-14,2025-06-13,30,138.45,138.45,Clean-Paid,,False
2952,3466,16,577,13,7,In-Network,2024-25,2025-05-14,2025-05-16,2025-06-16,31,107.25,0.0,Denied,Max Benefit Exceeded,False
2953,3641,30,645,2,5,Out-of-Network,2024-25,2025-05-14,2025-05-19,2025-06-15,27,81.42,81.42,Clean-Paid,,False
2954,2527,9,209,18,6,In-Network,2024-25,2025-05-14,2025-05-15,2025-06-07,23,224.02,224.02,Clean-Paid,,False
2955,3372,4,540,15,2,In-Network,2024-25,2025-05-14,2025-05-18,2025-06-19,32,69.68,0.0,Denied,Frequency Limit Exceeded,False
2956,2256,32,99,12,1,In-Network,2024-25,2025-05-14,2025-05-14,2025-06-17,34,138.45,138.45,Clean-Paid,,False
2957,2049,8,15,19,1,Out-of-Network,2024-25,2025-05-14,2025-05-19,2025-07-07,49,178.82,178.82,Clean-Paid,,False
2958,3701,25,668,5,9,In-Network,2024-25,2025-05-15,2025-05-15,2025-07-02,48,162.16,162.16,Clean-Paid,,False
2959,3638,30,644,19,5,In-Network,2024-25,2025-05-15,2025-05-18,2025-06-13,26,66.46,66.46,Clean-Paid,,False
2960,3655,5,650,10,4,In-Network,2024-25,2025-05-15,2025-05-19,2025-06-21,33,172.57,172.57,Clean-Paid,,False
2961,2855,5,333,13,4,In-Network,2024-25,2025-05-16,2025-05-16,2025-06-25,40,224.02,224.02,Clean-Paid,,False
2962,3433,2,563,10,9,In-Network,2024-25,2025-05-16,2025-05-19,2025-06-26,38,223.08,223.08,Clean-Paid,,False
2963,3134,35,444,19,7,In-Network,2024-25,2025-05-16,2025-05-16,2025-06-19,34,138.45,138.45,Clean-Paid,,False
2964,3773,30,696,8,5,In-Network,2024-25,2025-05-16,2025-05-17,2025-06-16,30,138.45,138.45,Clean-Paid,,False
2965,3132,27,443,15,9,In-Network,2024-25,2025-05-19,2025-05-22,2025-07-10,49,223.08,223.08,Clean-Paid,,False
2966,3374,4,541,4,2,In-Network,2024-25,2025-05-19,2025-05-23,2025-06-19,27,138.45,138.45,Clean-Paid,,False
2967,3401,15,551,17,1,Out-of-Network,2024-25,2025-05-19,2025-05-24,2025-06-29,36,108.93,108.93,Clean-Paid,,False
2968,2137,15,50,1,1,In-Network,2024-25,2025-05-19,2025-05-21,2025-06-25,35,88.0,88.0,Clean-Paid,,False
2969,2695,29,270,20,5,In-Network,2024-25,2025-05-19,2025-05-22,2025-06-21,30,143.9,143.9,Clean-Paid,,False
2970,3437,2,564,13,9,In-Network,2024-25,2025-05-19,2025-05-22,2025-07-16,55,172.57,172.57,Clean-Paid,,False
2971,2110,16,40,3,7,In-Network,2024-25,2025-05-19,2025-05-23,2025-07-04,42,138.45,138.45,Clean-Paid,,False
2972,3255,16,494,18,7,In-Network,2024-25,2025-05-19,2025-05-19,2025-06-25,37,327.68,327.68,Clean-Paid,,True
2973,2444,32,175,10,1,In-Network,2024-25,2025-05-19,2025-05-21,2025-07-01,41,233.13,233.13,Clean-Paid,,False
2974,3965,23,774,19,5,In-Network,2024-25,2025-05-19,2025-05-23,2025-06-15,23,254.28,0.0,Denied,Prior Auth Required,False
2975,2597,19,231,14,9,In-Network,2024-25,2025-05-19,2025-05-24,2025-07-17,54,224.02,224.02,Clean-Paid,,False
2976,3990,25,783,18,9,In-Network,2024-25,2025-05-19,2025-05-20,2025-07-12,53,199.17,199.17,Clean-Paid,,False
2977,2405,22,159,16,6,Out-of-Network,2024-25,2025-05-19,2025-05-23,2025-06-18,26,258.13,0.0,Denied,Coverage Terminated,False
2978,3117,18,437,10,1,In-Network,2024-25,2025-05-19,2025-05-20,2025-07-06,47,107.25,107.25,Clean-Paid,,False
2979,2918,12,356,16,9,In-Network,2024-25,2025-05-19,2025-05-24,2025-07-08,45,138.45,138.45,Clean-Paid,,False
2980,3355,31,532,2,2,In-Network,2024-25,2025-05-19,2025-05-21,2025-07-02,42,208.0,208.0,Clean-Paid,,False
2981,2195,34,75,19,2,In-Network,2024-25,2025-05-19,2025-05-21,2025-06-16,26,107.25,107.25,Clean-Paid,,False
2982,2704,29,274,10,5,In-Network,2024-25,2025-05-19,2025-05-19,2025-06-25,37,138.45,138.45,Clean-Paid,,False
2983,2334,35,133,12,7,In-Network,2024-25,2025-05-19,2025-05-23,2025-06-26,34,107.25,107.25,Clean-Paid,,False
2984,2941,13,364,16,4,In-Network,2024-25,2025-05-20,2025-05-22,2025-07-10,49,138.45,138.45,Clean-Paid,,False
2985,2066,21,23,15,2,In-Network,2024-25,2025-05-20,2025-05-22,2025-07-01,40,137.51,137.51,Clean-Paid,,False
2986,3130,27,441,11,9,In-Network,2024-25,2025-05-20,2025-05-23,2025-07-02,40,167.74,167.74,Clean-Paid,,False
2987,2207,2,79,18,9,In-Network,2024-25,2025-05-20,2025-05-24,2025-07-14,51,213.58,213.58,Clean-Paid,,False
2988,2143,15,53,9,1,Out-of-Network,2024-25,2025-05-20,2025-05-24,2025-06-27,34,113.22,113.22,Clean-Paid,,False
2989,4023,32,795,15,1,In-Network,2024-25,2025-05-20,2025-05-20,2025-06-29,40,729.71,729.71,Clean-Paid,,True
2990,3974,15,777,19,1,Out-of-Network,2024-25,2025-05-21,2025-05-24,2025-07-10,47,137.81,137.81,Clean-Paid,,False
2991,2503,3,200,11,1,Out-of-Network,2024-25,2025-05-21,2025-05-21,2025-07-08,48,178.82,178.82,Clean-Paid,,False
2992,2227,26,86,19,4,In-Network,2024-25,2025-05-21,2025-05-21,2025-06-30,40,69.68,69.68,Clean-Paid,,False
2993,2117,16,42,12,7,In-Network,2024-25,2025-05-21,2025-05-24,2025-06-25,32,168.71,168.71,Clean-Paid,,False
2994,2455,24,179,7,8,In-Network,2024-25,2025-05-21,2025-05-24,2025-07-01,38,130.82,130.82,Clean-Paid,,False
2995,2359,32,141,14,1,Out-of-Network,2024-25,2025-05-21,2025-05-24,2025-06-26,33,254.46,254.46,Clean-Paid,,False
2996,3947,35,765,14,7,In-Network,2024-25,2025-05-21,2025-05-25,2025-07-07,43,137.51,137.51,Clean-Paid,,False
2997,2970,19,377,7,9,In-Network,2024-25,2025-05-22,2025-05-25,2025-07-18,54,224.02,224.02,Clean-Paid,,False
2998,3135,35,444,19,7,In-Network,2024-25,2025-05-22,2025-05-23,2025-06-20,28,172.57,172.57,Clean-Paid,,False
2999,3310,24,514,9,8,In-Network,2024-25,2025-05-22,2025-05-23,2025-06-21,29,238.97,238.97,Clean-Paid,,False
3000,2463,24,183,15,8,In-Network,2024-25,2025-05-22,2025-05-26,2025-07-01,36,107.25,107.25,Clean-Paid,,False
3001,2791,34,306,4,2,In-Network,2024-25,2025-05-22,2025-05-25,2025-06-25,31,138.45,138.45,Clean-Paid,,False
3002,2184,3,71,20,1,Out-of-Network,2024-25,2025-05-22,2025-05-23,2025-07-02,40,178.82,178.82,Clean-Paid,,False
3003,2088,12,32,20,9,In-Network,2024-25,2025-05-23,2025-05-27,2025-07-15,49,386.62,386.62,Clean-Paid,,True
3004,2297,4,116,16,2,In-Network,2024-25,2025-05-23,2025-05-25,2025-06-23,29,138.45,138.45,Clean-Paid,,False
3005,3077,10,422,5,9,In-Network,2024-25,2025-05-23,2025-05-24,2025-07-17,54,138.45,0.0,Denied,Max Benefit Exceeded,False
3006,4005,31,789,7,2,In-Network,2024-25,2025-05-23,2025-05-28,2025-06-29,32,138.45,0.0,Denied,Coding Error,False
3007,3397,15,550,2,1,Out-of-Network,2024-25,2025-05-23,2025-05-26,2025-07-01,36,284.64,284.64,Clean-Paid,,False
3008,2639,5,245,18,4,In-Network,2024-25,2025-05-23,2025-05-26,2025-07-04,39,192.82,0.0,Denied,Timely Filing Expired,False
3009,3585,33,627,14,8,In-Network,2024-25,2025-05-26,2025-05-26,2025-06-26,31,213.58,0.0,Denied,Prior Auth Required,False
3010,2416,34,164,4,2,In-Network,2024-25,2025-05-26,2025-05-29,2025-07-09,41,68.47,68.47,Clean-Paid,,False
3011,2608,8,234,20,1,Out-of-Network,2024-25,2025-05-26,2025-05-30,2025-07-13,44,76.95,76.95,Clean-Paid,,False
3012,2348,32,138,12,1,In-Network,2024-25,2025-05-26,2025-05-31,2025-07-08,38,224.02,224.02,Clean-Paid,,False
3013,3342,32,526,19,1,Out-of-Network,2024-25,2025-05-26,2025-05-31,2025-07-17,47,285.94,285.94,Clean-Paid,,False
3014,3724,25,678,3,9,In-Network,2024-25,2025-05-26,2025-05-27,2025-07-08,42,102.16,102.16,Clean-Paid,,False
3015,2691,29,269,17,5,In-Network,2024-25,2025-05-26,2025-05-27,2025-07-06,40,34.38,34.38,Clean-Paid,,False
3016,2733,10,285,12,9,In-Network,2024-25,2025-05-26,2025-05-28,2025-07-09,42,138.45,138.45,Clean-Paid,,False
3017,3649,5,648,18,4,In-Network,2024-25,2025-05-26,2025-05-28,2025-07-07,40,182.17,182.17,Clean-Paid,,False
3018,3442,25,566,14,9,In-Network,2024-25,2025-05-26,2025-05-31,2025-07-10,40,218.97,218.97,Clean-Paid,,False
3019,2232,26,88,13,4,In-Network,2024-25,2025-05-26,2025-05-28,2025-07-08,41,107.25,107.25,Clean-Paid,,False
3020,2125,30,46,7,5,In-Network,2024-25,2025-05-26,2025-05-26,2025-06-30,35,137.51,137.51,Clean-Paid,,False
3021,3234,1,487,9,4,Out-of-Network,2024-25,2025-05-26,2025-05-28,2025-07-10,43,298.04,298.04,Clean-Paid,,False
3022,2328,35,131,10,7,In-Network,2024-25,2025-05-26,2025-05-26,2025-07-05,40,138.45,138.45,Clean-Paid,,False
3023,2326,35,130,9,7,In-Network,2024-25,2025-05-26,2025-05-27,2025-06-24,28,138.45,138.45,Clean-Paid,,False
3024,2331,35,132,6,7,In-Network,2024-25,2025-05-26,2025-05-30,2025-07-02,33,98.06,98.06,Clean-Paid,,False
3025,3013,30,398,8,5,In-Network,2024-25,2025-05-26,2025-05-30,2025-06-24,25,138.45,138.45,Clean-Paid,,False
3026,3913,31,753,5,2,In-Network,2024-25,2025-05-26,2025-05-29,2025-07-08,40,173.58,173.58,Clean-Paid,,False
3027,2785,11,304,12,5,In-Network,2024-25,2025-05-26,2025-05-26,2025-06-23,28,526.18,0.0,Denied,Prior Auth Required,True
3028,3675,6,658,11,8,In-Network,2024-25,2025-05-26,2025-05-27,2025-06-26,30,148.0,148.0,Clean-Paid,,False
3029,3289,16,508,5,7,In-Network,2024-25,2025-05-26,2025-05-27,2025-06-22,26,182.17,182.17,Clean-Paid,,False
3030,2730,3,284,11,1,Out-of-Network,2024-25,2025-05-27,2025-05-29,2025-07-12,44,178.82,178.82,Clean-Paid,,False
3031,3659,2,652,2,9,In-Network,2024-25,2025-05-27,2025-05-30,2025-07-23,54,213.37,213.37,Clean-Paid,,False
3032,2854,9,332,15,6,In-Network,2024-25,2025-05-27,2025-05-27,2025-06-20,24,138.45,138.45,Clean-Paid,,False
3033,2793,34,307,9,2,In-Network,2024-25,2025-05-28,2025-06-01,2025-07-13,42,224.02,224.02,Clean-Paid,,False
3034,2623,8,239,4,1,Out-of-Network,2024-25,2025-05-28,2025-05-28,2025-07-14,47,0.0,0.0,Clean-Paid,,False
3035,3606,14,633,16,4,In-Network,2024-25,2025-05-28,2025-05-31,2025-07-15,45,178.15,178.15,Clean-Paid,,False
3036,3657,2,651,6,9,In-Network,2024-25,2025-05-28,2025-05-28,2025-07-22,55,103.9,103.9,Clean-Paid,,False
3037,3766,8,694,16,1,Out-of-Network,2024-25,2025-05-28,2025-05-29,2025-07-11,43,311.54,311.54,Clean-Paid,,False
3038,3382,18,545,11,1,Out-of-Network,2024-25,2025-05-28,2025-06-02,2025-07-10,38,178.82,178.82,Clean-Paid,,False
3039,3191,31,468,18,2,In-Network,2024-25,2025-05-28,2025-05-29,2025-07-07,39,122.16,0.0,Denied,Coverage Terminated,False
3040,3226,1,484,2,4,Out-of-Network,2024-25,2025-05-28,2025-05-31,2025-07-12,42,285.94,0.0,Denied,Timely Filing Expired,False
3041,2840,34,326,10,2,In-Network,2024-25,2025-05-29,2025-05-31,2025-06-30,30,203.54,203.54,Clean-Paid,,False
3042,3081,21,423,16,2,In-Network,2024-25,2025-05-29,2025-06-03,2025-06-29,26,138.45,138.45,Clean-Paid,,False
3043,2735,10,286,4,9,In-Network,2024-25,2025-05-29,2025-05-30,2025-07-19,50,224.02,224.02,Clean-Paid,,False
3044,2583,21,226,5,2,In-Network,2024-25,2025-05-30,2025-06-01,2025-07-09,38,29.68,0.0,Denied,Prior Auth Required,False
3045,3312,24,515,17,8,In-Network,2024-25,2025-05-30,2025-06-02,2025-07-14,42,137.51,137.51,Clean-Paid,,False
3046,3632,9,642,14,6,Out-of-Network,2024-25,2025-05-30,2025-05-31,2025-06-25,25,338.37,0.0,Denied,Missing X-Ray,False
3047,3712,2,672,16,9,In-Network,2024-25,2025-06-02,2025-06-07,2025-07-20,43,206.53,206.53,Clean-Paid,,False
3048,3521,11,601,3,5,In-Network,2024-25,2025-06-02,2025-06-02,2025-07-04,32,138.45,138.45,Clean-Paid,,False
3049,3315,24,516,1,8,In-Network,2024-25,2025-06-02,2025-06-04,2025-07-10,36,107.25,107.25,Clean-Paid,,False
3050,3627,9,640,15,6,In-Network,2024-25,2025-06-02,2025-06-06,2025-07-16,40,23.9,23.9,Clean-Paid,,False
3051,2307,6,120,17,8,In-Network,2024-25,2025-06-02,2025-06-02,2025-07-04,32,371.62,371.62,Clean-Paid,,True
3052,2412,29,162,15,5,In-Network,2024-25,2025-06-02,2025-06-03,2025-06-27,24,252.37,252.37,Clean-Paid,,False
3053,2330,35,131,10,7,In-Network,2024-25,2025-06-02,2025-06-03,2025-07-10,37,243.54,243.54,Clean-Paid,,False
3054,2410,29,162,15,5,In-Network,2024-25,2025-06-02,2025-06-02,2025-07-05,33,138.45,138.45,Clean-Paid,,False
3055,3506,31,595,18,2,In-Network,2024-25,2025-06-02,2025-06-07,2025-07-10,33,138.45,138.45,Clean-Paid,,False
3056,3979,22,779,10,6,In-Network,2024-25,2025-06-02,2025-06-06,2025-07-04,28,813.65,0.0,Denied,Prior Auth Required,True
3057,4009,31,790,12,2,In-Network,2024-25,2025-06-03,2025-06-06,2025-07-08,32,254.28,0.0,Denied,Missing X-Ray,False
3058,3862,14,730,13,4,In-Network,2024-25,2025-06-04,2025-06-08,2025-07-28,50,138.45,138.45,Clean-Paid,,False
3059,2474,1,188,5,4,In-Network,2024-25,2025-06-04,2025-06-05,2025-07-15,40,108.47,108.47,Clean-Paid,,False
3060,2644,29,246,7,5,In-Network,2024-25,2025-06-04,2025-06-09,2025-07-07,28,252.37,252.37,Clean-Paid,,False
3061,2725,3,282,11,1,Out-of-Network,2024-25,2025-06-04,2025-06-05,2025-07-20,45,214.64,214.64,Clean-Paid,,False
3062,3599,20,631,20,4,In-Network,2024-25,2025-06-05,2025-06-10,2025-07-13,33,526.18,526.18,Clean-Paid,,True
3063,3261,21,497,14,2,In-Network,2024-25,2025-06-05,2025-06-05,2025-07-13,38,107.25,107.25,Clean-Paid,,False
3064,3618,35,637,1,7,In-Network,2024-25,2025-06-05,2025-06-10,2025-07-23,43,237.48,237.48,Clean-Paid,,False
3065,3846,28,724,7,3,In-Network,2024-25,2025-06-05,2025-06-09,2025-07-11,32,108.47,108.47,Clean-Paid,,False
3066,3054,30,413,4,5,In-Network,2024-25,2025-06-05,2025-06-07,2025-06-30,23,237.48,237.48,Clean-Paid,,False
3067,3553,30,613,1,5,In-Network,2024-25,2025-06-06,2025-06-08,2025-07-18,40,138.45,138.45,Clean-Paid,,False
3068,2593,9,229,11,6,Out-of-Network,2024-25,2025-06-06,2025-06-11,2025-07-10,29,141.24,141.24,Clean-Paid,,False
3069,2780,27,303,8,9,In-Network,2024-25,2025-06-06,2025-06-11,2025-07-23,42,138.45,138.45,Clean-Paid,,False
3070,3820,2,714,19,9,In-Network,2024-25,2025-06-09,2025-06-09,2025-07-20,41,409.12,0.0,Denied,Prior Auth Required,True
3071,2225,26,86,19,4,In-Network,2024-25,2025-06-09,2025-06-11,2025-07-27,46,223.08,223.08,Clean-Paid,,False
3072,3058,27,414,9,9,In-Network,2024-25,2025-06-09,2025-06-11,2025-08-05,55,100.75,100.75,Clean-Paid,,False
3073,3933,23,760,4,5,In-Network,2024-25,2025-06-09,2025-06-12,2025-07-07,25,208.0,208.0,Clean-Paid,,False
3074,3123,18,439,14,1,Out-of-Network,2024-25,2025-06-09,2025-06-11,2025-07-20,39,190.92,190.92,Clean-Paid,,False
3075,2404,22,158,16,6,Out-of-Network,2024-25,2025-06-09,2025-06-14,2025-07-21,37,190.92,190.92,Clean-Paid,,False
3076,2980,22,381,15,6,In-Network,2024-25,2025-06-09,2025-06-11,2025-07-14,33,218.97,218.97,Clean-Paid,,False
3077,2796,34,308,18,2,In-Network,2024-25,2025-06-09,2025-06-10,2025-07-23,43,254.28,254.28,Clean-Paid,,False
3078,2871,31,337,2,2,In-Network,2024-25,2025-06-09,2025-06-11,2025-07-20,39,95.07,95.07,Clean-Paid,,False
3079,2815,17,316,12,5,In-Network,2024-25,2025-06-09,2025-06-09,2025-07-16,37,199.17,199.17,Clean-Paid,,False
3080,2804,34,311,8,2,In-Network,2024-25,2025-06-10,2025-06-15,2025-07-15,30,98.06,0.0,Denied,Prior Auth Required,False
3081,3749,4,688,4,2,In-Network,2024-25,2025-06-11,2025-06-12,2025-07-19,37,138.45,138.45,Clean-Paid,,False
3082,3930,23,759,19,5,In-Network,2024-25,2025-06-11,2025-06-11,2025-07-15,34,138.45,138.45,Clean-Paid,,False
3083,3232,1,486,3,4,Out-of-Network,2024-25,2025-06-11,2025-06-11,2025-07-27,46,170.12,0.0,Denied,Max Benefit Exceeded,False
3084,3509,31,596,5,2,In-Network,2024-25,2025-06-11,2025-06-16,2025-07-20,34,58.06,58.06,Clean-Paid,,False
3085,3199,29,471,3,5,In-Network,2024-25,2025-06-11,2025-06-13,2025-07-23,40,138.45,138.45,Clean-Paid,,False
3086,3755,4,691,10,2,In-Network,2024-25,2025-06-11,2025-06-16,2025-07-19,33,138.45,138.45,Clean-Paid,,False
3087,3045,30,409,17,5,In-Network,2024-25,2025-06-12,2025-06-14,2025-07-24,40,138.45,0.0,Denied,Missing X-Ray,False
3088,3231,1,486,3,4,Out-of-Network,2024-25,2025-06-13,2025-06-16,2025-07-31,45,258.13,258.13,Clean-Paid,,False
3089,3236,1,487,9,4,Out-of-Network,2024-25,2025-06-13,2025-06-17,2025-07-22,35,141.24,141.24,Clean-Paid,,False
3090,3834,3,719,10,1,In-Network,2024-25,2025-06-13,2025-06-18,2025-07-26,38,143.9,143.9,Clean-Paid,,False
3091,4001,19,787,13,9,In-Network,2024-25,2025-06-13,2025-06-18,2025-07-30,42,223.08,223.08,Clean-Paid,,False
3092,3492,15,589,3,1,In-Network,2024-25,2025-06-13,2025-06-17,2025-08-02,46,224.02,224.02,Clean-Paid,,False
3093,3353,31,532,2,2,In-Network,2024-25,2025-06-16,2025-06-19,2025-07-16,27,107.25,107.25,Clean-Paid,,False
3094,3686,6,662,17,8,In-Network,2024-25,2025-06-16,2025-06-21,2025-07-23,32,133.78,133.78,Clean-Paid,,False
3095,3778,30,698,4,5,In-Network,2024-25,2025-06-16,2025-06-21,2025-07-14,23,138.45,138.45,Clean-Paid,,False
3096,3324,27,519,16,9,In-Network,2024-25,2025-06-16,2025-06-17,2025-07-26,39,138.45,138.45,Clean-Paid,,False
3097,2631,5,241,12,4,Out-of-Network,2024-25,2025-06-16,2025-06-21,2025-07-27,36,141.24,141.24,Clean-Paid,,False
3098,4027,32,796,14,1,Out-of-Network,2024-25,2025-06-16,2025-06-17,2025-07-22,35,156.95,156.95,Clean-Paid,,False
3099,3715,2,673,20,9,In-Network,2024-25,2025-06-16,2025-06-21,2025-08-14,54,107.25,107.25,Clean-Paid,,False
3100,3827,3,717,18,1,In-Network,2024-25,2025-06-16,2025-06-19,2025-08-07,49,224.02,0.0,Denied,Coding Error,False
3101,3988,25,783,18,9,In-Network,2024-25,2025-06-16,2025-06-18,2025-07-29,41,224.02,224.02,Clean-Paid,,False
3102,3940,35,763,6,7,In-Network,2024-25,2025-06-16,2025-06-16,2025-07-24,38,224.02,224.02,Clean-Paid,,False
3103,2471,8,186,19,1,Out-of-Network,2024-25,2025-06-16,2025-06-20,2025-07-25,35,284.64,284.64,Clean-Paid,,False
3104,2162,3,62,12,1,In-Network,2024-25,2025-06-16,2025-06-19,2025-07-27,38,122.16,122.16,Clean-Paid,,False
3105,2591,9,229,11,6,Out-of-Network,2024-25,2025-06-16,2025-06-16,2025-07-24,38,178.82,178.82,Clean-Paid,,False
3106,2483,21,191,8,2,In-Network,2024-25,2025-06-17,2025-06-20,2025-07-30,40,103.96,103.96,Clean-Paid,,False
3107,3169,1,459,19,4,In-Network,2024-25,2025-06-17,2025-06-17,2025-08-04,48,138.45,138.45,Clean-Paid,,False
3108,3470,16,578,5,7,In-Network,2024-25,2025-06-17,2025-06-21,2025-08-02,42,138.45,138.45,Clean-Paid,,False
3109,3577,32,625,4,1,Out-of-Network,2024-25,2025-06-17,2025-06-20,2025-07-23,33,178.82,178.82,Clean-Paid,,False
3110,3082,21,423,16,2,In-Network,2024-25,2025-06-17,2025-06-21,2025-07-31,40,172.57,172.57,Clean-Paid,,False
3111,2388,25,151,19,9,In-Network,2024-25,2025-06-17,2025-06-21,2025-07-31,40,224.02,224.02,Clean-Paid,,False
3112,3800,24,707,11,8,In-Network,2024-25,2025-06-18,2025-06-19,2025-07-19,30,223.08,223.08,Clean-Paid,,False
3113,3851,7,726,5,7,In-Network,2024-25,2025-06-18,2025-06-21,2025-07-19,28,138.45,138.45,Clean-Paid,,False
3114,2679,16,264,12,7,In-Network,2024-25,2025-06-18,2025-06-20,2025-08-02,43,18.06,18.06,Clean-Paid,,False
3115,3305,31,513,3,2,In-Network,2024-25,2025-06-19,2025-06-20,2025-07-25,35,224.02,224.02,Clean-Paid,,False
3116,3695,10,666,2,9,In-Network,2024-25,2025-06-19,2025-06-21,2025-08-10,50,138.45,138.45,Clean-Paid,,False
3117,2753,9,292,2,6,Out-of-Network,2024-25,2025-06-19,2025-06-23,2025-07-28,35,151.01,151.01,Clean-Paid,,False
3118,2366,22,143,6,6,In-Network,2024-25,2025-06-19,2025-06-20,2025-07-14,24,135.07,135.07,Clean-Paid,,False
3119,3825,7,716,1,7,In-Network,2024-25,2025-06-20,2025-06-23,2025-08-02,40,107.25,107.25,Clean-Paid,,False
3120,2280,1,109,5,4,In-Network,2024-25,2025-06-23,2025-06-25,2025-07-29,34,252.37,252.37,Clean-Paid,,False
3121,3782,33,699,20,8,In-Network,2024-25,2025-06-23,2025-06-23,2025-08-06,44,138.45,138.45,Clean-Paid,,False
3122,3776,30,697,1,5,In-Network,2024-25,2025-06-23,2025-06-26,2025-07-26,30,48.47,48.47,Clean-Paid,,False
3123,2973,19,378,3,9,In-Network,2024-25,2025-06-23,2025-06-23,2025-07-31,38,68.47,68.47,Clean-Paid,,False
3124,3502,15,594,7,1,In-Network,2024-25,2025-06-23,2025-06-28,2025-08-04,37,107.25,107.25,Clean-Paid,,False
3125,2856,5,333,13,4,In-Network,2024-25,2025-06-23,2025-06-27,2025-08-15,49,0.0,0.0,Clean-Paid,,False
3126,2560,20,219,20,4,In-Network,2024-25,2025-06-23,2025-06-23,2025-08-07,45,223.08,223.08,Clean-Paid,,False
3127,3329,27,521,4,9,In-Network,2024-25,2025-06-23,2025-06-27,2025-08-15,49,223.08,223.08,Clean-Paid,,False
3128,3524,11,602,12,5,In-Network,2024-25,2025-06-23,2025-06-27,2025-07-27,30,107.25,107.25,Clean-Paid,,False
3129,3488,35,586,6,7,In-Network,2024-25,2025-06-23,2025-06-25,2025-07-21,26,223.08,223.08,Clean-Paid,,False
3130,3941,35,763,6,7,In-Network,2024-25,2025-06-23,2025-06-27,2025-07-31,34,213.58,213.58,Clean-Paid,,False
3131,3780,30,698,4,5,In-Network,2024-25,2025-06-24,2025-06-27,2025-07-26,29,108.47,108.47,Clean-Paid,,False
3132,3757,4,692,9,2,In-Network,2024-25,2025-06-25,2025-06-27,2025-07-29,32,151.91,151.91,Clean-Paid,,False
3133,2513,6,203,18,8,In-Network,2024-25,2025-06-25,2025-06-25,2025-08-03,39,572.62,572.62,Clean-Paid,,True
3134,2138,15,51,15,1,In-Network,2024-25,2025-06-25,2025-06-25,2025-08-08,44,224.02,224.02,Clean-Paid,,False
3135,3515,31,598,2,2,In-Network,2024-25,2025-06-25,2025-06-30,2025-08-06,37,199.17,199.17,Clean-Paid,,False
3136,2312,3,124,14,1,Out-of-Network,2024-25,2025-06-25,2025-06-28,2025-08-10,43,252.42,252.42,Clean-Paid,,False
3137,3385,18,546,14,1,Out-of-Network,2024-25,2025-06-25,2025-06-27,2025-07-29,32,174.46,174.46,Clean-Paid,,False
3138,2061,21,21,3,2,In-Network,2024-25,2025-06-26,2025-06-27,2025-08-01,35,224.02,224.02,Clean-Paid,,False
3139,2374,22,146,20,6,Out-of-Network,2024-25,2025-06-26,2025-06-29,2025-07-31,32,197.81,197.81,Clean-Paid,,False
3140,2604,19,233,11,9,In-Network,2024-25,2025-06-26,2025-06-29,2025-08-20,52,172.57,172.57,Clean-Paid,,False
3141,2939,29,363,1,5,In-Network,2024-25,2025-06-26,2025-06-27,2025-07-25,28,102.16,102.16,Clean-Paid,,False
3142,2213,6,81,18,8,In-Network,2024-25,2025-06-26,2025-07-01,2025-08-03,33,138.45,138.45,Clean-Paid,,False
3143,3460,22,574,10,6,In-Network,2024-25,2025-06-26,2025-06-26,2025-07-26,30,138.45,138.45,Clean-Paid,,False
3144,3024,28,401,3,3,In-Network,2024-25,2025-06-26,2025-06-29,2025-07-27,28,127.74,127.74,Clean-Paid,,False
3145,3296,14,510,16,4,In-Network,2024-25,2025-06-27,2025-06-29,2025-08-03,35,224.02,224.02,Clean-Paid,,False
3146,3170,1,459,19,4,In-Network,2024-25,2025-06-30,2025-06-30,2025-08-09,40,162.16,0.0,Denied,Coverage Terminated,False
3147,2295,4,115,15,2,In-Network,2024-25,2025-06-30,2025-07-03,2025-08-09,37,55.07,55.07,Clean-Paid,,False
3148,2114,16,41,14,7,In-Network,2024-25,2025-06-30,2025-07-01,2025-08-11,41,199.17,199.17,Clean-Paid,,False
3149,2448,32,176,4,1,Out-of-Network,2024-25,2025-06-30,2025-07-05,2025-08-23,49,244.64,0.0,Denied,Coverage Terminated,False
3150,3621,35,638,8,7,In-Network,2024-25,2025-06-30,2025-07-05,2025-08-06,32,151.91,151.91,Clean-Paid,,False
3151,3450,17,570,18,5,In-Network,2024-25,2025-06-30,2025-06-30,2025-08-04,35,137.51,137.51,Clean-Paid,,False
3152,2071,21,25,4,2,In-Network,2024-25,2025-06-30,2025-06-30,2025-08-12,43,138.45,138.45,Clean-Paid,,False
3153,3096,31,429,16,2,In-Network,2024-25,2025-06-30,2025-07-02,2025-08-09,38,138.45,138.45,Clean-Paid,,False
3154,2974,19,379,18,9,In-Network,2024-25,2025-06-30,2025-07-02,2025-08-17,46,192.82,192.82,Clean-Paid,,False
3155,2667,21,257,12,2,In-Network,2024-25,2025-06-30,2025-06-30,2025-08-04,35,187.9,187.9,Clean-Paid,,False
3156,2142,15,53,9,1,Out-of-Network,2024-25,2025-06-30,2025-07-01,2025-08-11,41,190.92,190.92,Clean-Paid,,False
3157,2486,21,192,10,2,In-Network,2024-25,2025-06-30,2025-07-03,2025-08-01,29,137.51,137.51,Clean-Paid,,False
3158,3583,33,627,14,8,In-Network,2024-25,2025-06-30,2025-06-30,2025-08-11,42,138.45,138.45,Clean-Paid,,False
3159,2979,22,381,15,6,In-Network,2024-25,2025-06-30,2025-07-04,2025-08-12,39,162.16,162.16,Clean-Paid,,False
3160,2521,14,206,9,4,Out-of-Network,2024-25,2025-06-30,2025-07-05,2025-08-16,42,137.81,137.81,Clean-Paid,,False
3161,2189,34,72,5,2,In-Network,2024-25,2025-06-30,2025-07-03,2025-08-03,31,208.0,0.0,Denied,Missing X-Ray,False
3162,3900,16,748,7,7,In-Network,2024-25,2025-06-30,2025-07-04,2025-08-10,37,133.58,133.58,Clean-Paid,,False
3163,3890,6,744,2,8,In-Network,2024-25,2025-07-01,2025-07-02,2025-08-08,37,69.68,69.68,Clean-Paid,,False
3164,2867,31,336,6,2,In-Network,2024-25,2025-07-01,2025-07-06,2025-08-05,30,433.08,0.0,Denied,Prior Auth Required,True
3165,2024,10,4,6,9,In-Network,2024-25,2025-07-01,2025-07-01,2025-08-17,47,138.45,138.45,Clean-Paid,,False
3166,2570,21,222,17,2,In-Network,2024-25,2025-07-01,2025-07-02,2025-08-05,34,729.71,0.0,Denied,Prior Auth Required,True
3167,3643,5,646,2,4,Out-of-Network,2024-25,2025-07-02,2025-07-02,2025-08-15,44,311.54,311.54,Clean-Paid,,False
3168,2042,35,12,16,7,In-Network,2024-25,2025-07-02,2025-07-07,2025-08-03,27,138.45,138.45,Clean-Paid,,False
3169,2849,9,330,6,6,In-Network,2024-25,2025-07-02,2025-07-07,2025-08-07,31,138.45,138.45,Clean-Paid,,False
3170,2476,1,189,20,4,In-Network,2024-25,2025-07-03,2025-07-07,2025-08-25,49,224.02,224.02,Clean-Paid,,False
3171,2175,2,66,10,9,In-Network,2024-25,2025-07-03,2025-07-05,2025-08-15,41,138.45,138.45,Clean-Paid,,False
3172,3799,24,706,1,8,In-Network,2024-25,2025-07-03,2025-07-05,2025-08-03,29,182.17,182.17,Clean-Paid,,False
3173,2603,19,232,12,9,In-Network,2024-25,2025-07-03,2025-07-08,2025-08-24,47,252.37,252.37,Clean-Paid,,False
3174,2034,23,8,4,5,In-Network,2024-25,2025-07-03,2025-07-04,2025-07-29,25,138.45,0.0,Denied,Missing X-Ray,False
3175,3915,31,754,12,2,In-Network,2024-25,2025-07-04,2025-07-05,2025-08-02,28,108.47,0.0,Denied,Coverage Terminated,False
3176,2909,9,352,18,6,In-Network,2024-25,2025-07-04,2025-07-09,2025-08-07,29,207.64,0.0,Denied,Frequency Limit Exceeded,False
3177,3882,6,741,10,8,In-Network,2024-25,2025-07-04,2025-07-09,2025-08-15,37,233.13,233.13,Clean-Paid,,False
3178,2392,29,152,11,5,In-Network,2024-25,2025-07-07,2025-07-08,2025-08-02,25,138.45,138.45,Clean-Paid,,False
3179,3163,12,457,9,9,In-Network,2024-25,2025-07-07,2025-07-12,2025-08-22,41,138.45,138.45,Clean-Paid,,False
3180,2511,6,203,18,8,In-Network,2024-25,2025-07-07,2025-07-08,2025-08-20,43,138.45,138.45,Clean-Paid,,False
3181,2932,29,361,11,5,In-Network,2024-25,2025-07-07,2025-07-12,2025-08-05,24,138.45,138.45,Clean-Paid,,False
3182,3925,16,757,4,7,In-Network,2024-25,2025-07-07,2025-07-10,2025-08-21,42,763.65,763.65,Clean-Paid,,True
3183,3496,15,590,20,1,Out-of-Network,2024-25,2025-07-07,2025-07-12,2025-08-13,32,141.42,141.42,Clean-Paid,,False
3184,3271,35,502,20,7,In-Network,2024-25,2025-07-07,2025-07-12,2025-08-11,30,138.45,138.45,Clean-Paid,,False
3185,2663,32,255,1,1,In-Network,2024-25,2025-07-07,2025-07-09,2025-08-23,45,254.28,254.28,Clean-Paid,,False
3186,3212,28,477,20,3,In-Network,2024-25,2025-07-07,2025-07-11,2025-08-09,29,224.02,224.02,Clean-Paid,,False
3187,2807,7,312,12,7,In-Network,2024-25,2025-07-07,2025-07-07,2025-08-09,33,138.45,138.45,Clean-Paid,,False
3188,3744,27,686,9,9,In-Network,2024-25,2025-07-07,2025-07-12,2025-08-31,50,88.0,88.0,Clean-Paid,,False
3189,2457,24,180,7,8,In-Network,2024-25,2025-07-08,2025-07-10,2025-08-22,43,138.45,138.45,Clean-Paid,,False
3190,3878,8,738,4,1,Out-of-Network,2024-25,2025-07-08,2025-07-11,2025-08-15,35,298.04,298.04,Clean-Paid,,False
3191,2371,22,145,6,6,In-Network,2024-25,2025-07-08,2025-07-11,2025-08-17,37,137.51,137.51,Clean-Paid,,False
3192,3192,31,469,18,2,In-Network,2024-25,2025-07-09,2025-07-14,2025-08-23,40,237.48,237.48,Clean-Paid,,False
3193,2535,21,211,18,2,In-Network,2024-25,2025-07-09,2025-07-13,2025-08-08,26,162.16,0.0,Denied,Prior Auth Required,False
3194,2191,34,73,10,2,In-Network,2024-25,2025-07-09,2025-07-13,2025-08-11,29,138.45,138.45,Clean-Paid,,False
3195,2879,28,340,14,3,In-Network,2024-25,2025-07-09,2025-07-11,2025-08-12,32,461.62,0.0,Denied,Prior Auth Required,True
3196,3069,10,418,13,9,In-Network,2024-25,2025-07-09,2025-07-14,2025-08-24,41,138.45,138.45,Clean-Paid,,False
3197,3752,4,690,20,2,In-Network,2024-25,2025-07-10,2025-07-11,2025-08-14,34,107.25,107.25,Clean-Paid,,False
3198,3187,31,466,16,2,In-Network,2024-25,2025-07-10,2025-07-11,2025-08-19,39,138.45,138.45,Clean-Paid,,False
3199,2933,29,361,11,5,In-Network,2024-25,2025-07-10,2025-07-11,2025-08-20,40,107.74,107.74,Clean-Paid,,False
3200,3819,2,714,19,9,In-Network,2024-25,2025-07-10,2025-07-12,2025-08-26,45,138.45,138.45,Clean-Paid,,False
3201,2365,22,143,6,6,In-Network,2024-25,2025-07-10,2025-07-11,2025-08-05,25,224.02,224.02,Clean-Paid,,False
3202,2993,11,388,15,5,In-Network,2024-25,2025-07-10,2025-07-12,2025-08-09,28,138.45,138.45,Clean-Paid,,False
3203,3003,4,393,9,2,In-Network,2024-25,2025-07-10,2025-07-10,2025-08-11,32,199.17,199.17,Clean-Paid,,False
3204,3036,10,406,17,9,In-Network,2024-25,2025-07-10,2025-07-12,2025-08-21,40,138.45,138.45,Clean-Paid,,False
3205,2147,30,55,19,5,In-Network,2024-25,2025-07-10,2025-07-10,2025-08-03,24,138.45,0.0,Denied,Max Benefit Exceeded,False
3206,3571,32,623,5,1,In-Network,2024-25,2025-07-11,2025-07-13,2025-08-23,41,267.74,0.0,Denied,Frequency Limit Exceeded,False
3207,2719,3,280,5,1,In-Network,2024-25,2025-07-11,2025-07-14,2025-08-16,33,138.45,138.45,Clean-Paid,,False
3208,3993,25,784,18,9,In-Network,2024-25,2025-07-11,2025-07-15,2025-09-01,48,118.32,118.32,Clean-Paid,,False
3209,3403,15,552,1,1,In-Network,2024-25,2025-07-11,2025-07-13,2025-08-16,34,138.45,138.45,Clean-Paid,,False
3210,2633,5,242,16,4,In-Network,2024-25,2025-07-11,2025-07-14,2025-08-27,44,223.08,223.08,Clean-Paid,,False
3211,3482,16,582,14,7,In-Network,2024-25,2025-07-14,2025-07-18,2025-08-27,40,359.12,359.12,Clean-Paid,,True
3212,2814,17,316,12,5,In-Network,2024-25,2025-07-14,2025-07-19,2025-08-17,29,224.02,224.02,Clean-Paid,,False
3213,3350,31,531,14,2,In-Network,2024-25,2025-07-14,2025-07-19,2025-08-27,39,138.45,138.45,Clean-Paid,,False
3214,2060,21,20,5,2,In-Network,2024-25,2025-07-14,2025-07-19,2025-08-26,38,29.68,29.68,Clean-Paid,,False
3215,3043,30,408,14,5,In-Network,2024-25,2025-07-14,2025-07-18,2025-08-11,24,75.07,75.07,Clean-Paid,,False
3216,2700,29,273,18,5,In-Network,2024-25,2025-07-14,2025-07-16,2025-08-15,30,138.45,138.45,Clean-Paid,,False
3217,2887,6,343,19,8,In-Network,2024-25,2025-07-14,2025-07-17,2025-08-23,37,241.96,241.96,Clean-Paid,,False
3218,3183,31,465,1,2,In-Network,2024-25,2025-07-14,2025-07-15,2025-08-26,42,151.91,151.91,Clean-Paid,,False
3219,2308,3,122,20,1,Out-of-Network,2024-25,2025-07-14,2025-07-15,2025-09-02,49,311.54,311.54,Clean-Paid,,False
3220,3597,20,631,20,4,In-Network,2024-25,2025-07-14,2025-07-17,2025-09-03,48,10.83,10.83,Clean-Paid,,False
3221,2528,9,209,18,6,In-Network,2024-25,2025-07-15,2025-07-19,2025-08-20,32,102.54,102.54,Clean-Paid,,False
3222,2482,21,191,8,2,In-Network,2024-25,2025-07-15,2025-07-16,2025-08-23,38,138.45,138.45,Clean-Paid,,False
3223,2202,2,77,16,9,In-Network,2024-25,2025-07-15,2025-07-15,2025-08-22,38,138.45,138.45,Clean-Paid,,False
3224,2180,3,68,11,1,Out-of-Network,2024-25,2025-07-15,2025-07-17,2025-08-18,32,178.82,178.82,Clean-Paid,,False
3225,3936,23,761,10,5,In-Network,2024-25,2025-07-15,2025-07-20,2025-08-29,40,424.12,0.0,Denied,Prior Auth Required,True
3226,3508,31,596,5,2,In-Network,2024-25,2025-07-15,2025-07-19,2025-08-22,34,138.45,0.0,Denied,Timely Filing Expired,False
3227,3206,29,475,6,5,In-Network,2024-25,2025-07-15,2025-07-17,2025-08-24,38,267.74,267.74,Clean-Paid,,False
3228,3829,3,718,13,1,In-Network,2024-25,2025-07-16,2025-07-18,2025-08-27,40,224.02,224.02,Clean-Paid,,False
3229,2358,32,141,14,1,Out-of-Network,2024-25,2025-07-16,2025-07-16,2025-09-01,47,178.82,0.0,Denied,Max Benefit Exceeded,False
3230,3889,6,744,2,8,In-Network,2024-25,2025-07-16,2025-07-19,2025-08-31,43,237.48,237.48,Clean-Paid,,False
3231,3961,23,772,13,5,In-Network,2024-25,2025-07-16,2025-07-18,2025-08-13,26,224.02,224.02,Clean-Paid,,False
3232,2047,8,14,2,1,Out-of-Network,2024-25,2025-07-16,2025-07-21,2025-08-31,41,285.94,285.94,Clean-Paid,,False
3233,3120,18,438,6,1,In-Network,2024-25,2025-07-16,2025-07-16,2025-08-26,41,137.51,137.51,Clean-Paid,,False
3234,2949,13,368,20,4,In-Network,2024-25,2025-07-17,2025-07-20,2025-09-03,45,224.02,224.02,Clean-Paid,,False
3235,2401,22,157,6,6,In-Network,2024-25,2025-07-17,2025-07-20,2025-08-13,24,138.45,138.45,Clean-Paid,,False
3236,2153,30,57,9,5,Out-of-Network,2024-25,2025-07-18,2025-07-20,2025-08-18,29,190.92,190.92,Clean-Paid,,False
3237,3278,35,504,18,7,In-Network,2024-25,2025-07-18,2025-07-21,2025-08-24,34,98.06,98.06,Clean-Paid,,False
3238,2423,32,167,20,1,Out-of-Network,2024-25,2025-07-18,2025-07-18,2025-08-29,42,151.01,151.01,Clean-Paid,,False
3239,3968,23,775,1,5,In-Network,2024-25,2025-07-18,2025-07-22,2025-08-17,26,223.08,0.0,Denied,Prior Auth Required,False
3240,3100,31,430,11,2,In-Network,2024-25,2025-07-18,2025-07-23,2025-08-23,31,138.45,138.45,Clean-Paid,,False
3241,3793,33,703,10,8,In-Network,2024-25,2025-07-18,2025-07-20,2025-09-01,43,208.0,208.0,Clean-Paid,,False
3242,2589,21,228,19,2,In-Network,2024-25,2025-07-21,2025-07-26,2025-08-29,34,107.25,107.25,Clean-Paid,,False
3243,3467,16,577,13,7,In-Network,2024-25,2025-07-21,2025-07-23,2025-08-23,31,243.54,243.54,Clean-Paid,,False
3244,2054,8,17,6,1,In-Network,2024-25,2025-07-21,2025-07-21,2025-08-22,32,409.12,0.0,Denied,Prior Auth Required,True
3245,3399,15,551,17,1,Out-of-Network,2024-25,2025-07-21,2025-07-25,2025-09-08,45,258.13,258.13,Clean-Paid,,False
3246,2145,30,54,10,5,In-Network,2024-25,2025-07-21,2025-07-25,2025-08-22,28,224.02,224.02,Clean-Paid,,False
3247,3361,34,535,4,2,In-Network,2024-25,2025-07-21,2025-07-26,2025-08-27,32,224.02,0.0,Denied,Max Benefit Exceeded,False
3248,2601,19,232,12,9,In-Network,2024-25,2025-07-21,2025-07-23,2025-09-13,52,138.45,138.45,Clean-Paid,,False
3249,3141,35,446,8,7,In-Network,2024-25,2025-07-21,2025-07-26,2025-08-21,26,71.88,0.0,Denied,Max Benefit Exceeded,False
3250,2675,16,261,5,7,In-Network,2024-25,2025-07-21,2025-07-21,2025-08-24,34,138.45,138.45,Clean-Paid,,False
3251,3673,6,658,11,8,In-Network,2024-25,2025-07-22,2025-07-25,2025-08-26,32,138.45,138.45,Clean-Paid,,False
3252,2480,1,190,13,4,In-Network,2024-25,2025-07-22,2025-07-24,2025-09-04,42,0.0,0.0,Clean-Paid,,False
3253,4013,31,791,5,2,In-Network,2024-25,2025-07-22,2025-07-25,2025-08-27,33,132.57,132.57,Clean-Paid,,False
3254,3038,10,406,17,9,In-Network,2024-25,2025-07-23,2025-07-24,2025-09-08,46,66.46,66.46,Clean-Paid,,False
3255,2512,6,203,18,8,In-Network,2024-25,2025-07-24,2025-07-27,2025-08-31,35,103.96,103.96,Clean-Paid,,False
3256,3074,10,420,4,9,In-Network,2024-25,2025-07-24,2025-07-24,2025-09-11,49,138.45,138.45,Clean-Paid,,False
3257,2172,2,65,12,9,In-Network,2024-25,2025-07-24,2025-07-25,2025-09-02,39,108.47,108.47,Clean-Paid,,False
3258,2616,8,236,8,1,In-Network,2024-25,2025-07-24,2025-07-25,2025-09-06,43,236.03,236.03,Clean-Paid,,False
3259,2552,20,217,15,4,In-Network,2024-25,2025-07-24,2025-07-25,2025-09-09,46,0.0,0.0,Denied,Max Benefit Exceeded,False
3260,3298,14,510,16,4,In-Network,2024-25,2025-07-24,2025-07-24,2025-09-03,41,207.65,207.65,Clean-Paid,,False
3261,2565,21,221,3,2,In-Network,2024-25,2025-07-24,2025-07-29,2025-08-28,30,138.45,0.0,Denied,Prior Auth Required,False
3262,2852,9,331,6,6,In-Network,2024-25,2025-07-24,2025-07-25,2025-08-20,26,138.45,138.45,Clean-Paid,,False
3263,2870,31,337,2,2,In-Network,2024-25,2025-07-25,2025-07-28,2025-08-31,34,107.25,107.25,Clean-Paid,,False
3264,2929,29,360,6,5,In-Network,2024-25,2025-07-25,2025-07-26,2025-08-18,23,138.45,138.45,Clean-Paid,,False
3265,3494,15,590,20,1,Out-of-Network,2024-25,2025-07-25,2025-07-28,2025-09-04,38,285.94,285.94,Clean-Paid,,False
3266,2944,13,365,3,4,Out-of-Network,2024-25,2025-07-25,2025-07-30,2025-09-15,47,285.94,285.94,Clean-Paid,,False
3267,2044,35,13,10,7,In-Network,2024-25,2025-07-25,2025-07-29,2025-09-03,36,183.11,183.11,Clean-Paid,,False
3268,3030,18,404,11,1,Out-of-Network,2024-25,2025-07-25,2025-07-26,2025-09-10,46,178.82,178.82,Clean-Paid,,False
3269,3085,21,424,16,2,In-Network,2024-25,2025-07-25,2025-07-30,2025-08-29,30,224.02,224.02,Clean-Paid,,False
3270,2293,4,115,15,2,In-Network,2024-25,2025-07-28,2025-07-30,2025-09-06,38,254.28,254.28,Clean-Paid,,False
3271,4022,32,795,15,1,In-Network,2024-25,2025-07-28,2025-08-02,2025-09-05,34,237.48,0.0,Denied,Prior Auth Required,False
3272,2355,32,140,13,1,In-Network,2024-25,2025-07-28,2025-07-29,2025-09-13,46,168.71,168.71,Clean-Paid,,False
3273,3575,32,624,6,1,In-Network,2024-25,2025-07-28,2025-07-30,2025-09-17,49,178.15,178.15,Clean-Paid,,False
3274,3728,25,680,20,9,In-Network,2024-25,2025-07-28,2025-07-28,2025-09-19,53,151.91,151.91,Clean-Paid,,False
3275,3157,12,455,12,9,In-Network,2024-25,2025-07-28,2025-07-28,2025-09-07,41,267.74,267.74,Clean-Paid,,False
3276,2809,7,313,20,7,In-Network,2024-25,2025-07-28,2025-08-02,2025-09-10,39,193.13,193.13,Clean-Paid,,False
3277,3020,28,400,12,3,In-Network,2024-25,2025-07-28,2025-07-29,2025-08-31,33,138.45,0.0,Denied,Missing X-Ray,False
3278,2857,5,333,13,4,In-Network,2024-25,2025-07-28,2025-08-01,2025-09-09,39,108.47,108.47,Clean-Paid,,False
3279,2630,5,241,12,4,Out-of-Network,2024-25,2025-07-28,2025-07-30,2025-09-04,36,178.82,178.82,Clean-Paid,,False
3280,4018,32,793,14,1,Out-of-Network,2024-25,2025-07-29,2025-07-29,2025-09-06,39,178.82,178.82,Clean-Paid,,False
3281,3953,26,769,11,4,In-Network,2024-25,2025-07-29,2025-07-31,2025-09-14,45,224.02,224.02,Clean-Paid,,False
3282,3783,33,699,20,8,In-Network,2024-25,2025-07-29,2025-07-30,2025-09-11,43,135.07,135.07,Clean-Paid,,False
3283,2618,8,237,20,1,Out-of-Network,2024-25,2025-07-29,2025-08-03,2025-09-14,42,151.01,151.01,Clean-Paid,,False
3284,2530,21,210,4,2,In-Network,2024-25,2025-07-29,2025-07-29,2025-09-02,35,224.02,224.02,Clean-Paid,,False
3285,2609,8,234,20,1,Out-of-Network,2024-25,2025-07-29,2025-08-02,2025-09-18,47,113.22,113.22,Clean-Paid,,False
3286,2533,21,211,18,2,In-Network,2024-25,2025-07-30,2025-08-02,2025-09-04,33,224.02,0.0,Denied,Prior Auth Required,False
3287,3894,16,746,19,7,In-Network,2024-25,2025-07-30,2025-07-30,2025-09-06,38,138.45,138.45,Clean-Paid,,False
3288,3684,6,662,17,8,In-Network,2024-25,2025-07-30,2025-08-02,2025-09-17,46,107.25,107.25,Clean-Paid,,False
3289,2773,27,301,16,9,In-Network,2024-25,2025-07-30,2025-08-02,2025-09-09,38,151.91,151.91,Clean-Paid,,False
3290,3387,18,547,8,1,In-Network,2024-25,2025-07-30,2025-08-02,2025-09-15,44,182.17,182.17,Clean-Paid,,False
3291,3674,6,658,11,8,In-Network,2024-25,2025-07-30,2025-08-01,2025-09-10,40,133.78,133.78,Clean-Paid,,False
3292,2316,22,126,16,6,Out-of-Network,2024-25,2025-07-30,2025-08-02,2025-09-04,33,284.64,284.64,Clean-Paid,,False
3293,3978,22,779,10,6,In-Network,2024-25,2025-07-31,2025-07-31,2025-09-06,37,224.02,224.02,Clean-Paid,,False
3294,3435,2,564,13,9,In-Network,2024-25,2025-07-31,2025-08-03,2025-09-22,50,182.17,182.17,Clean-Paid,,False
3295,3176,20,462,10,4,In-Network,2024-25,2025-07-31,2025-08-02,2025-09-14,43,138.45,138.45,Clean-Paid,,False
3296,2345,1,137,20,4,In-Network,2024-25,2025-07-31,2025-08-03,2025-09-16,44,138.45,138.45,Clean-Paid,,False
3297,3420,25,557,9,9,In-Network,2024-25,2025-07-31,2025-08-05,2025-09-18,44,73.78,73.78,Clean-Paid,,False
3298,2922,12,357,12,9,In-Network,2024-25,2025-08-01,2025-08-06,2025-09-25,50,138.45,0.0,Denied,Coverage Terminated,False
3299,3555,30,614,8,5,In-Network,2024-25,2025-08-01,2025-08-06,2025-09-13,38,254.28,254.28,Clean-Paid,,False
3300,2020,24,2,13,8,In-Network,2024-25,2025-08-01,2025-08-02,2025-09-17,46,138.45,138.45,Clean-Paid,,False
3301,3368,15,538,18,1,In-Network,2024-25,2025-08-01,2025-08-05,2025-09-19,45,138.45,138.45,Clean-Paid,,False
3302,3500,15,593,11,1,Out-of-Network,2024-25,2025-08-01,2025-08-02,2025-09-12,41,109.11,109.11,Clean-Paid,,False
3303,2888,6,344,19,8,In-Network,2024-25,2025-08-04,2025-08-06,2025-09-11,36,267.74,267.74,Clean-Paid,,False
3304,2269,15,104,2,1,Out-of-Network,2024-25,2025-08-04,2025-08-04,2025-09-22,49,151.01,151.01,Clean-Paid,,False
3305,3932,23,760,4,5,In-Network,2024-25,2025-08-04,2025-08-08,2025-09-15,38,107.25,0.0,Denied,Missing X-Ray,False
3306,3662,20,653,15,4,In-Network,2024-25,2025-08-04,2025-08-09,2025-09-28,50,138.45,138.45,Clean-Paid,,False
3307,3418,6,556,2,8,In-Network,2024-25,2025-08-04,2025-08-05,2025-09-11,37,148.0,148.0,Clean-Paid,,False
3308,3115,18,436,15,1,In-Network,2024-25,2025-08-04,2025-08-08,2025-09-11,34,224.02,224.02,Clean-Paid,,False
3309,3973,15,777,19,1,Out-of-Network,2024-25,2025-08-04,2025-08-05,2025-09-18,44,285.94,0.0,Denied,Prior Auth Required,False
3310,2381,25,148,14,9,In-Network,2024-25,2025-08-04,2025-08-08,2025-09-30,53,138.45,0.0,Denied,Missing X-Ray,False
3311,2267,15,103,19,1,Out-of-Network,2024-25,2025-08-04,2025-08-05,2025-09-19,45,108.93,108.93,Clean-Paid,,False
3312,3987,25,782,5,9,In-Network,2024-25,2025-08-04,2025-08-08,2025-09-19,42,83.9,83.9,Clean-Paid,,False
3313,2272,15,105,17,1,Out-of-Network,2024-25,2025-08-04,2025-08-06,2025-09-17,42,285.94,285.94,Clean-Paid,,False
3314,2294,4,115,15,2,In-Network,2024-25,2025-08-04,2025-08-07,2025-09-19,43,98.06,98.06,Clean-Paid,,False
3315,2985,22,385,18,6,In-Network,2024-25,2025-08-04,2025-08-06,2025-09-10,35,137.51,137.51,Clean-Paid,,False
3316,3346,1,528,7,4,In-Network,2024-25,2025-08-04,2025-08-07,2025-09-21,45,224.02,224.02,Clean-Paid,,False
3317,2669,21,259,15,2,In-Network,2024-25,2025-08-04,2025-08-08,2025-09-07,30,168.71,168.71,Clean-Paid,,False
3318,3145,3,447,3,1,In-Network,2024-25,2025-08-05,2025-08-07,2025-09-24,48,83.94,83.94,Clean-Paid,,False
3319,2260,10,101,8,9,In-Network,2024-25,2025-08-05,2025-08-05,2025-09-15,41,138.45,138.45,Clean-Paid,,False
3320,2193,34,74,13,2,In-Network,2024-25,2025-08-05,2025-08-06,2025-09-10,35,107.25,107.25,Clean-Paid,,False
3321,2549,20,216,9,4,Out-of-Network,2024-25,2025-08-05,2025-08-10,2025-09-18,39,0.0,0.0,Denied,Max Benefit Exceeded,False
3322,3729,25,680,20,9,In-Network,2024-25,2025-08-05,2025-08-05,2025-09-18,44,75.07,75.07,Clean-Paid,,False
3323,2803,34,311,8,2,In-Network,2024-25,2025-08-05,2025-08-10,2025-09-22,43,223.08,223.08,Clean-Paid,,False
3324,2413,34,163,3,2,In-Network,2024-25,2025-08-06,2025-08-10,2025-09-12,33,278.97,278.97,Clean-Paid,,False
3325,2739,10,287,9,9,In-Network,2024-25,2025-08-07,2025-08-07,2025-09-15,39,138.45,138.45,Clean-Paid,,False
3326,2958,5,371,17,4,In-Network,2024-25,2025-08-07,2025-08-07,2025-09-25,49,63.74,63.74,Clean-Paid,,False
3327,3223,1,483,16,4,In-Network,2024-25,2025-08-08,2025-08-12,2025-09-16,35,224.02,224.02,Clean-Paid,,False
3328,3717,2,674,18,9,In-Network,2024-25,2025-08-08,2025-08-11,2025-09-18,38,107.25,107.25,Clean-Paid,,False
3329,2916,9,355,16,6,Out-of-Network,2024-25,2025-08-08,2025-08-08,2025-09-13,36,151.01,151.01,Clean-Paid,,False
3330,2140,15,52,19,1,Out-of-Network,2024-25,2025-08-11,2025-08-16,2025-09-25,40,162.66,162.66,Clean-Paid,,False
3331,3897,16,747,15,7,In-Network,2024-25,2025-08-11,2025-08-11,2025-09-18,38,63.9,0.0,Denied,Frequency Limit Exceeded,False
3332,3102,31,430,11,2,In-Network,2024-25,2025-08-11,2025-08-14,2025-09-23,40,252.37,0.0,Denied,Timely Filing Expired,False
3333,3753,4,690,20,2,In-Network,2024-25,2025-08-11,2025-08-15,2025-09-24,40,128.0,128.0,Clean-Paid,,False
3334,2058,21,19,14,2,In-Network,2024-25,2025-08-11,2025-08-14,2025-09-19,36,138.45,138.45,Clean-Paid,,False
3335,3023,28,401,3,3,In-Network,2024-25,2025-08-11,2025-08-13,2025-09-01,19,349.14,349.14,Clean-Paid,,True
3336,3588,33,628,9,8,In-Network,2024-25,2025-08-11,2025-08-13,2025-09-24,42,107.74,107.74,Clean-Paid,,False
3337,2771,27,300,19,9,In-Network,2024-25,2025-08-11,2025-08-13,2025-10-03,51,192.82,192.82,Clean-Paid,,False
3338,2522,14,206,9,4,Out-of-Network,2024-25,2025-08-11,2025-08-14,2025-09-29,46,141.24,141.24,Clean-Paid,,False
3339,3901,16,748,7,7,In-Network,2024-25,2025-08-11,2025-08-16,2025-09-17,32,213.58,213.58,Clean-Paid,,False
3340,3419,6,556,2,8,In-Network,2024-25,2025-08-11,2025-08-14,2025-09-18,35,233.13,233.13,Clean-Paid,,False
3341,3411,15,554,9,1,Out-of-Network,2024-25,2025-08-11,2025-08-12,2025-09-25,44,190.92,190.92,Clean-Paid,,False
3342,3067,27,417,14,9,In-Network,2024-25,2025-08-11,2025-08-14,2025-10-08,55,143.9,143.9,Clean-Paid,,False
3343,2845,34,328,6,2,In-Network,2024-25,2025-08-12,2025-08-14,2025-09-13,30,137.51,137.51,Clean-Paid,,False
3344,2421,32,166,18,1,In-Network,2024-25,2025-08-12,2025-08-13,2025-09-18,36,138.45,138.45,Clean-Paid,,False
3345,3158,12,455,12,9,In-Network,2024-25,2025-08-12,2025-08-14,2025-09-24,41,15.07,15.07,Clean-Paid,,False
3346,2893,29,345,16,5,In-Network,2024-25,2025-08-12,2025-08-12,2025-09-15,34,208.0,208.0,Clean-Paid,,False
3347,3041,10,407,19,9,In-Network,2024-25,2025-08-12,2025-08-13,2025-09-29,47,146.53,146.53,Clean-Paid,,False
3348,3393,35,549,15,7,In-Network,2024-25,2025-08-12,2025-08-16,2025-09-22,37,138.45,138.45,Clean-Paid,,False
3349,3317,24,517,20,8,In-Network,2024-25,2025-08-12,2025-08-16,2025-09-20,35,137.51,137.51,Clean-Paid,,False
3350,3021,28,400,12,3,In-Network,2024-25,2025-08-13,2025-08-14,2025-09-18,35,93.78,93.78,Clean-Paid,,False
3351,2824,17,319,7,5,In-Network,2024-25,2025-08-14,2025-08-15,2025-09-13,29,181.96,181.96,Clean-Paid,,False
3352,2839,34,326,10,2,In-Network,2024-25,2025-08-14,2025-08-14,2025-09-18,35,107.25,107.25,Clean-Paid,,False
3353,3928,16,758,6,7,In-Network,2024-25,2025-08-14,2025-08-15,2025-09-16,32,213.58,213.58,Clean-Paid,,False
3354,2998,11,391,8,5,In-Network,2024-25,2025-08-14,2025-08-19,2025-09-26,38,168.71,168.71,Clean-Paid,,False
3355,3547,30,611,17,5,In-Network,2024-25,2025-08-14,2025-08-19,2025-09-22,34,69.68,69.68,Clean-Paid,,False
3356,2896,29,346,3,5,In-Network,2024-25,2025-08-15,2025-08-15,2025-09-22,38,98.06,98.06,Clean-Paid,,False
3357,2468,8,185,2,1,Out-of-Network,2024-25,2025-08-15,2025-08-16,2025-09-30,45,0.0,0.0,Denied,Coding Error,False
3358,3458,22,573,19,6,Out-of-Network,2024-25,2025-08-18,2025-08-18,2025-09-24,37,218.73,218.73,Clean-Paid,,False
3359,3421,25,557,9,9,In-Network,2024-25,2025-08-18,2025-08-20,2025-09-28,39,83.94,83.94,Clean-Paid,,False
3360,2427,32,168,17,1,Out-of-Network,2024-25,2025-08-18,2025-08-19,2025-09-27,39,217.81,217.81,Clean-Paid,,False
3361,3178,20,463,10,4,In-Network,2024-25,2025-08-18,2025-08-18,2025-10-07,50,166.53,166.53,Clean-Paid,,False
3362,3912,31,753,5,2,In-Network,2024-25,2025-08-18,2025-08-23,2025-09-29,37,224.02,224.02,Clean-Paid,,False
3363,2647,29,247,14,5,In-Network,2024-25,2025-08-18,2025-08-21,2025-09-20,30,148.0,148.0,Clean-Paid,,False
3364,2257,32,99,12,1,In-Network,2024-25,2025-08-18,2025-08-20,2025-10-06,47,173.58,173.58,Clean-Paid,,False
3365,2562,21,220,7,2,In-Network,2024-25,2025-08-18,2025-08-21,2025-09-21,31,224.02,224.02,Clean-Paid,,False
3366,2097,21,35,9,2,In-Network,2024-25,2025-08-18,2025-08-20,2025-09-23,34,108.47,108.47,Clean-Paid,,False
3367,2826,17,321,19,5,In-Network,2024-25,2025-08-18,2025-08-19,2025-09-18,30,138.45,138.45,Clean-Paid,,False
3368,3896,16,747,15,7,In-Network,2024-25,2025-08-18,2025-08-23,2025-09-21,29,224.02,224.02,Clean-Paid,,False
3369,2968,19,376,12,9,In-Network,2024-25,2025-08-18,2025-08-23,2025-10-09,47,108.47,108.47,Clean-Paid,,False
3370,3333,27,522,2,9,In-Network,2024-25,2025-08-18,2025-08-20,2025-10-02,43,138.45,138.45,Clean-Paid,,False
3371,3612,35,635,13,7,In-Network,2024-25,2025-08-18,2025-08-22,2025-09-28,37,69.68,0.0,Denied,Coverage Terminated,False
3372,2319,22,127,3,6,In-Network,2024-25,2025-08-18,2025-08-20,2025-09-26,37,137.51,137.51,Clean-Paid,,False
3373,3087,21,425,17,2,In-Network,2024-25,2025-08-19,2025-08-19,2025-10-01,43,133.78,133.78,Clean-Paid,,False
3374,3307,31,513,3,2,In-Network,2024-25,2025-08-19,2025-08-24,2025-09-19,26,143.9,143.9,Clean-Paid,,False
3375,3745,27,686,9,9,In-Network,2024-25,2025-08-19,2025-08-24,2025-10-07,44,71.88,71.88,Clean-Paid,,False
3376,2168,3,64,13,1,In-Network,2024-25,2025-08-19,2025-08-22,2025-09-29,38,137.51,137.51,Clean-Paid,,False
3377,2649,29,248,14,5,In-Network,2024-25,2025-08-19,2025-08-21,2025-09-23,33,137.51,137.51,Clean-Paid,,False
3378,2408,29,161,13,5,In-Network,2024-25,2025-08-19,2025-08-24,2025-09-21,28,138.45,138.45,Clean-Paid,,False
3379,2636,5,243,7,4,In-Network,2024-25,2025-08-19,2025-08-21,2025-10-03,43,224.02,224.02,Clean-Paid,,False
3380,3224,1,483,16,4,In-Network,2024-25,2025-08-20,2025-08-23,2025-10-11,49,159.17,159.17,Clean-Paid,,False
3381,2242,13,94,15,4,In-Network,2024-25,2025-08-20,2025-08-23,2025-10-07,45,103.9,103.9,Clean-Paid,,False
3382,2808,7,312,12,7,In-Network,2024-25,2025-08-20,2025-08-22,2025-10-04,43,95.07,95.07,Clean-Paid,,False
3383,3091,31,427,19,2,In-Network,2024-25,2025-08-21,2025-08-21,2025-10-02,42,223.08,223.08,Clean-Paid,,False
3384,3177,20,463,10,4,In-Network,2024-25,2025-08-21,2025-08-24,2025-09-26,33,224.02,224.02,Clean-Paid,,False
3385,2775,27,301,16,9,In-Network,2024-25,2025-08-21,2025-08-22,2025-10-04,43,135.07,135.07,Clean-Paid,,False
3386,2612,8,235,1,1,In-Network,2024-25,2025-08-21,2025-08-25,2025-10-01,37,102.54,102.54,Clean-Paid,,False
3387,3358,31,534,3,2,In-Network,2024-25,2025-08-21,2025-08-21,2025-09-18,28,138.45,138.45,Clean-Paid,,False
3388,2538,21,212,18,2,In-Network,2024-25,2025-08-21,2025-08-21,2025-09-26,36,135.07,135.07,Clean-Paid,,False
3389,2898,29,347,14,5,In-Network,2024-25,2025-08-21,2025-08-21,2025-09-13,23,107.25,107.25,Clean-Paid,,False
3390,2646,29,247,14,5,In-Network,2024-25,2025-08-21,2025-08-26,2025-09-19,24,138.45,138.45,Clean-Paid,,False
3391,3837,28,721,8,3,In-Network,2024-25,2025-08-22,2025-08-26,2025-09-15,20,224.02,224.02,Clean-Paid,,False
3392,3423,25,558,8,9,In-Network,2024-25,2025-08-22,2025-08-26,2025-10-03,38,138.45,138.45,Clean-Paid,,False
3393,3601,14,632,1,4,In-Network,2024-25,2025-08-22,2025-08-23,2025-09-27,35,138.45,138.45,Clean-Paid,,False
3394,3109,31,433,20,2,In-Network,2024-25,2025-08-22,2025-08-27,2025-09-27,31,223.08,223.08,Clean-Paid,,False
3395,2387,25,150,17,9,In-Network,2024-25,2025-08-22,2025-08-24,2025-10-03,40,138.45,138.45,Clean-Paid,,False
3396,2369,22,144,16,6,Out-of-Network,2024-25,2025-08-22,2025-08-26,2025-09-29,34,178.82,178.82,Clean-Paid,,False
3397,3447,17,569,2,5,Out-of-Network,2024-25,2025-08-22,2025-08-23,2025-09-24,32,178.82,178.82,Clean-Paid,,False
3398,3463,16,575,11,7,In-Network,2024-25,2025-08-22,2025-08-26,2025-10-02,37,135.07,135.07,Clean-Paid,,False
3399,2678,16,264,12,7,In-Network,2024-25,2025-08-25,2025-08-25,2025-10-06,42,224.02,224.02,Clean-Paid,,False
3400,2927,12,359,8,9,In-Network,2024-25,2025-08-25,2025-08-29,2025-10-19,51,223.08,223.08,Clean-Paid,,False
3401,3669,20,656,15,4,In-Network,2024-25,2025-08-25,2025-08-25,2025-10-08,44,224.02,224.02,Clean-Paid,,False
3402,2301,4,118,17,2,In-Network,2024-25,2025-08-25,2025-08-29,2025-10-07,39,192.82,192.82,Clean-Paid,,False
3403,2776,27,302,16,9,In-Network,2024-25,2025-08-25,2025-08-28,2025-10-10,43,224.02,0.0,Denied,Coding Error,False
3404,3743,27,686,9,9,In-Network,2024-25,2025-08-25,2025-08-30,2025-10-22,53,224.02,224.02,Clean-Paid,,False
3405,3148,3,448,4,1,Out-of-Network,2024-25,2025-08-25,2025-08-25,2025-09-28,34,178.82,178.82,Clean-Paid,,False
3406,3098,31,429,16,2,In-Network,2024-25,2025-08-25,2025-08-28,2025-10-04,37,143.9,143.9,Clean-Paid,,False
3407,3786,33,700,11,8,In-Network,2024-25,2025-08-25,2025-08-27,2025-10-08,42,138.45,0.0,Denied,Coding Error,False
3408,3245,16,490,2,7,In-Network,2024-25,2025-08-25,2025-08-27,2025-09-29,33,138.45,138.45,Clean-Paid,,False
3409,2884,6,342,16,8,In-Network,2024-25,2025-08-25,2025-08-25,2025-09-26,32,138.45,138.45,Clean-Paid,,False
3410,3918,31,755,11,2,In-Network,2024-25,2025-08-26,2025-08-26,2025-09-29,34,138.45,138.45,Clean-Paid,,False
3411,2465,8,184,5,1,In-Network,2024-25,2025-08-26,2025-08-29,2025-10-14,46,138.45,138.45,Clean-Paid,,False
3412,3441,25,566,14,9,In-Network,2024-25,2025-08-26,2025-08-30,2025-10-16,47,224.02,224.02,Clean-Paid,,False
3413,2698,29,272,2,5,Out-of-Network,2024-25,2025-08-26,2025-08-28,2025-10-05,38,178.82,178.82,Clean-Paid,,False
3414,2123,30,45,19,5,In-Network,2024-25,2025-08-27,2025-08-27,2025-09-28,32,183.11,183.11,Clean-Paid,,False
3415,3056,30,413,4,5,In-Network,2024-25,2025-08-27,2025-08-31,2025-10-08,38,162.16,162.16,Clean-Paid,,False
3416,2230,26,87,16,4,In-Network,2024-25,2025-08-27,2025-08-27,2025-10-15,49,167.74,167.74,Clean-Paid,,False
3417,3832,3,719,10,1,In-Network,2024-25,2025-08-27,2025-08-30,2025-10-05,36,151.91,151.91,Clean-Paid,,False
3418,3007,30,395,16,5,In-Network,2024-25,2025-08-27,2025-08-28,2025-09-23,26,138.45,0.0,Denied,Coding Error,False
3419,3863,14,731,1,4,In-Network,2024-25,2025-08-27,2025-08-31,2025-10-16,46,224.02,224.02,Clean-Paid,,False
3420,2765,33,296,15,8,In-Network,2024-25,2025-08-28,2025-09-02,2025-10-14,42,107.74,107.74,Clean-Paid,,False
3421,3037,10,406,17,9,In-Network,2024-25,2025-08-28,2025-09-02,2025-10-16,44,162.16,162.16,Clean-Paid,,False
3422,3276,35,504,18,7,In-Network,2024-25,2025-08-28,2025-08-31,2025-10-08,38,138.45,138.45,Clean-Paid,,False
3423,3750,4,689,17,2,In-Network,2024-25,2025-08-28,2025-08-29,2025-10-01,33,224.02,224.02,Clean-Paid,,False
3424,3522,11,601,3,5,In-Network,2024-25,2025-08-28,2025-08-28,2025-09-22,25,395.58,395.58,Clean-Paid,,True
3425,3017,30,399,7,5,In-Network,2024-25,2025-08-28,2025-09-01,2025-10-11,40,135.07,135.07,Clean-Paid,,False
3426,3363,34,536,13,2,In-Network,2024-25,2025-08-28,2025-08-31,2025-09-28,28,127.74,0.0,Denied,Coverage Terminated,False
3427,3562,35,618,10,7,In-Network,2024-25,2025-08-29,2025-09-03,2025-09-29,26,224.02,224.02,Clean-Paid,,False
3428,3106,31,432,1,2,In-Network,2024-25,2025-08-29,2025-08-31,2025-09-26,26,107.25,0.0,Denied,Missing X-Ray,False
3429,3439,25,565,11,9,In-Network,2024-25,2025-08-29,2025-09-01,2025-10-20,49,138.45,138.45,Clean-Paid,,False
3430,2545,20,215,11,4,In-Network,2024-25,2025-09-01,2025-09-05,2025-10-11,36,138.45,0.0,Denied,Prior Auth Required,False
3431,2236,13,91,15,4,In-Network,2024-25,2025-09-01,2025-09-02,2025-10-22,50,224.02,224.02,Clean-Paid,,False
3432,2578,21,224,19,2,In-Network,2024-25,2025-09-01,2025-09-05,2025-10-12,37,69.68,0.0,Denied,Missing X-Ray,False
3433,2580,21,225,15,2,In-Network,2024-25,2025-09-01,2025-09-05,2025-10-15,40,183.11,0.0,Denied,Coding Error,False
3434,2104,21,38,10,2,In-Network,2024-25,2025-09-01,2025-09-04,2025-10-13,39,95.07,95.07,Clean-Paid,,False
3435,3481,16,582,14,7,In-Network,2024-25,2025-09-01,2025-09-06,2025-10-11,35,224.02,224.02,Clean-Paid,,False
3436,2955,5,370,7,4,In-Network,2024-25,2025-09-01,2025-09-02,2025-10-07,35,224.02,224.02,Clean-Paid,,False
3437,3549,30,612,9,5,Out-of-Network,2024-25,2025-09-01,2025-09-04,2025-10-02,28,258.13,258.13,Clean-Paid,,False
3438,3984,25,781,20,9,In-Network,2024-25,2025-09-01,2025-09-04,2025-10-15,41,107.25,107.25,Clean-Paid,,False
3439,2095,21,35,9,2,In-Network,2024-25,2025-09-01,2025-09-03,2025-10-05,32,138.45,0.0,Denied,Frequency Limit Exceeded,False
3440,2214,6,81,18,8,In-Network,2024-25,2025-09-01,2025-09-03,2025-10-14,41,208.0,208.0,Clean-Paid,,False
3441,3389,35,548,18,7,In-Network,2024-25,2025-09-01,2025-09-05,2025-10-07,32,224.02,224.02,Clean-Paid,,False
3442,3376,4,543,18,2,In-Network,2024-25,2025-09-01,2025-09-05,2025-10-01,26,224.02,224.02,Clean-Paid,,False
3443,2740,10,287,9,9,In-Network,2024-25,2025-09-01,2025-09-04,2025-10-16,42,208.0,208.0,Clean-Paid,,False
3444,3513,31,598,2,2,In-Network,2024-25,2025-09-01,2025-09-01,2025-10-03,32,137.51,137.51,Clean-Paid,,False
3445,3443,25,567,8,9,In-Network,2024-25,2025-09-01,2025-09-04,2025-10-15,41,224.02,224.02,Clean-Paid,,False
3446,3711,2,672,16,9,In-Network,2024-25,2025-09-01,2025-09-05,2025-10-18,43,224.02,224.02,Clean-Paid,,False
3447,2441,17,174,8,5,In-Network,2024-25,2025-09-01,2025-09-02,2025-09-26,24,107.25,107.25,Clean-Paid,,False
3448,2584,21,226,5,2,In-Network,2024-25,2025-09-01,2025-09-04,2025-10-14,40,199.17,199.17,Clean-Paid,,False
3449,5464,15,554,9,1,Out-of-Network,2025-26,2025-09-01,2025-09-02,2025-10-16,44,218.19,218.19,Clean-Paid,,False
3450,3795,24,704,1,8,In-Network,2024-25,2025-09-01,2025-09-06,2025-10-22,46,138.45,138.45,Clean-Paid,,False
3451,3339,27,524,4,9,In-Network,2024-25,2025-09-01,2025-09-02,2025-10-19,47,223.08,223.08,Clean-Paid,,False
3452,3190,31,468,18,2,In-Network,2024-25,2025-09-01,2025-09-01,2025-10-11,40,138.45,138.45,Clean-Paid,,False
3453,3540,14,608,10,4,In-Network,2024-25,2025-09-01,2025-09-03,2025-10-08,35,224.02,224.02,Clean-Paid,,False
3454,2881,6,341,2,8,In-Network,2024-25,2025-09-01,2025-09-04,2025-10-10,36,138.45,138.45,Clean-Paid,,False
3455,3645,5,647,18,4,In-Network,2024-25,2025-09-01,2025-09-01,2025-10-16,45,138.45,0.0,Denied,Missing X-Ray,False
3456,3033,18,405,19,1,Out-of-Network,2024-25,2025-09-01,2025-09-01,2025-10-03,32,178.82,178.82,Clean-Paid,,False
3457,5841,16,710,18,7,In-Network,2025-26,2025-09-01,2025-09-01,2025-10-13,42,128.0,128.0,Clean-Paid,,False
3458,2228,26,87,16,4,In-Network,2024-25,2025-09-01,2025-09-06,2025-10-25,49,192.82,192.82,Clean-Paid,,False
3459,5146,21,425,17,2,In-Network,2025-26,2025-09-01,2025-09-02,2025-10-14,42,168.0,168.0,Clean-Paid,,False
3460,3924,16,757,4,7,In-Network,2024-25,2025-09-01,2025-09-06,2025-10-13,37,138.45,138.45,Clean-Paid,,False
3461,2524,14,207,10,4,In-Network,2024-25,2025-09-01,2025-09-03,2025-10-17,44,138.45,138.45,Clean-Paid,,False
3462,3166,12,458,18,9,In-Network,2024-25,2025-09-01,2025-09-06,2025-10-19,43,237.48,237.48,Clean-Paid,,False
3463,3201,29,472,20,5,In-Network,2024-25,2025-09-01,2025-09-04,2025-10-08,34,224.02,224.02,Clean-Paid,,False
3464,2988,11,386,15,5,In-Network,2024-25,2025-09-01,2025-09-04,2025-10-07,33,138.45,138.45,Clean-Paid,,False
3465,3345,1,527,20,4,In-Network,2024-25,2025-09-01,2025-09-01,2025-10-17,46,224.02,224.02,Clean-Paid,,False
3466,3057,27,414,9,9,In-Network,2024-25,2025-09-01,2025-09-01,2025-10-09,38,224.02,224.02,Clean-Paid,,False
3467,2885,6,343,19,8,In-Network,2024-25,2025-09-01,2025-09-03,2025-10-15,42,254.28,254.28,Clean-Paid,,False
3468,2762,33,295,19,8,In-Network,2024-25,2025-09-01,2025-09-05,2025-10-09,34,138.45,138.45,Clean-Paid,,False
3469,3280,16,505,8,7,In-Network,2024-25,2025-09-01,2025-09-05,2025-10-04,29,138.45,138.45,Clean-Paid,,False
3470,4091,21,24,20,2,In-Network,2025-26,2025-09-02,2025-09-03,2025-10-04,31,122.16,122.16,Clean-Paid,,False
3471,4441,29,154,8,5,In-Network,2025-26,2025-09-02,2025-09-04,2025-10-08,34,139.17,139.17,Clean-Paid,,False
3472,5742,25,668,5,9,In-Network,2025-26,2025-09-02,2025-09-05,2025-10-28,53,146.53,146.53,Clean-Paid,,False
3473,4231,2,78,17,9,In-Network,2025-26,2025-09-02,2025-09-02,2025-10-18,46,168.0,168.0,Clean-Paid,,False
3474,5211,12,455,12,9,In-Network,2025-26,2025-09-03,2025-09-07,2025-10-18,41,0.0,0.0,Clean-Paid,,False
3475,5530,16,578,5,7,In-Network,2025-26,2025-09-03,2025-09-03,2025-10-01,28,172.37,172.37,Clean-Paid,,False
3476,5056,4,393,9,2,In-Network,2025-26,2025-09-03,2025-09-05,2025-10-09,34,224.02,224.02,Clean-Paid,,False
3477,5842,16,710,18,7,In-Network,2025-26,2025-09-03,2025-09-07,2025-10-08,31,167.74,167.74,Clean-Paid,,False
3478,4259,26,87,16,4,In-Network,2025-26,2025-09-04,2025-09-08,2025-10-19,41,132.57,132.57,Clean-Paid,,False
3479,5845,16,711,14,7,In-Network,2025-26,2025-09-04,2025-09-04,2025-10-17,43,163.54,0.0,Denied,Coverage Terminated,False
3480,4940,6,342,16,8,In-Network,2025-26,2025-09-04,2025-09-05,2025-10-09,34,224.02,0.0,Denied,Prior Auth Required,False
3481,4658,19,231,14,9,In-Network,2025-26,2025-09-05,2025-09-09,2025-10-17,38,173.58,173.58,Clean-Paid,,False
3482,5844,16,711,14,7,In-Network,2025-26,2025-09-08,2025-09-09,2025-10-22,43,206.53,206.53,Clean-Paid,,False
3483,4352,3,122,20,1,Out-of-Network,2025-26,2025-09-08,2025-09-08,2025-10-19,41,242.66,242.66,Clean-Paid,,False
3484,5910,8,737,4,1,Out-of-Network,2025-26,2025-09-08,2025-09-09,2025-10-26,47,368.1,0.0,Denied,Prior Auth Required,True
3485,4140,16,42,12,7,In-Network,2025-26,2025-09-08,2025-09-11,2025-10-10,29,383.08,0.0,Denied,Prior Auth Required,True
3486,4531,1,189,20,4,In-Network,2025-26,2025-09-08,2025-09-08,2025-10-25,47,224.02,224.02,Clean-Paid,,False
3487,5285,12,481,8,9,In-Network,2025-26,2025-09-08,2025-09-13,2025-10-26,43,64.1,64.1,Clean-Paid,,False
3488,5643,32,625,4,1,Out-of-Network,2025-26,2025-09-08,2025-09-11,2025-10-28,47,285.94,285.94,Clean-Paid,,False
3489,4405,22,143,6,6,In-Network,2025-26,2025-09-09,2025-09-14,2025-10-13,29,224.02,0.0,Denied,Coding Error,False
3490,4170,30,54,10,5,In-Network,2025-26,2025-09-09,2025-09-11,2025-10-19,38,48.47,0.0,Denied,Coding Error,False
3491,4189,3,63,10,1,In-Network,2025-26,2025-09-10,2025-09-13,2025-10-23,40,223.08,223.08,Clean-Paid,,False
3492,5113,30,413,4,5,In-Network,2025-26,2025-09-10,2025-09-14,2025-10-15,31,223.08,223.08,Clean-Paid,,False
3493,5378,24,518,18,8,In-Network,2025-26,2025-09-11,2025-09-13,2025-10-27,44,122.16,122.16,Clean-Paid,,False
3494,5374,24,517,20,8,In-Network,2025-26,2025-09-11,2025-09-16,2025-10-28,42,267.74,267.74,Clean-Paid,,False
3495,5071,30,398,8,5,In-Network,2025-26,2025-09-11,2025-09-13,2025-10-10,27,46.44,46.44,Clean-Paid,,False
3496,4614,20,216,9,4,Out-of-Network,2025-26,2025-09-11,2025-09-16,2025-11-01,46,522.74,0.0,Denied,Prior Auth Required,True
3497,5687,5,646,2,4,Out-of-Network,2025-26,2025-09-11,2025-09-13,2025-10-16,33,285.94,285.94,Clean-Paid,,False
3498,5962,23,761,10,5,In-Network,2025-26,2025-09-11,2025-09-15,2025-10-16,31,371.62,371.62,Clean-Paid,,True
3499,4048,23,9,18,5,In-Network,2025-26,2025-09-12,2025-09-13,2025-10-19,36,66.46,66.46,Clean-Paid,,False
3500,5286,12,482,7,9,In-Network,2025-26,2025-09-12,2025-09-17,2025-11-08,52,254.28,254.28,Clean-Paid,,False
3501,4479,32,169,15,1,In-Network,2025-26,2025-09-12,2025-09-16,2025-10-30,44,436.62,0.0,Denied,Prior Auth Required,True
3502,5416,31,534,3,2,In-Network,2025-26,2025-09-12,2025-09-16,2025-10-23,37,168.0,168.0,Clean-Paid,,False
3503,4149,30,46,7,5,In-Network,2025-26,2025-09-12,2025-09-13,2025-10-20,37,148.0,148.0,Clean-Paid,,False
3504,5559,15,590,20,1,Out-of-Network,2025-26,2025-09-12,2025-09-17,2025-10-24,37,21.42,21.42,Clean-Paid,,False
3505,6040,32,795,15,1,In-Network,2025-26,2025-09-15,2025-09-17,2025-10-30,43,68.47,68.47,Clean-Paid,,False
3506,4952,29,346,3,5,In-Network,2025-26,2025-09-15,2025-09-20,2025-10-30,40,488.68,488.68,Clean-Paid,,True
3507,5036,22,385,18,6,In-Network,2025-26,2025-09-15,2025-09-17,2025-10-15,28,223.08,0.0,Denied,Missing X-Ray,False
3508,4108,13,30,16,4,In-Network,2025-26,2025-09-15,2025-09-15,2025-10-31,46,95.07,0.0,Denied,Frequency Limit Exceeded,False
3509,4770,29,274,10,5,In-Network,2025-26,2025-09-15,2025-09-16,2025-10-18,32,9.68,9.68,Clean-Paid,,False
3510,5424,4,539,4,2,In-Network,2025-26,2025-09-15,2025-09-17,2025-10-18,31,224.02,224.02,Clean-Paid,,False
3511,5694,5,648,18,4,In-Network,2025-26,2025-09-15,2025-09-17,2025-10-21,34,79.17,79.17,Clean-Paid,,False
3512,4289,32,99,12,1,In-Network,2025-26,2025-09-15,2025-09-19,2025-11-05,47,254.28,254.28,Clean-Paid,,False
3513,4982,29,361,11,5,In-Network,2025-26,2025-09-16,2025-09-19,2025-10-16,27,224.02,224.02,Clean-Paid,,False
3514,5991,23,773,2,5,Out-of-Network,2025-26,2025-09-16,2025-09-20,2025-10-19,29,224.64,0.0,Denied,Missing X-Ray,False
3515,5489,2,563,10,9,In-Network,2025-26,2025-09-16,2025-09-16,2025-10-31,45,168.0,168.0,Clean-Paid,,False
3516,4853,11,304,12,5,In-Network,2025-26,2025-09-17,2025-09-17,2025-10-18,31,9.68,0.0,Denied,Coding Error,False
3517,5362,31,512,20,2,In-Network,2025-26,2025-09-17,2025-09-21,2025-10-30,39,132.57,132.57,Clean-Paid,,False
3518,4337,4,117,1,2,In-Network,2025-26,2025-09-18,2025-09-18,2025-10-15,27,63.9,63.9,Clean-Paid,,False
3519,4171,30,55,19,5,In-Network,2025-26,2025-09-18,2025-09-22,2025-10-16,24,224.02,0.0,Denied,Max Benefit Exceeded,False
3520,5522,16,575,11,7,In-Network,2025-26,2025-09-18,2025-09-21,2025-10-31,40,18.06,0.0,Denied,Max Benefit Exceeded,False
3521,5431,4,541,4,2,In-Network,2025-26,2025-09-18,2025-09-22,2025-10-22,30,135.07,135.07,Clean-Paid,,False
3522,5520,16,575,11,7,In-Network,2025-26,2025-09-18,2025-09-20,2025-10-25,35,224.02,224.02,Clean-Paid,,False
3523,4721,21,256,19,2,In-Network,2025-26,2025-09-19,2025-09-21,2025-10-28,37,58.06,58.06,Clean-Paid,,False
3524,5793,4,691,10,2,In-Network,2025-26,2025-09-19,2025-09-22,2025-11-04,43,0.0,0.0,Clean-Paid,,False
3525,5455,15,551,17,1,Out-of-Network,2025-26,2025-09-19,2025-09-19,2025-11-06,48,319.63,319.63,Clean-Paid,,False
3526,5102,30,409,17,5,In-Network,2025-26,2025-09-19,2025-09-20,2025-10-24,34,83.9,83.9,Clean-Paid,,False
3527,5659,14,634,16,4,In-Network,2025-26,2025-09-22,2025-09-27,2025-11-14,48,224.02,224.02,Clean-Paid,,False
3528,4739,16,263,10,7,In-Network,2025-26,2025-09-22,2025-09-26,2025-11-05,40,223.08,223.08,Clean-Paid,,False
3529,4428,25,151,19,9,In-Network,2025-26,2025-09-22,2025-09-24,2025-11-11,48,224.02,224.02,Clean-Paid,,False
3530,5978,26,769,11,4,In-Network,2025-26,2025-09-22,2025-09-24,2025-10-28,34,224.02,224.02,Clean-Paid,,False
3531,5427,4,539,4,2,In-Network,2025-26,2025-09-22,2025-09-27,2025-10-29,32,153.13,153.13,Clean-Paid,,False
3532,5188,27,442,9,9,In-Network,2025-26,2025-09-22,2025-09-26,2025-11-06,41,223.08,223.08,Clean-Paid,,False
3533,4114,12,32,20,9,In-Network,2025-26,2025-09-22,2025-09-27,2025-11-08,42,64.1,0.0,Denied,Prior Auth Required,False
3534,4188,3,62,12,1,In-Network,2025-26,2025-09-22,2025-09-27,2025-11-04,38,212.37,212.37,Clean-Paid,,False
3535,5921,6,742,10,8,In-Network,2025-26,2025-09-22,2025-09-25,2025-11-01,37,75.07,75.07,Clean-Paid,,False
3536,4255,26,86,19,4,In-Network,2025-26,2025-09-23,2025-09-25,2025-11-01,37,223.08,223.08,Clean-Paid,,False
3537,5539,16,581,17,7,In-Network,2025-26,2025-09-23,2025-09-23,2025-11-01,39,119.17,119.17,Clean-Paid,,False
3538,5607,30,611,17,5,In-Network,2025-26,2025-09-23,2025-09-27,2025-10-25,28,224.02,224.02,Clean-Paid,,False
3539,4349,6,121,4,8,In-Network,2025-26,2025-09-23,2025-09-23,2025-10-24,31,75.07,75.07,Clean-Paid,,False
3540,5270,28,476,15,3,In-Network,2025-26,2025-09-23,2025-09-27,2025-10-21,24,224.02,224.02,Clean-Paid,,False
3541,5634,32,621,5,1,In-Network,2025-26,2025-09-24,2025-09-26,2025-11-12,47,224.02,224.02,Clean-Paid,,False
3542,5525,16,577,13,7,In-Network,2025-26,2025-09-25,2025-09-28,2025-11-06,39,223.08,223.08,Clean-Paid,,False
3543,5283,12,480,5,9,In-Network,2025-26,2025-09-25,2025-09-27,2025-11-08,42,121.96,121.96,Clean-Paid,,False
3544,5327,12,498,9,9,In-Network,2025-26,2025-09-25,2025-09-29,2025-11-18,50,224.02,224.02,Clean-Paid,,False
3545,4961,9,351,14,6,Out-of-Network,2025-26,2025-09-26,2025-10-01,2025-10-31,30,285.94,0.0,Denied,Frequency Limit Exceeded,False
3546,4608,20,215,11,4,In-Network,2025-26,2025-09-26,2025-10-01,2025-11-20,50,224.02,224.02,Clean-Paid,,False
3547,4551,21,195,11,2,In-Network,2025-26,2025-09-26,2025-10-01,2025-11-09,39,267.74,0.0,Denied,Max Benefit Exceeded,False
3548,4615,20,216,9,4,Out-of-Network,2025-26,2025-09-26,2025-09-28,2025-11-07,40,228.93,228.93,Clean-Paid,,False
3549,4168,30,54,10,5,In-Network,2025-26,2025-09-29,2025-10-04,2025-11-05,32,224.02,0.0,Denied,Missing X-Ray,False
3550,4247,26,84,11,4,In-Network,2025-26,2025-09-29,2025-10-03,2025-11-16,44,224.02,224.02,Clean-Paid,,False
3551,5345,16,506,12,7,In-Network,2025-26,2025-09-29,2025-10-02,2025-11-06,35,87.74,87.74,Clean-Paid,,False
3552,4796,10,285,12,9,In-Network,2025-26,2025-09-29,2025-09-29,2025-11-10,42,224.02,0.0,Denied,Max Benefit Exceeded,False
3553,4956,29,349,1,5,In-Network,2025-26,2025-09-29,2025-09-30,2025-10-27,27,224.02,224.02,Clean-Paid,,False
3554,4517,8,184,5,1,In-Network,2025-26,2025-09-29,2025-10-01,2025-11-07,37,224.02,224.02,Clean-Paid,,False
3555,4083,21,21,3,2,In-Network,2025-26,2025-09-29,2025-10-01,2025-11-04,34,159.17,159.17,Clean-Paid,,False
3556,4756,29,270,20,5,In-Network,2025-26,2025-09-29,2025-10-02,2025-10-28,26,224.02,224.02,Clean-Paid,,False
3557,4535,1,190,13,4,In-Network,2025-26,2025-09-29,2025-09-29,2025-11-05,37,224.02,224.02,Clean-Paid,,False
3558,4774,3,275,7,1,In-Network,2025-26,2025-09-29,2025-10-01,2025-11-16,46,29.68,29.68,Clean-Paid,,False
3559,5849,2,713,11,9,In-Network,2025-26,2025-09-29,2025-10-02,2025-11-14,43,224.02,0.0,Denied,Prior Auth Required,False
3560,4066,8,16,4,1,Out-of-Network,2025-26,2025-09-30,2025-10-05,2025-11-15,41,298.04,298.04,Clean-Paid,,False
3561,5160,31,431,18,2,In-Network,2025-26,2025-09-30,2025-10-01,2025-11-08,38,192.82,192.82,Clean-Paid,,False
3562,4848,27,303,8,9,In-Network,2025-26,2025-09-30,2025-10-05,2025-11-19,45,224.02,224.02,Clean-Paid,,False
3563,5680,9,643,13,6,In-Network,2025-26,2025-09-30,2025-10-04,2025-11-13,40,224.02,224.02,Clean-Paid,,False
3564,4278,13,94,15,4,In-Network,2025-26,2025-09-30,2025-10-05,2025-11-11,37,267.74,267.74,Clean-Paid,,False
3565,5862,3,717,18,1,In-Network,2025-26,2025-10-01,2025-10-03,2025-11-07,35,166.53,166.53,Clean-Paid,,False
3566,4392,32,138,12,1,In-Network,2025-26,2025-10-01,2025-10-05,2025-11-07,33,58.06,58.06,Clean-Paid,,False
3567,4840,27,299,5,9,In-Network,2025-26,2025-10-01,2025-10-05,2025-11-29,55,64.1,0.0,Denied,Coding Error,False
3568,5664,35,637,1,7,In-Network,2025-26,2025-10-01,2025-10-02,2025-11-06,35,192.82,192.82,Clean-Paid,,False
3569,5212,12,456,16,9,In-Network,2025-26,2025-10-01,2025-10-03,2025-11-21,49,192.82,192.82,Clean-Paid,,False
3570,4135,16,40,3,7,In-Network,2025-26,2025-10-01,2025-10-03,2025-11-08,36,224.02,224.02,Clean-Paid,,False
3571,4182,3,60,9,1,Out-of-Network,2025-26,2025-10-02,2025-10-07,2025-11-13,37,285.94,0.0,Denied,Max Benefit Exceeded,False
3572,4626,21,221,3,2,In-Network,2025-26,2025-10-02,2025-10-05,2025-11-08,34,224.02,224.02,Clean-Paid,,False
3573,5461,15,553,11,1,Out-of-Network,2025-26,2025-10-02,2025-10-06,2025-11-09,34,191.54,0.0,Denied,Frequency Limit Exceeded,False
3574,4501,24,179,7,8,In-Network,2025-26,2025-10-02,2025-10-02,2025-11-09,38,224.02,224.02,Clean-Paid,,False
3575,4538,1,190,13,4,In-Network,2025-26,2025-10-02,2025-10-04,2025-11-06,33,159.17,159.17,Clean-Paid,,False
3576,4776,3,276,11,1,Out-of-Network,2025-26,2025-10-02,2025-10-02,2025-11-05,34,285.94,285.94,Clean-Paid,,False
3577,5532,16,579,7,7,In-Network,2025-26,2025-10-02,2025-10-05,2025-11-06,32,224.02,224.02,Clean-Paid,,False
3578,6033,31,791,5,2,In-Network,2025-26,2025-10-02,2025-10-03,2025-11-02,30,267.74,267.74,Clean-Paid,,False
3579,5282,12,480,5,9,In-Network,2025-26,2025-10-03,2025-10-04,2025-11-11,38,223.08,223.08,Clean-Paid,,False
3580,5677,9,642,14,6,Out-of-Network,2025-26,2025-10-03,2025-10-03,2025-11-06,34,325.85,0.0,Denied,Missing X-Ray,False
3581,4993,13,365,3,4,Out-of-Network,2025-26,2025-10-03,2025-10-03,2025-11-15,43,285.94,285.94,Clean-Paid,,False
3582,4592,9,208,2,6,Out-of-Network,2025-26,2025-10-03,2025-10-06,2025-11-13,38,285.94,0.0,Denied,Prior Auth Required,False
3583,5623,35,616,20,7,In-Network,2025-26,2025-10-06,2025-10-10,2025-11-05,26,118.15,118.15,Clean-Paid,,False
3584,5070,30,398,8,5,In-Network,2025-26,2025-10-06,2025-10-11,2025-11-07,27,208.0,0.0,Denied,Timely Filing Expired,False
3585,4784,3,280,5,1,In-Network,2025-26,2025-10-06,2025-10-07,2025-11-17,41,224.02,224.02,Clean-Paid,,False
3586,5957,23,760,4,5,In-Network,2025-26,2025-10-06,2025-10-08,2025-11-10,33,237.48,237.48,Clean-Paid,,False
3587,4645,21,227,20,2,In-Network,2025-26,2025-10-06,2025-10-11,2025-11-23,43,224.02,224.02,Clean-Paid,,False
3588,4102,20,28,4,4,In-Network,2025-26,2025-10-06,2025-10-11,2025-11-28,48,95.07,95.07,Clean-Paid,,False
3589,4228,2,77,16,9,In-Network,2025-26,2025-10-06,2025-10-08,2025-11-21,44,224.02,224.02,Clean-Paid,,False
3590,5750,2,672,16,9,In-Network,2025-26,2025-10-06,2025-10-07,2025-11-29,53,162.9,162.9,Clean-Paid,,False
3591,4326,4,114,1,2,In-Network,2025-26,2025-10-06,2025-10-09,2025-11-20,42,224.02,224.02,Clean-Paid,,False
3592,4437,29,153,20,5,In-Network,2025-26,2025-10-06,2025-10-06,2025-11-14,39,112.57,112.57,Clean-Paid,,False
3593,4251,26,85,15,4,In-Network,2025-26,2025-10-06,2025-10-06,2025-11-15,40,224.02,224.02,Clean-Paid,,False
3594,5512,22,572,13,6,In-Network,2025-26,2025-10-06,2025-10-10,2025-11-05,26,224.02,224.02,Clean-Paid,,False
3595,4053,35,11,17,7,In-Network,2025-26,2025-10-06,2025-10-08,2025-11-14,37,224.02,0.0,Denied,Prior Auth Required,False
3596,4411,22,144,16,6,Out-of-Network,2025-26,2025-10-07,2025-10-07,2025-11-05,29,169.11,169.11,Clean-Paid,,False
3597,5265,29,474,9,5,Out-of-Network,2025-26,2025-10-07,2025-10-11,2025-11-15,35,140.91,140.91,Clean-Paid,,False
3598,4432,29,152,11,5,In-Network,2025-26,2025-10-07,2025-10-09,2025-11-02,24,112.57,112.57,Clean-Paid,,False
3599,5126,10,418,13,9,In-Network,2025-26,2025-10-07,2025-10-11,2025-12-03,53,224.02,224.02,Clean-Paid,,False
3600,4119,21,35,9,2,In-Network,2025-26,2025-10-07,2025-10-08,2025-11-17,40,224.02,224.02,Clean-Paid,,False
3601,4396,32,140,13,1,In-Network,2025-26,2025-10-07,2025-10-12,2025-11-30,49,103.9,103.9,Clean-Paid,,False
3602,5745,25,670,16,9,In-Network,2025-26,2025-10-07,2025-10-09,2025-12-01,53,224.02,224.02,Clean-Paid,,False
3603,5799,4,693,12,2,In-Network,2025-26,2025-10-08,2025-10-11,2025-11-07,27,33.94,33.94,Clean-Paid,,False
3604,5495,25,567,8,9,In-Network,2025-26,2025-10-08,2025-10-12,2025-12-05,54,254.28,254.28,Clean-Paid,,False
3605,4731,21,259,15,2,In-Network,2025-26,2025-10-08,2025-10-11,2025-11-06,26,130.82,130.82,Clean-Paid,,False
3606,4909,34,328,6,2,In-Network,2025-26,2025-10-09,2025-10-12,2025-11-18,37,267.74,267.74,Clean-Paid,,False
3607,4802,10,287,9,9,In-Network,2025-26,2025-10-09,2025-10-09,2025-11-16,38,224.02,224.02,Clean-Paid,,False
3608,4970,9,355,16,6,Out-of-Network,2025-26,2025-10-09,2025-10-13,2025-11-15,33,141.42,141.42,Clean-Paid,,False
3609,5772,27,682,2,9,In-Network,2025-26,2025-10-09,2025-10-09,2025-11-25,47,224.02,224.02,Clean-Paid,,False
3610,4107,13,30,16,4,In-Network,2025-26,2025-10-09,2025-10-13,2025-11-30,48,143.9,143.9,Clean-Paid,,False
3611,4999,13,369,6,4,In-Network,2025-26,2025-10-09,2025-10-10,2025-11-25,46,224.02,224.02,Clean-Paid,,False
3612,5765,25,678,3,9,In-Network,2025-26,2025-10-09,2025-10-12,2025-11-28,47,38.06,38.06,Clean-Paid,,False
3613,4487,17,172,16,5,In-Network,2025-26,2025-10-10,2025-10-15,2025-11-18,34,183.54,183.54,Clean-Paid,,False
3614,5014,19,376,12,9,In-Network,2025-26,2025-10-10,2025-10-14,2025-12-03,50,224.02,224.02,Clean-Paid,,False
3615,4373,35,131,10,7,In-Network,2025-26,2025-10-10,2025-10-10,2025-11-14,35,224.02,224.02,Clean-Paid,,False
3616,5621,30,615,5,5,In-Network,2025-26,2025-10-10,2025-10-15,2025-11-12,28,9.68,9.68,Clean-Paid,,False
3617,5418,34,536,13,2,In-Network,2025-26,2025-10-10,2025-10-13,2025-11-16,34,224.02,224.02,Clean-Paid,,False
3618,4677,5,240,10,4,In-Network,2025-26,2025-10-10,2025-10-11,2025-11-14,34,224.02,224.02,Clean-Paid,,False
3619,5199,35,446,8,7,In-Network,2025-26,2025-10-10,2025-10-13,2025-11-10,28,488.68,488.68,Clean-Paid,,True
3620,5008,5,373,20,4,In-Network,2025-26,2025-10-10,2025-10-12,2025-11-20,39,223.08,223.08,Clean-Paid,,False
3621,5235,31,464,5,2,In-Network,2025-26,2025-10-13,2025-10-17,2025-11-26,40,501.18,501.18,Clean-Paid,,True
3622,5207,12,453,10,9,In-Network,2025-26,2025-10-13,2025-10-16,2025-11-29,44,0.0,0.0,Clean-Paid,,False
3623,5295,1,486,3,4,Out-of-Network,2025-26,2025-10-13,2025-10-18,2025-11-20,33,101.42,101.42,Clean-Paid,,False
3624,5807,30,698,4,5,In-Network,2025-26,2025-10-13,2025-10-15,2025-11-17,33,224.02,224.02,Clean-Paid,,False
3625,4569,3,201,18,1,In-Network,2025-26,2025-10-13,2025-10-15,2025-11-21,37,267.74,267.74,Clean-Paid,,False
3626,5387,27,522,2,9,In-Network,2025-26,2025-10-13,2025-10-14,2025-11-22,39,738.65,738.65,Clean-Paid,,True
3627,5231,20,462,10,4,In-Network,2025-26,2025-10-13,2025-10-16,2025-11-23,38,212.37,212.37,Clean-Paid,,False
3628,4111,13,31,6,4,In-Network,2025-26,2025-10-13,2025-10-13,2025-11-19,37,166.53,166.53,Clean-Paid,,False
3629,4350,6,121,4,8,In-Network,2025-26,2025-10-14,2025-10-15,2025-11-23,39,243.54,243.54,Clean-Paid,,False
3630,5875,28,723,4,3,In-Network,2025-26,2025-10-14,2025-10-17,2025-11-20,34,192.82,0.0,Denied,Frequency Limit Exceeded,False
3631,5358,31,511,12,2,In-Network,2025-26,2025-10-14,2025-10-19,2025-11-29,41,29.68,29.68,Clean-Paid,,False
3632,4690,5,245,18,4,In-Network,2025-26,2025-10-14,2025-10-19,2025-12-03,45,223.08,223.08,Clean-Paid,,False
3633,4234,2,80,5,9,In-Network,2025-26,2025-10-15,2025-10-15,2025-11-26,42,223.08,223.08,Clean-Paid,,False
3634,4496,32,177,5,1,In-Network,2025-26,2025-10-15,2025-10-16,2025-12-04,49,224.02,224.02,Clean-Paid,,False
3635,4418,25,147,5,9,In-Network,2025-26,2025-10-15,2025-10-18,2025-12-02,45,395.58,395.58,Clean-Paid,,True
3636,5191,27,443,15,9,In-Network,2025-26,2025-10-15,2025-10-17,2025-12-10,54,223.08,223.08,Clean-Paid,,False
3637,5775,27,684,14,9,In-Network,2025-26,2025-10-15,2025-10-19,2025-12-11,53,224.02,224.02,Clean-Paid,,False
3638,5370,24,515,17,8,In-Network,2025-26,2025-10-16,2025-10-21,2025-11-27,37,166.53,166.53,Clean-Paid,,False
3639,4933,28,339,20,3,In-Network,2025-26,2025-10-16,2025-10-19,2025-11-21,33,132.57,132.57,Clean-Paid,,False
3640,4447,22,157,6,6,In-Network,2025-26,2025-10-16,2025-10-20,2025-11-25,36,224.02,224.02,Clean-Paid,,False
3641,5593,14,605,20,4,In-Network,2025-26,2025-10-17,2025-10-18,2025-11-24,37,224.02,224.02,Clean-Paid,,False
3642,5928,6,745,14,8,In-Network,2025-26,2025-10-17,2025-10-19,2025-11-24,36,237.48,237.48,Clean-Paid,,False
3643,4422,25,148,14,9,In-Network,2025-26,2025-10-17,2025-10-19,2025-12-13,55,48.47,48.47,Clean-Paid,,False
3644,5632,35,620,19,7,In-Network,2025-26,2025-10-17,2025-10-18,2025-11-22,35,254.28,254.28,Clean-Paid,,False
3645,4906,34,327,20,2,In-Network,2025-26,2025-10-17,2025-10-18,2025-11-19,32,223.08,223.08,Clean-Paid,,False
3646,5233,31,464,5,2,In-Network,2025-26,2025-10-17,2025-10-21,2025-11-27,37,224.02,224.02,Clean-Paid,,False
3647,4129,21,38,10,2,In-Network,2025-26,2025-10-17,2025-10-21,2025-11-21,31,95.07,95.07,Clean-Paid,,False
3648,4514,24,183,15,8,In-Network,2025-26,2025-10-17,2025-10-19,2025-12-04,46,223.08,223.08,Clean-Paid,,False
3649,5909,8,737,4,1,Out-of-Network,2025-26,2025-10-17,2025-10-18,2025-11-27,40,228.93,228.93,Clean-Paid,,False
3650,5437,18,544,12,1,In-Network,2025-26,2025-10-17,2025-10-20,2025-11-30,41,224.02,224.02,Clean-Paid,,False
3651,5515,22,572,13,6,In-Network,2025-26,2025-10-20,2025-10-25,2025-11-26,32,692.21,0.0,Denied,Prior Auth Required,True
3652,4179,30,58,1,5,In-Network,2025-26,2025-10-20,2025-10-22,2025-11-14,23,488.68,0.0,Denied,Prior Auth Required,True
3653,4085,21,23,15,2,In-Network,2025-26,2025-10-20,2025-10-24,2025-12-03,40,237.48,237.48,Clean-Paid,,False
3654,4978,12,359,8,9,In-Network,2025-26,2025-10-20,2025-10-22,2025-12-02,41,223.08,223.08,Clean-Paid,,False
3655,5739,10,667,15,9,In-Network,2025-26,2025-10-20,2025-10-22,2025-12-09,48,102.16,102.16,Clean-Paid,,False
3656,4553,21,195,11,2,In-Network,2025-26,2025-10-20,2025-10-24,2025-11-22,29,29.68,29.68,Clean-Paid,,False
3657,4846,27,302,16,9,In-Network,2025-26,2025-10-20,2025-10-21,2025-11-30,40,224.02,224.02,Clean-Paid,,False
3658,5762,25,677,19,9,In-Network,2025-26,2025-10-20,2025-10-25,2025-12-03,39,224.02,0.0,Denied,Missing X-Ray,False
3659,5800,8,694,16,1,Out-of-Network,2025-26,2025-10-20,2025-10-24,2025-12-06,43,285.94,285.94,Clean-Paid,,False
3660,4817,9,291,19,6,Out-of-Network,2025-26,2025-10-20,2025-10-25,2025-11-28,34,191.54,0.0,Denied,Missing X-Ray,False
3661,4746,23,266,19,5,In-Network,2025-26,2025-10-20,2025-10-21,2025-11-28,38,224.02,224.02,Clean-Paid,,False
3662,4951,29,346,3,5,In-Network,2025-26,2025-10-20,2025-10-22,2025-12-01,40,133.78,133.78,Clean-Paid,,False
3663,4434,29,153,20,5,In-Network,2025-26,2025-10-20,2025-10-20,2025-11-25,36,224.02,224.02,Clean-Paid,,False
3664,4227,34,76,8,2,In-Network,2025-26,2025-10-20,2025-10-23,2025-11-30,38,324.14,324.14,Clean-Paid,,True
3665,4974,12,357,12,9,In-Network,2025-26,2025-10-20,2025-10-25,2025-12-05,41,224.02,224.02,Clean-Paid,,False
3666,5974,9,767,3,6,In-Network,2025-26,2025-10-20,2025-10-24,2025-11-16,23,224.02,224.02,Clean-Paid,,False
3667,4696,29,247,14,5,In-Network,2025-26,2025-10-20,2025-10-25,2025-11-30,36,75.07,75.07,Clean-Paid,,False
3668,4161,15,52,19,1,Out-of-Network,2025-26,2025-10-20,2025-10-23,2025-12-06,44,285.94,285.94,Clean-Paid,,False
3669,4498,32,177,5,1,In-Network,2025-26,2025-10-20,2025-10-20,2025-11-28,39,436.62,436.62,Clean-Paid,,True
3670,4700,29,248,14,5,In-Network,2025-26,2025-10-21,2025-10-25,2025-11-19,25,38.06,38.06,Clean-Paid,,False
3671,5720,6,660,4,8,In-Network,2025-26,2025-10-21,2025-10-25,2025-11-26,32,224.02,224.02,Clean-Paid,,False
3672,4825,33,294,12,8,Out-of-Network,2025-26,2025-10-22,2025-10-24,2025-11-26,33,285.94,285.94,Clean-Paid,,False
3673,5240,31,466,16,2,In-Network,2025-26,2025-10-22,2025-10-27,2025-11-24,28,224.02,0.0,Denied,Prior Auth Required,False
3674,5092,10,406,17,9,In-Network,2025-26,2025-10-22,2025-10-27,2025-12-04,38,218.97,218.97,Clean-Paid,,False
3675,4323,5,113,2,4,Out-of-Network,2025-26,2025-10-22,2025-10-26,2025-12-01,36,298.04,298.04,Clean-Paid,,False
3676,4221,34,75,19,2,In-Network,2025-26,2025-10-22,2025-10-24,2025-12-02,39,223.08,223.08,Clean-Paid,,False
3677,5046,11,389,1,5,In-Network,2025-26,2025-10-22,2025-10-23,2025-12-01,39,75.07,75.07,Clean-Paid,,False
3678,4092,21,25,4,2,In-Network,2025-26,2025-10-22,2025-10-22,2025-11-26,35,224.02,224.02,Clean-Paid,,False
3679,5871,28,721,8,3,In-Network,2025-26,2025-10-23,2025-10-24,2025-11-19,26,224.02,224.02,Clean-Paid,,False
3680,5883,7,726,5,7,In-Network,2025-26,2025-10-23,2025-10-23,2025-12-02,40,224.02,224.02,Clean-Paid,,False
3681,5686,30,645,2,5,Out-of-Network,2025-26,2025-10-23,2025-10-25,2025-11-20,26,169.11,0.0,Denied,Prior Auth Required,False
3682,4296,10,101,8,9,In-Network,2025-26,2025-10-23,2025-10-27,2025-12-12,46,48.47,48.47,Clean-Paid,,False
3683,5093,10,407,19,9,In-Network,2025-26,2025-10-23,2025-10-25,2025-12-07,43,224.02,224.02,Clean-Paid,,False
3684,4212,3,71,20,1,Out-of-Network,2025-26,2025-10-23,2025-10-23,2025-12-01,39,217.81,217.81,Clean-Paid,,False
3685,4949,29,345,16,5,In-Network,2025-26,2025-10-23,2025-10-24,2025-11-30,37,224.02,224.02,Clean-Paid,,False
3686,4055,35,12,16,7,In-Network,2025-26,2025-10-23,2025-10-28,2025-11-30,33,254.28,254.28,Clean-Paid,,False
3687,5162,31,431,18,2,In-Network,2025-26,2025-10-23,2025-10-25,2025-11-24,30,168.0,168.0,Clean-Paid,,False
3688,4150,30,46,7,5,In-Network,2025-26,2025-10-24,2025-10-27,2025-11-24,28,98.06,98.06,Clean-Paid,,False
3689,5805,30,697,1,5,In-Network,2025-26,2025-10-24,2025-10-29,2025-11-23,25,224.02,224.02,Clean-Paid,,False
3690,4662,19,233,11,9,In-Network,2025-26,2025-10-24,2025-10-25,2025-12-16,52,68.47,68.47,Clean-Paid,,False
3691,4273,13,92,6,4,In-Network,2025-26,2025-10-24,2025-10-25,2025-12-04,40,267.74,0.0,Denied,Prior Auth Required,False
3692,4181,3,59,6,1,In-Network,2025-26,2025-10-24,2025-10-25,2025-12-08,44,162.9,162.9,Clean-Paid,,False
3693,5527,16,577,13,7,In-Network,2025-26,2025-10-24,2025-10-29,2025-12-05,37,28.47,28.47,Clean-Paid,,False
3694,4465,32,165,1,1,In-Network,2025-26,2025-10-24,2025-10-29,2025-12-02,34,224.02,224.02,Clean-Paid,,False
3695,5907,8,737,4,1,Out-of-Network,2025-26,2025-10-27,2025-10-29,2025-12-06,38,285.94,285.94,Clean-Paid,,False
3696,4186,3,62,12,1,In-Network,2025-26,2025-10-27,2025-11-01,2025-12-10,39,224.02,224.02,Clean-Paid,,False
3697,5128,10,418,13,9,In-Network,2025-26,2025-10-27,2025-11-01,2025-12-24,53,38.06,38.06,Clean-Paid,,False
3698,4197,2,66,10,9,In-Network,2025-26,2025-10-27,2025-10-27,2025-12-12,46,130.82,130.82,Clean-Paid,,False
3699,5220,1,459,19,4,In-Network,2025-26,2025-10-27,2025-10-30,2025-12-13,44,224.02,224.02,Clean-Paid,,False
3700,5831,24,705,13,8,In-Network,2025-26,2025-10-27,2025-10-29,2025-11-28,30,93.78,93.78,Clean-Paid,,False
3701,4277,13,93,6,4,In-Network,2025-26,2025-10-27,2025-11-01,2025-12-12,41,192.82,192.82,Clean-Paid,,False
3702,5483,2,561,6,9,In-Network,2025-26,2025-10-27,2025-10-30,2025-12-13,44,93.78,0.0,Denied,Frequency Limit Exceeded,False
3703,4101,20,28,4,4,In-Network,2025-26,2025-10-27,2025-10-31,2025-12-10,40,167.74,0.0,Denied,Prior Auth Required,False
3704,4706,3,251,9,1,Out-of-Network,2025-26,2025-10-27,2025-10-27,2025-12-14,48,285.94,285.94,Clean-Paid,,False
3705,4525,1,187,6,4,In-Network,2025-26,2025-10-27,2025-10-28,2025-12-12,45,224.02,224.02,Clean-Paid,,False
3706,4488,17,172,16,5,In-Network,2025-26,2025-10-27,2025-10-27,2025-11-20,24,162.16,162.16,Clean-Paid,,False
3707,5181,18,439,14,1,Out-of-Network,2025-26,2025-10-27,2025-10-31,2025-12-16,46,231.54,0.0,Denied,Missing X-Ray,False
3708,5946,31,755,11,2,In-Network,2025-26,2025-10-27,2025-10-28,2025-11-29,32,224.02,224.02,Clean-Paid,,False
3709,5006,5,372,20,4,In-Network,2025-26,2025-10-27,2025-10-27,2025-12-07,41,254.28,254.28,Clean-Paid,,False
3710,4732,21,260,1,2,In-Network,2025-26,2025-10-27,2025-10-27,2025-11-29,33,223.08,0.0,Denied,Coding Error,False
3711,5641,32,624,6,1,In-Network,2025-26,2025-10-27,2025-10-28,2025-12-05,38,224.02,224.02,Clean-Paid,,False
3712,5198,35,446,8,7,In-Network,2025-26,2025-10-28,2025-10-31,2025-12-04,34,199.17,199.17,Clean-Paid,,False
3713,4827,33,294,12,8,Out-of-Network,2025-26,2025-10-28,2025-10-31,2025-12-14,44,251.54,0.0,Denied,Missing X-Ray,False
3714,5396,32,526,19,1,Out-of-Network,2025-26,2025-10-28,2025-10-31,2025-12-07,37,285.94,285.94,Clean-Paid,,False
3715,4603,21,213,10,2,In-Network,2025-26,2025-10-29,2025-10-31,2025-11-26,26,224.02,224.02,Clean-Paid,,False
3716,5846,16,712,17,7,In-Network,2025-26,2025-10-29,2025-11-02,2025-12-11,39,223.08,223.08,Clean-Paid,,False
3717,5546,35,585,20,7,In-Network,2025-26,2025-10-29,2025-10-29,2025-12-06,38,144.75,144.75,Clean-Paid,,False
3718,4090,21,24,20,2,In-Network,2025-26,2025-10-29,2025-10-30,2025-12-02,33,69.68,69.68,Clean-Paid,,False
3719,5393,32,525,13,1,In-Network,2025-26,2025-10-29,2025-10-29,2025-12-15,47,224.02,224.02,Clean-Paid,,False
3720,5166,31,433,20,2,In-Network,2025-26,2025-10-29,2025-10-31,2025-11-29,29,223.08,223.08,Clean-Paid,,False
3721,4973,12,356,16,9,In-Network,2025-26,2025-10-30,2025-11-04,2025-12-23,49,79.17,0.0,Denied,Missing X-Ray,False
3722,5247,31,468,18,2,In-Network,2025-26,2025-10-30,2025-11-01,2025-12-06,35,93.78,93.78,Clean-Paid,,False
3723,6008,22,779,10,6,In-Network,2025-26,2025-10-30,2025-11-03,2025-11-28,25,73.78,73.78,Clean-Paid,,False
3724,5044,11,389,1,5,In-Network,2025-26,2025-10-30,2025-10-31,2025-12-09,39,224.02,224.02,Clean-Paid,,False
3725,5646,33,626,5,8,In-Network,2025-26,2025-10-30,2025-11-01,2025-12-02,31,224.02,224.02,Clean-Paid,,False
3726,4478,32,169,15,1,In-Network,2025-26,2025-10-30,2025-10-31,2025-12-06,36,241.96,241.96,Clean-Paid,,False
3727,5470,25,557,9,9,In-Network,2025-26,2025-10-31,2025-10-31,2025-12-22,52,224.02,224.02,Clean-Paid,,False
3728,4088,21,24,20,2,In-Network,2025-26,2025-10-31,2025-11-03,2025-12-13,40,224.02,224.02,Clean-Paid,,False
3729,5439,18,545,11,1,Out-of-Network,2025-26,2025-10-31,2025-11-03,2025-12-13,40,285.94,285.94,Clean-Paid,,False
3730,4820,9,292,2,6,Out-of-Network,2025-26,2025-11-03,2025-11-06,2025-11-30,24,247.07,0.0,Denied,Frequency Limit Exceeded,False
3731,5540,16,582,14,7,In-Network,2025-26,2025-11-03,2025-11-04,2025-12-01,27,224.02,224.02,Clean-Paid,,False
3732,4749,23,267,3,5,In-Network,2025-26,2025-11-03,2025-11-04,2025-12-12,38,192.82,192.82,Clean-Paid,,False
3733,5949,16,757,4,7,In-Network,2025-26,2025-11-03,2025-11-07,2025-12-09,32,224.02,224.02,Clean-Paid,,False
3734,4381,35,134,4,7,In-Network,2025-26,2025-11-03,2025-11-06,2025-12-17,41,192.82,192.82,Clean-Paid,,False
3735,4241,6,81,18,8,In-Network,2025-26,2025-11-03,2025-11-05,2025-12-07,32,153.58,153.58,Clean-Paid,,False
3736,4828,33,295,19,8,In-Network,2025-26,2025-11-03,2025-11-05,2025-12-19,44,224.02,224.02,Clean-Paid,,False
3737,5919,6,742,10,8,In-Network,2025-26,2025-11-03,2025-11-07,2025-12-06,29,224.02,224.02,Clean-Paid,,False
3738,4303,15,104,2,1,Out-of-Network,2025-26,2025-11-03,2025-11-08,2025-12-13,35,298.04,298.04,Clean-Paid,,False
3739,4430,29,152,11,5,In-Network,2025-26,2025-11-03,2025-11-07,2025-12-02,25,224.02,224.02,Clean-Paid,,False
3740,4462,29,162,15,5,In-Network,2025-26,2025-11-03,2025-11-06,2025-12-10,34,224.02,224.02,Clean-Paid,,False
3741,5869,3,720,2,1,Out-of-Network,2025-26,2025-11-03,2025-11-06,2025-12-18,42,189.11,189.11,Clean-Paid,,False
3742,4752,23,268,12,5,In-Network,2025-26,2025-11-03,2025-11-06,2025-11-30,24,224.02,0.0,Denied,Frequency Limit Exceeded,False
3743,5028,22,381,15,6,In-Network,2025-26,2025-11-03,2025-11-07,2025-12-07,30,75.07,75.07,Clean-Paid,,False
3744,5243,31,466,16,2,In-Network,2025-26,2025-11-03,2025-11-06,2025-12-10,34,58.06,0.0,Denied,Prior Auth Required,False
3745,4463,34,163,3,2,In-Network,2025-26,2025-11-04,2025-11-09,2025-12-14,35,224.02,224.02,Clean-Paid,,False
3746,4315,1,110,17,4,In-Network,2025-26,2025-11-04,2025-11-05,2025-12-17,42,224.02,0.0,Denied,Coding Error,False
3747,4748,23,266,19,5,In-Network,2025-26,2025-11-04,2025-11-08,2025-12-10,32,112.57,112.57,Clean-Paid,,False
3748,5009,5,374,8,4,In-Network,2025-26,2025-11-04,2025-11-09,2025-12-28,49,223.08,223.08,Clean-Paid,,False
3749,5509,22,571,8,6,In-Network,2025-26,2025-11-04,2025-11-08,2025-12-03,25,224.02,0.0,Denied,Missing X-Ray,False
3750,5724,6,661,3,8,In-Network,2025-26,2025-11-04,2025-11-08,2025-12-21,43,83.9,83.9,Clean-Paid,,False
3751,4297,10,102,10,9,In-Network,2025-26,2025-11-05,2025-11-05,2025-12-22,47,224.02,224.02,Clean-Paid,,False
3752,4145,30,45,19,5,In-Network,2025-26,2025-11-05,2025-11-10,2025-12-15,35,224.02,0.0,Denied,Coding Error,False
3753,4351,3,122,20,1,Out-of-Network,2025-26,2025-11-05,2025-11-09,2025-12-19,40,285.94,285.94,Clean-Paid,,False
3754,5258,29,472,20,5,In-Network,2025-26,2025-11-06,2025-11-10,2025-12-14,34,183.54,183.54,Clean-Paid,,False
3755,4833,33,297,12,8,Out-of-Network,2025-26,2025-11-06,2025-11-06,2025-12-21,45,298.04,298.04,Clean-Paid,,False
3756,4709,3,252,8,1,In-Network,2025-26,2025-11-06,2025-11-08,2025-12-19,41,223.08,223.08,Clean-Paid,,False
3757,4329,4,115,15,2,In-Network,2025-26,2025-11-06,2025-11-11,2025-12-09,28,254.28,0.0,Denied,Prior Auth Required,False
3758,4224,34,76,8,2,In-Network,2025-26,2025-11-06,2025-11-10,2025-12-10,30,224.02,224.02,Clean-Paid,,False
3759,4453,22,159,16,6,Out-of-Network,2025-26,2025-11-06,2025-11-06,2025-12-14,38,258.13,258.13,Clean-Paid,,False
3760,4305,15,105,17,1,Out-of-Network,2025-26,2025-11-06,2025-11-06,2025-12-08,32,285.94,285.94,Clean-Paid,,False
3761,4612,20,216,9,4,Out-of-Network,2025-26,2025-11-07,2025-11-07,2025-12-20,43,248.33,0.0,Denied,Max Benefit Exceeded,False
3762,4927,31,337,2,2,In-Network,2025-26,2025-11-07,2025-11-07,2025-12-06,29,223.08,223.08,Clean-Paid,,False
3763,5149,31,427,19,2,In-Network,2025-26,2025-11-07,2025-11-09,2025-12-20,41,192.82,192.82,Clean-Paid,,False
3764,4858,34,307,9,2,In-Network,2025-26,2025-11-07,2025-11-09,2025-12-19,40,224.02,224.02,Clean-Paid,,False
3765,5722,6,660,4,8,In-Network,2025-26,2025-11-10,2025-11-14,2025-12-13,29,395.58,395.58,Clean-Paid,,True
3766,4033,10,3,9,9,In-Network,2025-26,2025-11-10,2025-11-14,2025-12-29,45,224.02,0.0,Denied,Frequency Limit Exceeded,False
3767,5503,17,569,2,5,Out-of-Network,2025-26,2025-11-10,2025-11-13,2025-12-19,36,285.94,285.94,Clean-Paid,,False
3768,6017,25,784,18,9,In-Network,2025-26,2025-11-10,2025-11-15,2026-01-05,51,223.08,223.08,Clean-Paid,,False
3769,4894,16,322,17,7,In-Network,2025-26,2025-11-10,2025-11-15,2025-12-14,29,224.02,224.02,Clean-Paid,,False
3770,4719,32,255,1,1,In-Network,2025-26,2025-11-10,2025-11-15,2026-01-01,47,103.9,103.9,Clean-Paid,,False
3771,5297,1,487,9,4,Out-of-Network,2025-26,2025-11-11,2025-11-11,2025-12-26,45,101.42,101.42,Clean-Paid,,False
3772,4069,8,17,6,1,In-Network,2025-26,2025-11-11,2025-11-15,2025-12-29,44,224.02,224.02,Clean-Paid,,False
3773,5205,22,452,13,6,In-Network,2025-26,2025-11-11,2025-11-14,2025-12-13,29,224.02,0.0,Denied,Frequency Limit Exceeded,False
3774,4215,34,73,10,2,In-Network,2025-26,2025-11-11,2025-11-11,2025-12-24,43,224.02,224.02,Clean-Paid,,False
3775,6038,32,794,5,1,In-Network,2025-26,2025-11-11,2025-11-14,2025-12-31,47,173.58,173.58,Clean-Paid,,False
3776,5785,4,689,17,2,In-Network,2025-26,2025-11-11,2025-11-15,2025-12-19,34,224.02,0.0,Denied,Coding Error,False
3777,4780,3,278,7,1,In-Network,2025-26,2025-11-11,2025-11-13,2025-12-15,32,212.37,212.37,Clean-Paid,,False
3778,4852,11,304,12,5,In-Network,2025-26,2025-11-11,2025-11-16,2025-12-25,39,143.9,143.9,Clean-Paid,,False
3779,6020,19,785,10,9,In-Network,2025-26,2025-11-12,2025-11-16,2026-01-05,50,224.02,224.02,Clean-Paid,,False
3780,5915,6,740,18,8,In-Network,2025-26,2025-11-12,2025-11-16,2025-12-23,37,224.02,224.02,Clean-Paid,,False
3781,4113,12,32,20,9,In-Network,2025-26,2025-11-12,2025-11-13,2025-12-23,40,224.02,0.0,Denied,Prior Auth Required,False
3782,4623,20,219,20,4,In-Network,2025-26,2025-11-12,2025-11-15,2025-12-19,34,704.71,704.71,Clean-Paid,,True
3783,5810,33,699,20,8,In-Network,2025-26,2025-11-12,2025-11-12,2025-12-20,38,224.02,224.02,Clean-Paid,,False
3784,4919,5,334,7,4,In-Network,2025-26,2025-11-12,2025-11-12,2025-12-24,42,223.08,223.08,Clean-Paid,,False
3785,5399,1,527,20,4,In-Network,2025-26,2025-11-13,2025-11-17,2026-01-05,49,224.02,224.02,Clean-Paid,,False
3786,4519,8,185,2,1,Out-of-Network,2025-26,2025-11-13,2025-11-16,2025-12-21,35,285.94,285.94,Clean-Paid,,False
3787,5782,27,687,7,9,In-Network,2025-26,2025-11-13,2025-11-14,2025-12-23,39,0.0,0.0,Clean-Paid,,False
3788,5702,2,652,2,9,In-Network,2025-26,2025-11-13,2025-11-17,2026-01-03,47,298.94,298.94,Clean-Paid,,False
3789,5309,16,492,16,7,In-Network,2025-26,2025-11-13,2025-11-13,2025-12-24,41,299.14,299.14,Clean-Paid,,True
3790,5660,35,635,13,7,In-Network,2025-26,2025-11-13,2025-11-17,2025-12-25,38,224.02,224.02,Clean-Paid,,False
3791,5568,31,595,18,2,In-Network,2025-26,2025-11-13,2025-11-13,2025-12-09,26,224.02,224.02,Clean-Paid,,False
3792,4815,9,291,19,6,Out-of-Network,2025-26,2025-11-14,2025-11-19,2025-12-25,36,258.13,258.13,Clean-Paid,,False
3793,4944,6,343,19,8,In-Network,2025-26,2025-11-14,2025-11-15,2025-12-27,42,254.28,254.28,Clean-Paid,,False
3794,4584,14,206,9,4,Out-of-Network,2025-26,2025-11-14,2025-11-18,2025-12-23,35,359.54,359.54,Clean-Paid,,False
3795,4660,19,232,12,9,In-Network,2025-26,2025-11-14,2025-11-15,2026-01-07,53,58.94,0.0,Denied,Prior Auth Required,False
3796,5318,21,495,10,2,In-Network,2025-26,2025-11-14,2025-11-18,2025-12-31,43,103.9,0.0,Denied,Prior Auth Required,False
3797,5561,15,592,4,1,Out-of-Network,2025-26,2025-11-14,2025-11-15,2025-12-25,40,298.04,298.04,Clean-Paid,,False
3798,5794,4,692,9,2,In-Network,2025-26,2025-11-14,2025-11-15,2025-12-21,36,223.08,223.08,Clean-Paid,,False
3799,5894,14,730,13,4,In-Network,2025-26,2025-11-17,2025-11-22,2026-01-03,42,224.02,224.02,Clean-Paid,,False
3800,5734,9,665,5,6,In-Network,2025-26,2025-11-17,2025-11-19,2025-12-28,39,418.06,0.0,Denied,Prior Auth Required,True
3801,5226,20,461,18,4,In-Network,2025-26,2025-11-17,2025-11-21,2026-01-10,50,122.16,122.16,Clean-Paid,,False
3802,4616,20,217,15,4,In-Network,2025-26,2025-11-17,2025-11-22,2026-01-04,43,224.02,224.02,Clean-Paid,,False
3803,4937,6,341,2,8,In-Network,2025-26,2025-11-17,2025-11-18,2025-12-31,43,224.02,224.02,Clean-Paid,,False
3804,5998,15,776,15,1,In-Network,2025-26,2025-11-17,2025-11-18,2026-01-06,49,224.02,0.0,Denied,Prior Auth Required,False
3805,5164,31,432,1,2,In-Network,2025-26,2025-11-17,2025-11-19,2025-12-29,40,192.82,192.82,Clean-Paid,,False
3806,5591,11,603,13,5,In-Network,2025-26,2025-11-17,2025-11-19,2025-12-28,39,224.02,224.02,Clean-Paid,,False
3807,5965,35,763,6,7,In-Network,2025-26,2025-11-17,2025-11-21,2026-01-01,41,73.78,73.78,Clean-Paid,,False
3808,4742,16,264,12,7,In-Network,2025-26,2025-11-17,2025-11-20,2025-12-30,40,224.02,224.02,Clean-Paid,,False
3809,4751,23,267,3,5,In-Network,2025-26,2025-11-17,2025-11-19,2025-12-17,28,311.64,311.64,Clean-Paid,,True
3810,5382,27,520,10,9,In-Network,2025-26,2025-11-17,2025-11-20,2025-12-31,41,64.1,64.1,Clean-Paid,,False
3811,5095,30,408,14,5,In-Network,2025-26,2025-11-17,2025-11-20,2025-12-18,28,224.02,224.02,Clean-Paid,,False
3812,5573,31,597,13,2,In-Network,2025-26,2025-11-18,2025-11-19,2025-12-24,35,224.02,224.02,Clean-Paid,,False
3813,5316,16,494,18,7,In-Network,2025-26,2025-11-18,2025-11-19,2025-12-16,27,82.16,82.16,Clean-Paid,,False
3814,5332,12,501,3,9,In-Network,2025-26,2025-11-18,2025-11-19,2026-01-10,52,267.74,267.74,Clean-Paid,,False
3815,5074,30,399,7,5,In-Network,2025-26,2025-11-19,2025-11-21,2025-12-22,31,776.15,776.15,Clean-Paid,,True
3816,5756,2,674,18,9,In-Network,2025-26,2025-11-19,2025-11-22,2026-01-04,43,267.74,267.74,Clean-Paid,,False
3817,4554,21,195,11,2,In-Network,2025-26,2025-11-19,2025-11-24,2025-12-31,37,83.94,83.94,Clean-Paid,,False
3818,4743,16,264,12,7,In-Network,2025-26,2025-11-19,2025-11-20,2025-12-19,29,63.9,0.0,Denied,Max Benefit Exceeded,False
3819,4079,21,20,5,2,In-Network,2025-26,2025-11-19,2025-11-21,2026-01-03,43,29.68,29.68,Clean-Paid,,False
3820,5010,5,374,8,4,In-Network,2025-26,2025-11-19,2025-11-23,2026-01-05,43,0.0,0.0,Denied,Coding Error,False
3821,4671,8,238,11,1,Out-of-Network,2025-26,2025-11-20,2025-11-22,2026-01-07,46,298.04,298.04,Clean-Paid,,False
3822,5279,12,479,6,9,In-Network,2025-26,2025-11-20,2025-11-20,2026-01-11,52,224.02,224.02,Clean-Paid,,False
3823,5354,14,510,16,4,In-Network,2025-26,2025-11-20,2025-11-24,2026-01-13,50,224.02,224.02,Clean-Paid,,False
3824,5419,15,537,8,1,In-Network,2025-26,2025-11-20,2025-11-24,2026-01-05,42,224.02,224.02,Clean-Paid,,False
3825,4587,14,206,9,4,Out-of-Network,2025-26,2025-11-21,2025-11-25,2026-01-01,37,162.66,162.66,Clean-Paid,,False
3826,4425,25,149,11,9,In-Network,2025-26,2025-11-21,2025-11-26,2026-01-15,50,692.21,692.21,Clean-Paid,,True
3827,5725,6,662,17,8,In-Network,2025-26,2025-11-24,2025-11-26,2025-12-28,32,192.82,192.82,Clean-Paid,,False
3828,5896,14,731,1,4,In-Network,2025-26,2025-11-24,2025-11-29,2026-01-15,47,224.02,224.02,Clean-Paid,,False
3829,5836,24,709,16,8,In-Network,2025-26,2025-11-24,2025-11-27,2026-01-10,44,224.02,224.02,Clean-Paid,,False
3830,4601,21,211,18,2,In-Network,2025-26,2025-11-24,2025-11-25,2025-12-29,34,501.18,501.18,Clean-Paid,,True
3831,5230,20,462,10,4,In-Network,2025-26,2025-11-24,2025-11-25,2026-01-14,50,108.47,0.0,Denied,Max Benefit Exceeded,False
3832,4624,21,220,7,2,In-Network,2025-26,2025-11-24,2025-11-29,2025-12-25,26,224.02,0.0,Denied,Prior Auth Required,False
3833,4199,3,68,11,1,Out-of-Network,2025-26,2025-11-24,2025-11-26,2026-01-12,47,285.94,285.94,Clean-Paid,,False
3834,5624,35,617,14,7,In-Network,2025-26,2025-11-24,2025-11-29,2026-01-05,37,224.02,224.02,Clean-Paid,,False
3835,4028,24,1,16,8,In-Network,2025-26,2025-11-24,2025-11-24,2026-01-05,42,352.68,0.0,Denied,Prior Auth Required,True
3836,5738,10,667,15,9,In-Network,2025-26,2025-11-24,2025-11-24,2026-01-16,53,192.82,192.82,Clean-Paid,,False
3837,5599,14,608,10,4,In-Network,2025-26,2025-11-24,2025-11-28,2026-01-12,45,224.02,224.02,Clean-Paid,,False
3838,5942,31,754,12,2,In-Network,2025-26,2025-11-24,2025-11-27,2025-12-31,34,223.08,223.08,Clean-Paid,,False
3839,5402,1,528,7,4,In-Network,2025-26,2025-11-24,2025-11-28,2025-12-31,33,224.02,224.02,Clean-Paid,,False
3840,5035,22,384,4,6,Out-of-Network,2025-26,2025-11-24,2025-11-26,2025-12-29,33,110.12,0.0,Denied,Frequency Limit Exceeded,False
3841,5981,26,769,11,4,In-Network,2025-26,2025-11-25,2025-11-28,2026-01-12,45,122.16,122.16,Clean-Paid,,False
3842,4619,20,218,12,4,Out-of-Network,2025-26,2025-11-25,2025-11-27,2026-01-04,38,258.13,258.13,Clean-Paid,,False
3843,5790,4,691,10,2,In-Network,2025-26,2025-11-25,2025-11-25,2026-01-05,41,224.02,224.02,Clean-Paid,,False
3844,5855,2,714,19,9,In-Network,2025-26,2025-11-26,2025-11-27,2026-01-11,45,103.9,103.9,Clean-Paid,,False
3845,5447,35,549,15,7,In-Network,2025-26,2025-11-26,2025-11-26,2025-12-29,33,224.02,224.02,Clean-Paid,,False
3846,5313,16,494,18,7,In-Network,2025-26,2025-11-26,2025-11-27,2025-12-24,27,192.82,192.82,Clean-Paid,,False
3847,5959,23,761,10,5,In-Network,2025-26,2025-11-26,2025-11-29,2025-12-24,25,224.02,224.02,Clean-Paid,,False
3848,5668,35,638,8,7,In-Network,2025-26,2025-11-26,2025-12-01,2025-12-30,29,75.07,75.07,Clean-Paid,,False
3849,4981,29,360,6,5,In-Network,2025-26,2025-11-26,2025-11-29,2025-12-30,31,139.17,139.17,Clean-Paid,,False
3850,5696,5,649,2,4,Out-of-Network,2025-26,2025-11-27,2025-12-01,2026-01-14,44,258.13,258.13,Clean-Paid,,False
3851,4030,24,2,13,8,In-Network,2025-26,2025-11-27,2025-11-29,2025-12-30,31,224.02,224.02,Clean-Paid,,False
3852,4636,21,224,19,2,In-Network,2025-26,2025-11-27,2025-12-02,2025-12-28,26,384.12,0.0,Denied,Prior Auth Required,True
3853,5222,1,460,18,4,In-Network,2025-26,2025-11-27,2025-11-29,2026-01-03,35,224.02,224.02,Clean-Paid,,False
3854,5771,25,681,15,9,In-Network,2025-26,2025-11-27,2025-11-27,2026-01-12,46,224.02,224.02,Clean-Paid,,False
3855,5638,32,622,17,1,Out-of-Network,2025-26,2025-11-28,2025-11-30,2026-01-02,33,298.19,298.19,Clean-Paid,,False
3856,5015,19,376,12,9,In-Network,2025-26,2025-12-01,2025-12-01,2026-01-19,49,103.9,0.0,Denied,Max Benefit Exceeded,False
3857,5380,27,519,16,9,In-Network,2025-26,2025-12-01,2025-12-04,2026-01-12,39,224.02,224.02,Clean-Paid,,False
3858,5353,14,509,15,4,In-Network,2025-26,2025-12-01,2025-12-02,2026-01-11,40,23.9,23.9,Clean-Paid,,False
3859,4588,14,207,10,4,In-Network,2025-26,2025-12-01,2025-12-03,2026-01-10,38,224.02,224.02,Clean-Paid,,False
3860,5788,4,690,20,2,In-Network,2025-26,2025-12-01,2025-12-06,2026-01-07,32,163.54,163.54,Clean-Paid,,False
3861,5798,4,693,12,2,In-Network,2025-26,2025-12-01,2025-12-01,2026-01-05,35,135.07,135.07,Clean-Paid,,False
3862,5612,30,613,1,5,In-Network,2025-26,2025-12-01,2025-12-02,2025-12-31,29,224.02,224.02,Clean-Paid,,False
3863,5336,35,502,20,7,In-Network,2025-26,2025-12-01,2025-12-03,2026-01-12,40,224.02,224.02,Clean-Paid,,False
3864,4438,29,154,8,5,In-Network,2025-26,2025-12-01,2025-12-02,2025-12-28,26,254.28,254.28,Clean-Paid,,False
3865,4870,34,311,8,2,In-Network,2025-26,2025-12-01,2025-12-05,2026-01-06,32,203.54,203.54,Clean-Paid,,False
3866,5870,3,720,2,1,Out-of-Network,2025-26,2025-12-01,2025-12-05,2026-01-15,41,282.66,282.66,Clean-Paid,,False
3867,5665,35,637,1,7,In-Network,2025-26,2025-12-01,2025-12-03,2026-01-04,32,73.78,73.78,Clean-Paid,,False
3868,4029,24,1,16,8,In-Network,2025-26,2025-12-01,2025-12-03,2026-01-11,39,199.17,199.17,Clean-Paid,,False
3869,4174,30,56,8,5,In-Network,2025-26,2025-12-01,2025-12-02,2026-01-03,32,237.48,237.48,Clean-Paid,,False
3870,4898,16,323,2,7,In-Network,2025-26,2025-12-02,2025-12-06,2026-01-10,35,476.18,476.18,Clean-Paid,,True
3871,4288,32,98,13,1,In-Network,2025-26,2025-12-02,2025-12-06,2026-01-19,44,68.47,0.0,Denied,Frequency Limit Exceeded,False
3872,5274,28,477,20,3,In-Network,2025-26,2025-12-02,2025-12-07,2026-01-06,30,224.02,224.02,Clean-Paid,,False
3873,4968,9,354,7,6,In-Network,2025-26,2025-12-02,2025-12-05,2026-01-08,34,129.14,129.14,Clean-Paid,,False
3874,4446,22,156,20,6,Out-of-Network,2025-26,2025-12-02,2025-12-06,2026-01-11,36,136.95,136.95,Clean-Paid,,False
3875,4725,21,257,12,2,In-Network,2025-26,2025-12-03,2025-12-08,2026-01-12,35,193.13,193.13,Clean-Paid,,False
3876,4783,3,279,20,1,Out-of-Network,2025-26,2025-12-03,2025-12-04,2026-01-16,43,327.07,0.0,Denied,Prior Auth Required,False
3877,5944,31,754,12,2,In-Network,2025-26,2025-12-03,2025-12-06,2026-01-15,40,352.68,0.0,Denied,Prior Auth Required,True
3878,4882,17,318,4,5,In-Network,2025-26,2025-12-03,2025-12-04,2026-01-03,30,237.48,237.48,Clean-Paid,,False
3879,5390,27,524,4,9,In-Network,2025-26,2025-12-03,2025-12-05,2026-01-19,45,192.82,192.82,Clean-Paid,,False
3880,5818,33,702,10,8,In-Network,2025-26,2025-12-03,2025-12-05,2026-01-19,45,192.82,192.82,Clean-Paid,,False
3881,4100,20,28,4,4,In-Network,2025-26,2025-12-03,2025-12-04,2026-01-08,35,224.02,224.02,Clean-Paid,,False
3882,5472,25,557,9,9,In-Network,2025-26,2025-12-03,2025-12-04,2026-01-21,48,48.47,48.47,Clean-Paid,,False
3883,4155,15,49,17,1,Out-of-Network,2025-26,2025-12-04,2025-12-05,2026-01-18,44,285.94,285.94,Clean-Paid,,False
3884,4245,6,83,8,8,In-Network,2025-26,2025-12-04,2025-12-04,2026-01-15,42,153.58,153.58,Clean-Paid,,False
3885,5999,15,776,15,1,In-Network,2025-26,2025-12-04,2025-12-08,2026-01-18,41,64.1,64.1,Clean-Paid,,False
3886,4051,35,10,8,7,In-Network,2025-26,2025-12-04,2025-12-07,2026-01-04,28,218.97,218.97,Clean-Paid,,False
3887,4249,26,84,11,4,In-Network,2025-26,2025-12-04,2025-12-08,2026-01-17,40,159.17,159.17,Clean-Paid,,False
3888,4176,30,57,9,5,Out-of-Network,2025-26,2025-12-05,2025-12-06,2026-01-14,39,258.13,258.13,Clean-Paid,,False
3889,5821,33,702,10,8,In-Network,2025-26,2025-12-05,2025-12-10,2026-01-22,43,73.78,73.78,Clean-Paid,,False
3890,5053,11,391,8,5,In-Network,2025-26,2025-12-05,2025-12-07,2026-01-13,37,66.46,0.0,Denied,Max Benefit Exceeded,False
3891,5713,20,656,15,4,In-Network,2025-26,2025-12-05,2025-12-09,2026-01-25,47,29.68,29.68,Clean-Paid,,False
3892,4768,29,274,10,5,In-Network,2025-26,2025-12-05,2025-12-09,2026-01-15,37,224.02,224.02,Clean-Paid,,False
3893,5368,24,515,17,8,In-Network,2025-26,2025-12-05,2025-12-10,2026-01-20,41,223.08,223.08,Clean-Paid,,False
3894,5323,21,497,14,2,In-Network,2025-26,2025-12-08,2025-12-12,2026-01-09,28,223.08,223.08,Clean-Paid,,False
3895,5171,18,435,12,1,In-Network,2025-26,2025-12-08,2025-12-10,2026-01-19,40,224.02,224.02,Clean-Paid,,False
3896,4469,32,167,20,1,Out-of-Network,2025-26,2025-12-08,2025-12-08,2026-01-25,48,298.04,298.04,Clean-Paid,,False
3897,5097,30,408,14,5,In-Network,2025-26,2025-12-08,2025-12-10,2026-01-13,34,102.16,102.16,Clean-Paid,,False
3898,4667,8,236,8,1,In-Network,2025-26,2025-12-08,2025-12-09,2026-01-23,45,92.88,92.88,Clean-Paid,,False
3899,5874,28,722,10,3,In-Network,2025-26,2025-12-08,2025-12-11,2026-01-05,25,173.58,173.58,Clean-Paid,,False
3900,4837,27,298,20,9,In-Network,2025-26,2025-12-08,2025-12-10,2026-01-21,42,88.0,88.0,Clean-Paid,,False
3901,5410,31,533,2,2,In-Network,2025-26,2025-12-08,2025-12-12,2026-01-22,41,223.08,223.08,Clean-Paid,,False
3902,5392,27,524,4,9,In-Network,2025-26,2025-12-08,2025-12-11,2026-01-30,50,0.0,0.0,Clean-Paid,,False
3903,5216,12,457,9,9,In-Network,2025-26,2025-12-08,2025-12-08,2026-01-24,47,451.18,451.18,Clean-Paid,,True
3904,4611,20,215,11,4,In-Network,2025-26,2025-12-08,2025-12-13,2026-01-15,33,58.06,58.06,Clean-Paid,,False
3905,5930,16,747,15,7,In-Network,2025-26,2025-12-08,2025-12-13,2026-01-25,43,224.02,224.02,Clean-Paid,,False
3906,4045,23,8,4,5,In-Network,2025-26,2025-12-08,2025-12-11,2026-01-15,35,102.16,102.16,Clean-Paid,,False
3907,4923,5,335,14,4,In-Network,2025-26,2025-12-08,2025-12-12,2026-01-22,41,418.06,418.06,Clean-Paid,,True
3908,4861,34,308,18,2,In-Network,2025-26,2025-12-08,2025-12-09,2026-01-11,33,254.28,254.28,Clean-Paid,,False
3909,4159,15,50,1,1,In-Network,2025-26,2025-12-08,2025-12-08,2026-01-26,49,224.02,0.0,Denied,Max Benefit Exceeded,False
3910,4557,9,196,7,6,In-Network,2025-26,2025-12-08,2025-12-13,2026-01-12,30,0.0,0.0,Clean-Paid,,False
3911,4103,20,29,12,4,Out-of-Network,2025-26,2025-12-08,2025-12-10,2026-01-20,41,285.94,0.0,Denied,Frequency Limit Exceeded,False
3912,5301,16,489,13,7,In-Network,2025-26,2025-12-08,2025-12-09,2026-01-10,32,224.02,224.02,Clean-Paid,,False
3913,4158,15,49,17,1,Out-of-Network,2025-26,2025-12-08,2025-12-08,2026-01-18,41,218.37,0.0,Denied,Coverage Terminated,False
3914,4716,32,254,1,1,In-Network,2025-26,2025-12-08,2025-12-13,2026-01-23,41,212.37,212.37,Clean-Paid,,False
3915,5657,14,632,1,4,In-Network,2025-26,2025-12-08,2025-12-09,2026-01-20,42,79.17,79.17,Clean-Paid,,False
3916,5589,11,602,12,5,In-Network,2025-26,2025-12-08,2025-12-11,2026-01-11,31,192.37,192.37,Clean-Paid,,False
3917,4292,32,99,12,1,In-Network,2025-26,2025-12-08,2025-12-09,2026-01-24,46,193.13,193.13,Clean-Paid,,False
3918,5618,30,615,5,5,In-Network,2025-26,2025-12-09,2025-12-14,2026-01-18,35,224.02,224.02,Clean-Paid,,False
3919,5167,31,433,20,2,In-Network,2025-26,2025-12-09,2025-12-09,2026-01-06,28,201.96,201.96,Clean-Paid,,False
3920,4516,24,183,15,8,In-Network,2025-26,2025-12-09,2025-12-10,2026-01-09,30,238.97,0.0,Denied,Missing X-Ray,False
3921,4679,5,241,12,4,Out-of-Network,2025-26,2025-12-10,2025-12-14,2026-01-28,45,285.94,285.94,Clean-Paid,,False
3922,4771,29,274,10,5,In-Network,2025-26,2025-12-10,2025-12-14,2026-01-20,37,98.06,98.06,Clean-Paid,,False
3923,6042,32,796,14,1,Out-of-Network,2025-26,2025-12-10,2025-12-10,2026-01-16,37,285.94,285.94,Clean-Paid,,False
3924,5343,16,505,8,7,In-Network,2025-26,2025-12-10,2025-12-12,2026-01-14,33,224.02,224.02,Clean-Paid,,False
3925,5809,30,698,4,5,In-Network,2025-26,2025-12-10,2025-12-10,2026-01-09,30,153.58,153.58,Clean-Paid,,False
3926,4792,3,283,14,1,Out-of-Network,2025-26,2025-12-11,2025-12-11,2026-01-21,41,137.19,137.19,Clean-Paid,,False
3927,4165,15,53,9,1,Out-of-Network,2025-26,2025-12-11,2025-12-12,2026-01-30,49,258.13,258.13,Clean-Paid,,False
3928,5948,31,756,15,2,In-Network,2025-26,2025-12-11,2025-12-15,2026-01-12,28,223.08,223.08,Clean-Paid,,False
3929,5716,6,658,11,8,In-Network,2025-26,2025-12-11,2025-12-15,2026-01-13,29,224.02,224.02,Clean-Paid,,False
3930,5459,15,553,11,1,Out-of-Network,2025-26,2025-12-11,2025-12-11,2026-01-23,43,285.94,285.94,Clean-Paid,,False
3931,5403,1,529,3,4,Out-of-Network,2025-26,2025-12-12,2025-12-13,2026-01-26,44,285.94,285.94,Clean-Paid,,False
3932,5744,25,669,9,9,In-Network,2025-26,2025-12-12,2025-12-15,2026-01-29,45,9.68,9.68,Clean-Paid,,False
3933,4607,21,214,13,2,In-Network,2025-26,2025-12-12,2025-12-16,2026-01-21,36,29.68,29.68,Clean-Paid,,False
3934,4992,13,364,16,4,In-Network,2025-26,2025-12-12,2025-12-16,2026-01-27,42,238.97,238.97,Clean-Paid,,False
3935,5534,16,580,7,7,In-Network,2025-26,2025-12-15,2025-12-18,2026-01-30,43,224.02,224.02,Clean-Paid,,False
3936,4761,29,271,6,5,In-Network,2025-26,2025-12-15,2025-12-19,2026-01-20,32,75.07,0.0,Denied,Coding Error,False
3937,5964,35,763,6,7,In-Network,2025-26,2025-12-15,2025-12-15,2026-01-17,33,224.02,224.02,Clean-Paid,,False
3938,5209,12,455,12,9,In-Network,2025-26,2025-12-15,2025-12-20,2026-02-05,47,223.08,223.08,Clean-Paid,,False
3939,5636,32,622,17,1,Out-of-Network,2025-26,2025-12-15,2025-12-20,2026-01-27,38,285.94,285.94,Clean-Paid,,False
3940,5898,14,732,20,4,In-Network,2025-26,2025-12-15,2025-12-19,2026-02-05,48,223.08,223.08,Clean-Paid,,False
3941,5528,16,578,5,7,In-Network,2025-26,2025-12-15,2025-12-16,2026-01-28,43,224.02,224.02,Clean-Paid,,False
3942,5110,30,412,1,5,In-Network,2025-26,2025-12-15,2025-12-18,2026-01-10,23,223.08,223.08,Clean-Paid,,False
3943,4472,32,168,17,1,Out-of-Network,2025-26,2025-12-15,2025-12-17,2026-01-19,33,258.13,258.13,Clean-Paid,,False
3944,5813,33,700,11,8,In-Network,2025-26,2025-12-15,2025-12-15,2026-01-29,45,224.02,224.02,Clean-Paid,,False
3945,5692,5,647,18,4,In-Network,2025-26,2025-12-15,2025-12-17,2026-01-26,40,451.18,451.18,Clean-Paid,,True
3946,5259,29,473,10,5,In-Network,2025-26,2025-12-15,2025-12-20,2026-01-21,32,224.02,0.0,Denied,Timely Filing Expired,False
3947,4809,9,289,3,6,In-Network,2025-26,2025-12-15,2025-12-18,2026-01-22,35,224.02,224.02,Clean-Paid,,False
3948,5204,22,451,9,6,Out-of-Network,2025-26,2025-12-16,2025-12-18,2026-01-19,32,69.15,0.0,Denied,Prior Auth Required,False
3949,4711,3,252,8,1,In-Network,2025-26,2025-12-16,2025-12-21,2026-01-25,35,95.07,95.07,Clean-Paid,,False
3950,6012,25,782,5,9,In-Network,2025-26,2025-12-16,2025-12-18,2026-02-04,48,224.02,224.02,Clean-Paid,,False
3951,4958,9,350,11,6,Out-of-Network,2025-26,2025-12-16,2025-12-19,2026-01-22,34,285.94,0.0,Denied,Missing X-Ray,False
3952,5239,31,465,1,2,In-Network,2025-26,2025-12-16,2025-12-20,2026-01-28,39,127.74,127.74,Clean-Paid,,False
3953,6039,32,795,15,1,In-Network,2025-26,2025-12-16,2025-12-21,2026-02-04,45,237.48,237.48,Clean-Paid,,False
3954,4692,29,246,7,5,In-Network,2025-26,2025-12-16,2025-12-17,2026-01-23,37,224.02,0.0,Denied,Prior Auth Required,False
3955,4741,16,263,10,7,In-Network,2025-26,2025-12-17,2025-12-22,2026-01-19,28,560.12,560.12,Clean-Paid,,True
3956,5832,24,706,1,8,In-Network,2025-26,2025-12-17,2025-12-20,2026-01-22,33,223.08,223.08,Clean-Paid,,False
3957,5718,6,659,6,8,In-Network,2025-26,2025-12-17,2025-12-18,2026-01-28,41,192.82,192.82,Clean-Paid,,False
3958,4717,32,255,1,1,In-Network,2025-26,2025-12-17,2025-12-21,2026-02-06,47,254.28,0.0,Denied,Coding Error,False
3959,5913,8,739,17,1,Out-of-Network,2025-26,2025-12-17,2025-12-20,2026-02-04,46,285.94,285.94,Clean-Paid,,False
3960,4334,4,116,16,2,In-Network,2025-26,2025-12-18,2025-12-23,2026-01-21,29,28.47,0.0,Denied,Frequency Limit Exceeded,False
3961,5168,31,434,18,2,In-Network,2025-26,2025-12-18,2025-12-21,2026-01-18,28,224.02,0.0,Denied,Frequency Limit Exceeded,False
3962,5873,28,722,10,3,In-Network,2025-26,2025-12-18,2025-12-21,2026-01-10,20,133.78,133.78,Clean-Paid,,False
3963,5206,12,453,10,9,In-Network,2025-26,2025-12-18,2025-12-23,2026-02-04,43,224.02,224.02,Clean-Paid,,False
3964,4804,10,287,9,9,In-Network,2025-26,2025-12-18,2025-12-22,2026-02-04,44,83.9,83.9,Clean-Paid,,False
3965,4195,2,66,10,9,In-Network,2025-26,2025-12-18,2025-12-22,2026-02-12,52,224.02,224.02,Clean-Paid,,False
3966,5442,18,545,11,1,Out-of-Network,2025-26,2025-12-18,2025-12-18,2026-01-19,32,453.09,453.09,Clean-Paid,,True
3967,4233,2,79,18,9,In-Network,2025-26,2025-12-18,2025-12-22,2026-02-05,45,408.08,408.08,Clean-Paid,,True
3968,5109,30,411,17,5,In-Network,2025-26,2025-12-19,2025-12-21,2026-01-28,38,144.75,144.75,Clean-Paid,,False
3969,5653,20,630,20,4,In-Network,2025-26,2025-12-19,2025-12-24,2026-02-01,39,224.02,224.02,Clean-Paid,,False
3970,4718,32,255,1,1,In-Network,2025-26,2025-12-19,2025-12-19,2026-02-02,45,162.16,162.16,Clean-Paid,,False
3971,4714,32,254,1,1,In-Network,2025-26,2025-12-19,2025-12-21,2026-01-29,39,224.02,224.02,Clean-Paid,,False
3972,5958,23,760,4,5,In-Network,2025-26,2025-12-19,2025-12-24,2026-01-28,35,146.53,146.53,Clean-Paid,,False
3973,5041,11,387,8,5,In-Network,2025-26,2025-12-19,2025-12-24,2026-01-29,36,488.68,488.68,Clean-Paid,,True
3974,5479,25,560,3,9,In-Network,2025-26,2025-12-22,2025-12-23,2026-02-10,49,139.17,0.0,Denied,Timely Filing Expired,False
3975,5545,35,585,20,7,In-Network,2025-26,2025-12-22,2025-12-24,2026-02-02,40,192.82,192.82,Clean-Paid,,False
3976,4097,20,27,4,4,In-Network,2025-26,2025-12-22,2025-12-23,2026-01-29,37,224.02,224.02,Clean-Paid,,False
3977,5714,6,657,7,8,In-Network,2025-26,2025-12-22,2025-12-22,2026-02-04,44,224.02,224.02,Clean-Paid,,False
3978,5412,31,533,2,2,In-Network,2025-26,2025-12-22,2025-12-22,2026-01-23,32,193.13,193.13,Clean-Paid,,False
3979,4342,4,119,5,2,In-Network,2025-26,2025-12-22,2025-12-27,2026-02-07,42,223.08,223.08,Clean-Paid,,False
3980,5754,2,673,20,9,In-Network,2025-26,2025-12-22,2025-12-22,2026-02-04,44,68.47,68.47,Clean-Paid,,False
3981,4308,15,106,5,1,In-Network,2025-26,2025-12-22,2025-12-24,2026-01-31,38,0.0,0.0,Clean-Paid,,False
3982,5261,29,473,10,5,In-Network,2025-26,2025-12-22,2025-12-24,2026-01-29,36,139.17,139.17,Clean-Paid,,False
3983,5916,6,741,10,8,In-Network,2025-26,2025-12-22,2025-12-22,2026-01-31,40,224.02,224.02,Clean-Paid,,False
3984,4449,22,157,6,6,In-Network,2025-26,2025-12-22,2025-12-25,2026-01-18,24,192.37,0.0,Denied,Frequency Limit Exceeded,False
3985,6010,25,780,12,9,In-Network,2025-26,2025-12-22,2025-12-24,2026-02-08,46,224.02,224.02,Clean-Paid,,False
3986,4344,4,119,5,2,In-Network,2025-26,2025-12-22,2025-12-25,2026-01-21,27,28.47,28.47,Clean-Paid,,False
3987,4790,3,283,14,1,Out-of-Network,2025-26,2025-12-22,2025-12-23,2026-02-10,49,258.13,258.13,Clean-Paid,,False
3988,5384,27,522,2,9,In-Network,2025-26,2025-12-22,2025-12-26,2026-02-17,53,224.02,224.02,Clean-Paid,,False
3989,4705,3,250,2,1,Out-of-Network,2025-26,2025-12-22,2025-12-26,2026-02-07,43,73.22,73.22,Clean-Paid,,False
3990,5408,31,531,14,2,In-Network,2025-26,2025-12-22,2025-12-23,2026-02-02,41,224.02,224.02,Clean-Paid,,False
3991,5666,35,637,1,7,In-Network,2025-26,2025-12-22,2025-12-22,2026-01-27,36,233.13,233.13,Clean-Paid,,False
3992,4576,6,203,18,8,In-Network,2025-26,2025-12-22,2025-12-27,2026-01-29,33,224.02,224.02,Clean-Paid,,False
3993,5689,5,646,2,4,Out-of-Network,2025-26,2025-12-22,2025-12-23,2026-02-11,50,108.93,0.0,Denied,Missing X-Ray,False
3994,5863,3,718,13,1,In-Network,2025-26,2025-12-22,2025-12-22,2026-02-08,48,224.02,0.0,Denied,Max Benefit Exceeded,False
3995,4218,34,74,13,2,In-Network,2025-26,2025-12-22,2025-12-25,2026-02-01,38,192.82,192.82,Clean-Paid,,False
3996,5103,30,410,6,5,In-Network,2025-26,2025-12-22,2025-12-27,2026-01-30,34,224.02,0.0,Denied,Missing X-Ray,False
3997,4164,15,52,19,1,Out-of-Network,2025-26,2025-12-22,2025-12-26,2026-02-02,38,134.46,134.46,Clean-Paid,,False
3998,4760,29,271,6,5,In-Network,2025-26,2025-12-22,2025-12-23,2026-01-15,23,223.08,223.08,Clean-Paid,,False
3999,4236,2,80,5,9,In-Network,2025-26,2025-12-22,2025-12-24,2026-02-14,52,384.12,0.0,Denied,Prior Auth Required,True
4000,4854,11,305,2,5,Out-of-Network,2025-26,2025-12-23,2025-12-27,2026-01-31,35,285.94,0.0,Denied,Max Benefit Exceeded,False
4001,5090,10,406,17,9,In-Network,2025-26,2025-12-23,2025-12-26,2026-02-09,45,224.02,224.02,Clean-Paid,,False
4002,5679,9,642,14,6,Out-of-Network,2025-26,2025-12-23,2025-12-26,2026-01-23,28,137.81,0.0,Denied,Coverage Terminated,False
4003,5988,23,773,2,5,Out-of-Network,2025-26,2025-12-23,2025-12-26,2026-01-20,25,285.94,285.94,Clean-Paid,,False
4004,4781,3,279,20,1,Out-of-Network,2025-26,2025-12-23,2025-12-26,2026-02-09,45,285.94,0.0,Denied,Prior Auth Required,False
4005,4341,4,118,17,2,In-Network,2025-26,2025-12-23,2025-12-23,2026-01-23,31,172.37,172.37,Clean-Paid,,False
4006,5811,33,699,20,8,In-Network,2025-26,2025-12-23,2025-12-28,2026-01-28,31,38.06,38.06,Clean-Paid,,False
4007,5359,31,511,12,2,In-Network,2025-26,2025-12-24,2025-12-24,2026-01-30,37,103.96,103.96,Clean-Paid,,False
4008,5130,10,419,5,9,In-Network,2025-26,2025-12-24,2025-12-26,2026-02-07,43,224.02,224.02,Clean-Paid,,False
4009,4726,21,257,12,2,In-Network,2025-26,2025-12-24,2025-12-28,2026-02-05,39,167.88,0.0,Denied,Timely Filing Expired,False
4010,5144,21,425,17,2,In-Network,2025-26,2025-12-24,2025-12-29,2026-02-08,41,224.02,224.02,Clean-Paid,,False
4011,4805,10,288,18,9,In-Network,2025-26,2025-12-24,2025-12-26,2026-02-16,52,223.08,223.08,Clean-Paid,,False
4012,5193,35,444,19,7,In-Network,2025-26,2025-12-24,2025-12-27,2026-01-26,30,224.02,224.02,Clean-Paid,,False
4013,4904,34,326,10,2,In-Network,2025-26,2025-12-25,2025-12-27,2026-01-24,28,223.08,223.08,Clean-Paid,,False
4014,4480,17,170,2,5,Out-of-Network,2025-26,2025-12-25,2025-12-26,2026-02-04,40,285.94,0.0,Denied,Coverage Terminated,False
4015,5514,22,572,13,6,In-Network,2025-26,2025-12-25,2025-12-27,2026-01-20,24,233.13,0.0,Denied,Missing X-Ray,False
4016,5124,27,417,14,9,In-Network,2025-26,2025-12-25,2025-12-29,2026-02-10,43,224.02,224.02,Clean-Paid,,False
4017,4703,29,249,5,5,In-Network,2025-26,2025-12-25,2025-12-25,2026-01-31,37,38.06,38.06,Clean-Paid,,False
4018,5969,35,764,11,7,In-Network,2025-26,2025-12-25,2025-12-28,2026-02-07,41,144.75,144.75,Clean-Paid,,False
4019,5781,27,686,9,9,In-Network,2025-26,2025-12-25,2025-12-30,2026-02-09,41,69.68,69.68,Clean-Paid,,False
4020,5932,16,748,7,7,In-Network,2025-26,2025-12-25,2025-12-27,2026-01-23,27,223.08,223.08,Clean-Paid,,False
4021,5652,33,629,5,8,In-Network,2025-26,2025-12-25,2025-12-27,2026-02-07,42,192.37,192.37,Clean-Paid,,False
4022,5317,21,495,10,2,In-Network,2025-26,2025-12-26,2025-12-28,2026-02-08,42,224.02,224.02,Clean-Paid,,False
4023,5310,16,493,11,7,In-Network,2025-26,2025-12-26,2025-12-31,2026-01-29,29,192.82,192.82,Clean-Paid,,False
4024,4457,22,160,9,6,Out-of-Network,2025-26,2025-12-26,2025-12-26,2026-01-28,33,359.54,359.54,Clean-Paid,,False
4025,4822,9,293,18,6,In-Network,2025-26,2025-12-26,2025-12-29,2026-01-24,26,223.08,223.08,Clean-Paid,,False
4026,5554,26,587,15,4,In-Network,2025-26,2025-12-26,2025-12-29,2026-02-02,35,212.37,212.37,Clean-Paid,,False
4027,4082,21,21,3,2,In-Network,2025-26,2025-12-26,2025-12-31,2026-02-12,43,349.14,0.0,Denied,Prior Auth Required,True
4028,4398,32,141,14,1,Out-of-Network,2025-26,2025-12-26,2025-12-27,2026-02-11,46,285.94,285.94,Clean-Paid,,False
4029,5458,15,552,1,1,In-Network,2025-26,2025-12-26,2025-12-31,2026-02-07,38,224.02,0.0,Denied,Prior Auth Required,False
4030,4868,34,311,8,2,In-Network,2025-26,2025-12-29,2025-12-29,2026-02-06,39,223.08,223.08,Clean-Paid,,False
4031,4232,2,79,18,9,In-Network,2025-26,2025-12-29,2025-12-31,2026-02-09,40,224.02,224.02,Clean-Paid,,False
4032,5769,25,680,20,9,In-Network,2025-26,2025-12-29,2026-01-03,2026-02-25,53,223.08,223.08,Clean-Paid,,False
4033,5626,35,618,10,7,In-Network,2025-26,2025-12-29,2026-01-02,2026-02-07,36,224.02,224.02,Clean-Paid,,False
4034,5804,30,696,8,5,In-Network,2025-26,2025-12-29,2025-12-29,2026-01-26,28,48.47,0.0,Denied,Missing X-Ray,False
4035,4476,32,169,15,1,In-Network,2025-26,2025-12-29,2025-12-29,2026-02-10,43,224.02,224.02,Clean-Paid,,False
4036,4409,22,144,16,6,Out-of-Network,2025-26,2025-12-29,2025-12-30,2026-02-04,36,285.94,285.94,Clean-Paid,,False
4037,5648,33,627,14,8,In-Network,2025-26,2025-12-29,2026-01-02,2026-02-06,35,224.02,224.02,Clean-Paid,,False
4038,5190,27,442,9,9,In-Network,2025-26,2025-12-29,2025-12-29,2026-02-20,53,0.0,0.0,Denied,Coverage Terminated,False
4039,4206,3,69,10,1,In-Network,2025-26,2025-12-29,2025-12-29,2026-02-06,39,162.9,162.9,Clean-Paid,,False
4040,5156,31,429,16,2,In-Network,2025-26,2025-12-29,2025-12-29,2026-02-05,38,384.12,384.12,Clean-Paid,,True
4041,4074,21,19,14,2,In-Network,2025-26,2025-12-29,2026-01-02,2026-02-13,42,224.02,224.02,Clean-Paid,,False
4042,5553,26,587,15,4,In-Network,2025-26,2025-12-29,2025-12-31,2026-02-04,35,143.9,143.9,Clean-Paid,,False
4043,4745,23,265,18,5,In-Network,2025-26,2025-12-29,2025-12-31,2026-01-29,29,112.57,112.57,Clean-Paid,,False
4044,5430,4,541,4,2,In-Network,2025-26,2025-12-29,2025-12-30,2026-01-28,29,241.96,0.0,Denied,Timely Filing Expired,False
4045,4112,13,31,6,4,In-Network,2025-26,2025-12-29,2026-01-01,2026-02-18,48,813.65,813.65,Clean-Paid,,True
4046,4723,21,257,12,2,In-Network,2025-26,2025-12-29,2026-01-02,2026-01-29,27,224.02,224.02,Clean-Paid,,False
4047,5407,31,530,12,2,In-Network,2025-26,2025-12-29,2025-12-29,2026-02-07,40,132.57,0.0,Denied,Missing X-Ray,False
4048,4897,16,322,17,7,In-Network,2025-26,2025-12-29,2026-01-01,2026-01-27,26,359.12,359.12,Clean-Paid,,True
4049,4491,32,175,10,1,In-Network,2025-26,2025-12-29,2025-12-29,2026-02-08,41,224.02,224.02,Clean-Paid,,False
4050,5801,8,695,16,1,Out-of-Network,2025-26,2025-12-30,2025-12-30,2026-02-01,33,285.94,285.94,Clean-Paid,,False
4051,4720,21,256,19,2,In-Network,2025-26,2025-12-30,2026-01-03,2026-02-03,31,224.02,224.02,Clean-Paid,,False
4052,4963,9,353,9,6,Out-of-Network,2025-26,2025-12-30,2025-12-31,2026-01-25,25,285.94,285.94,Clean-Paid,,False
4053,5180,18,439,14,1,Out-of-Network,2025-26,2025-12-30,2026-01-04,2026-02-12,39,359.54,359.54,Clean-Paid,,False
4054,6022,19,786,19,9,In-Network,2025-26,2025-12-30,2026-01-03,2026-02-11,39,223.08,0.0,Denied,Missing X-Ray,False
4055,4818,9,292,2,6,Out-of-Network,2025-26,2025-12-31,2026-01-01,2026-01-28,27,258.13,258.13,Clean-Paid,,False
4056,5227,20,461,18,4,In-Network,2025-26,2025-12-31,2026-01-04,2026-02-18,45,208.0,208.0,Clean-Paid,,False
4057,4105,20,29,12,4,Out-of-Network,2025-26,2025-12-31,2026-01-05,2026-02-20,46,243.34,243.34,Clean-Paid,,False
4058,4734,21,260,1,2,In-Network,2025-26,2025-12-31,2026-01-01,2026-02-09,39,168.0,168.0,Clean-Paid,,False
4059,4442,22,155,13,6,In-Network,2025-26,2025-12-31,2026-01-01,2026-02-04,34,224.02,224.02,Clean-Paid,,False
4060,4600,21,211,18,2,In-Network,2025-26,2025-12-31,2026-01-02,2026-02-03,32,208.0,208.0,Clean-Paid,,False
4061,5395,32,525,13,1,In-Network,2025-26,2025-12-31,2026-01-01,2026-02-13,43,408.08,0.0,Denied,Prior Auth Required,True
4062,4621,20,219,20,4,In-Network,2025-26,2025-12-31,2026-01-03,2026-02-22,50,223.08,223.08,Clean-Paid,,False
4063,4875,7,313,20,7,In-Network,2025-26,2025-12-31,2026-01-02,2026-02-06,35,193.13,193.13,Clean-Paid,,False
4064,4580,6,204,1,8,In-Network,2025-26,2026-01-01,2026-01-02,2026-01-31,29,192.82,192.82,Clean-Paid,,False
4065,5630,35,619,18,7,In-Network,2025-26,2026-01-01,2026-01-04,2026-02-06,33,112.57,0.0,Denied,Coverage Terminated,False
4066,5106,30,411,17,5,In-Network,2025-26,2026-01-01,2026-01-02,2026-02-04,33,224.02,224.02,Clean-Paid,,False
4067,4871,7,312,12,7,In-Network,2025-26,2026-01-01,2026-01-03,2026-01-29,26,224.02,224.02,Clean-Paid,,False
4068,4063,8,15,19,1,Out-of-Network,2025-26,2026-01-01,2026-01-06,2026-02-24,49,285.94,285.94,Clean-Paid,,False
4069,4361,22,126,16,6,Out-of-Network,2025-26,2026-01-02,2026-01-02,2026-01-28,26,285.94,285.94,Clean-Paid,,False
4070,5252,29,470,13,5,In-Network,2025-26,2026-01-02,2026-01-07,2026-01-31,24,46.44,0.0,Denied,Frequency Limit Exceeded,False
4071,4766,29,273,18,5,In-Network,2025-26,2026-01-02,2026-01-06,2026-02-13,38,224.02,224.02,Clean-Paid,,False
4072,4416,25,147,5,9,In-Network,2025-26,2026-01-02,2026-01-03,2026-02-25,53,224.02,224.02,Clean-Paid,,False
4073,4375,35,132,6,7,In-Network,2025-26,2026-01-05,2026-01-06,2026-02-10,35,267.74,267.74,Clean-Paid,,False
4074,4559,9,197,10,6,In-Network,2025-26,2026-01-05,2026-01-08,2026-01-31,23,224.02,224.02,Clean-Paid,,False
4075,5060,30,395,16,5,In-Network,2025-26,2026-01-05,2026-01-07,2026-02-07,31,224.02,224.02,Clean-Paid,,False
4076,5808,30,698,4,5,In-Network,2025-26,2026-01-05,2026-01-07,2026-02-13,37,243.54,243.54,Clean-Paid,,False
4077,5543,35,584,12,7,In-Network,2025-26,2026-01-05,2026-01-07,2026-02-07,31,224.02,224.02,Clean-Paid,,False
4078,4591,14,207,10,4,In-Network,2025-26,2026-01-05,2026-01-07,2026-02-11,35,132.37,132.37,Clean-Paid,,False
4079,5886,7,727,17,7,In-Network,2025-26,2026-01-05,2026-01-06,2026-02-06,31,254.28,254.28,Clean-Paid,,False
4080,4118,21,34,8,2,In-Network,2025-26,2026-01-05,2026-01-09,2026-02-20,42,224.02,224.02,Clean-Paid,,False
4081,5338,35,502,20,7,In-Network,2025-26,2026-01-05,2026-01-10,2026-02-19,40,139.17,139.17,Clean-Paid,,False
4082,6000,15,777,19,1,Out-of-Network,2025-26,2026-01-05,2026-01-10,2026-02-22,43,285.94,0.0,Denied,Coding Error,False
4083,4455,22,159,16,6,Out-of-Network,2025-26,2026-01-05,2026-01-05,2026-01-31,26,251.54,0.0,Denied,Missing X-Ray,False
4084,4401,32,142,4,1,Out-of-Network,2025-26,2026-01-05,2026-01-09,2026-02-18,40,258.13,258.13,Clean-Paid,,False
4085,4558,9,196,7,6,In-Network,2025-26,2026-01-05,2026-01-10,2026-02-06,27,179.26,0.0,Denied,Coverage Terminated,False
4086,5029,22,382,9,6,Out-of-Network,2025-26,2026-01-05,2026-01-09,2026-02-09,31,285.94,285.94,Clean-Paid,,False
4087,5985,23,772,13,5,In-Network,2025-26,2026-01-05,2026-01-10,2026-02-05,26,224.02,224.02,Clean-Paid,,False
4088,4812,9,290,17,6,Out-of-Network,2025-26,2026-01-05,2026-01-10,2026-02-02,23,285.94,285.94,Clean-Paid,,False
4089,5019,19,378,3,9,In-Network,2025-26,2026-01-05,2026-01-07,2026-02-23,47,224.02,224.02,Clean-Paid,,False
4090,5796,4,693,12,2,In-Network,2025-26,2026-01-05,2026-01-06,2026-02-15,40,223.08,0.0,Denied,Frequency Limit Exceeded,False
4091,4084,21,22,18,2,In-Network,2025-26,2026-01-05,2026-01-07,2026-02-18,42,224.02,224.02,Clean-Paid,,False
4092,4071,8,17,6,1,In-Network,2025-26,2026-01-06,2026-01-11,2026-03-01,49,451.18,451.18,Clean-Paid,,True
4093,6027,31,789,7,2,In-Network,2025-26,2026-01-06,2026-01-07,2026-02-05,29,224.02,0.0,Denied,Missing X-Ray,False
4094,4136,16,41,14,7,In-Network,2025-26,2026-01-06,2026-01-10,2026-02-14,35,224.02,224.02,Clean-Paid,,False
4095,4694,29,247,14,5,In-Network,2025-26,2026-01-06,2026-01-07,2026-02-13,37,224.02,224.02,Clean-Paid,,False
4096,4474,32,168,17,1,Out-of-Network,2025-26,2026-01-06,2026-01-06,2026-02-15,40,327.07,327.07,Clean-Paid,,False
4097,4379,35,133,12,7,In-Network,2025-26,2026-01-06,2026-01-08,2026-02-06,29,223.08,223.08,Clean-Paid,,False
4098,5698,5,649,2,4,Out-of-Network,2025-26,2026-01-06,2026-01-07,2026-02-17,41,109.11,109.11,Clean-Paid,,False
4099,5911,8,738,4,1,Out-of-Network,2025-26,2026-01-07,2026-01-12,2026-02-19,38,298.04,298.04,Clean-Paid,,False
4100,5214,12,457,9,9,In-Network,2025-26,2026-01-07,2026-01-12,2026-02-23,42,254.28,254.28,Clean-Paid,,False
4101,4885,17,319,7,5,In-Network,2025-26,2026-01-07,2026-01-12,2026-02-10,29,224.02,224.02,Clean-Paid,,False
4102,4448,22,157,6,6,In-Network,2025-26,2026-01-07,2026-01-08,2026-02-14,37,278.97,278.97,Clean-Paid,,False
4103,4260,26,87,16,4,In-Network,2025-26,2026-01-08,2026-01-10,2026-02-26,47,213.58,213.58,Clean-Paid,,False
4104,5970,35,765,14,7,In-Network,2025-26,2026-01-08,2026-01-10,2026-02-15,36,181.96,181.96,Clean-Paid,,False
4105,5367,24,514,9,8,In-Network,2025-26,2026-01-08,2026-01-12,2026-02-12,31,132.57,132.57,Clean-Paid,,False
4106,5467,6,556,2,8,In-Network,2025-26,2026-01-08,2026-01-10,2026-02-22,43,224.02,224.02,Clean-Paid,,False
4107,5263,29,474,9,5,Out-of-Network,2025-26,2026-01-09,2026-01-09,2026-02-17,39,298.04,0.0,Denied,Timely Filing Expired,False
4108,4549,21,194,17,2,In-Network,2025-26,2026-01-09,2026-01-13,2026-02-16,34,192.82,192.82,Clean-Paid,,False
4109,4163,15,52,19,1,Out-of-Network,2025-26,2026-01-09,2026-01-13,2026-02-22,40,106.65,0.0,Denied,Missing X-Ray,False
4110,4917,5,333,13,4,In-Network,2025-26,2026-01-09,2026-01-11,2026-02-22,42,224.02,224.02,Clean-Paid,,False
4111,4433,29,152,11,5,In-Network,2025-26,2026-01-12,2026-01-13,2026-02-10,28,199.17,199.17,Clean-Paid,,False
4112,5601,14,608,10,4,In-Network,2025-26,2026-01-12,2026-01-12,2026-02-16,35,113.13,113.13,Clean-Paid,,False
4113,4652,9,230,17,6,Out-of-Network,2025-26,2026-01-12,2026-01-14,2026-02-06,23,285.94,285.94,Clean-Paid,,False
4114,4813,9,290,17,6,Out-of-Network,2025-26,2026-01-12,2026-01-14,2026-02-12,29,21.24,21.24,Clean-Paid,,False
4115,4328,4,114,1,2,In-Network,2025-26,2026-01-12,2026-01-12,2026-02-12,31,119.17,119.17,Clean-Paid,,False
4116,4049,35,10,8,7,In-Network,2025-26,2026-01-12,2026-01-12,2026-02-20,39,224.02,224.02,Clean-Paid,,False
4117,4824,9,293,18,6,In-Network,2025-26,2026-01-12,2026-01-17,2026-02-19,33,135.07,135.07,Clean-Paid,,False
4118,4486,17,172,16,5,In-Network,2025-26,2026-01-12,2026-01-17,2026-02-26,40,237.48,237.48,Clean-Paid,,False
4119,4669,8,237,20,1,Out-of-Network,2025-26,2026-01-12,2026-01-12,2026-02-18,37,298.04,298.04,Clean-Paid,,False
4120,5185,18,440,3,1,In-Network,2025-26,2026-01-12,2026-01-14,2026-02-25,42,161.96,161.96,Clean-Paid,,False
4121,6023,19,786,19,9,In-Network,2025-26,2026-01-12,2026-01-13,2026-02-24,42,704.71,704.71,Clean-Paid,,True
4122,5789,4,690,20,2,In-Network,2025-26,2026-01-12,2026-01-15,2026-02-22,38,278.97,278.97,Clean-Paid,,False
4123,4772,3,275,7,1,In-Network,2025-26,2026-01-12,2026-01-12,2026-03-02,49,224.02,224.02,Clean-Paid,,False
4124,4147,30,46,7,5,In-Network,2025-26,2026-01-12,2026-01-17,2026-02-10,24,237.48,0.0,Denied,Max Benefit Exceeded,False
4125,5443,18,546,14,1,Out-of-Network,2025-26,2026-01-12,2026-01-17,2026-02-23,37,90.12,0.0,Denied,Frequency Limit Exceeded,False
4126,5291,1,484,2,4,Out-of-Network,2025-26,2026-01-13,2026-01-18,2026-03-05,46,285.94,285.94,Clean-Paid,,False
4127,5296,1,487,9,4,Out-of-Network,2025-26,2026-01-13,2026-01-15,2026-02-20,36,258.13,258.13,Clean-Paid,,False
4128,5454,15,550,2,1,Out-of-Network,2025-26,2026-01-13,2026-01-16,2026-03-02,45,21.42,21.42,Clean-Paid,,False
4129,5163,31,431,18,2,In-Network,2025-26,2026-01-13,2026-01-14,2026-02-24,41,233.13,233.13,Clean-Paid,,False
4130,5490,2,564,13,9,In-Network,2025-26,2026-01-13,2026-01-14,2026-03-10,55,223.08,223.08,Clean-Paid,,False
4131,4800,10,286,4,9,In-Network,2025-26,2026-01-13,2026-01-18,2026-03-11,52,224.02,0.0,Denied,Missing X-Ray,False
4132,5890,7,728,4,7,In-Network,2025-26,2026-01-14,2026-01-19,2026-02-18,30,468.06,468.06,Clean-Paid,,True
4133,4356,3,124,14,1,Out-of-Network,2025-26,2026-01-14,2026-01-18,2026-02-19,32,101.42,101.42,Clean-Paid,,False
4134,4762,29,272,2,5,Out-of-Network,2025-26,2026-01-14,2026-01-14,2026-02-18,35,285.94,285.94,Clean-Paid,,False
4135,4109,13,31,6,4,In-Network,2025-26,2026-01-14,2026-01-15,2026-03-04,48,192.82,192.82,Clean-Paid,,False
4136,5148,31,426,16,2,In-Network,2025-26,2026-01-14,2026-01-18,2026-03-02,43,224.02,224.02,Clean-Paid,,False
4137,5379,24,518,18,8,In-Network,2025-26,2026-01-14,2026-01-18,2026-02-23,36,493.06,0.0,Denied,Prior Auth Required,True
4138,4325,5,113,2,4,Out-of-Network,2025-26,2026-01-14,2026-01-14,2026-03-01,46,165.56,165.56,Clean-Paid,,False
4139,4131,21,39,11,2,In-Network,2025-26,2026-01-14,2026-01-15,2026-02-13,29,224.02,224.02,Clean-Paid,,False
4140,4808,10,288,18,9,In-Network,2025-26,2026-01-14,2026-01-17,2026-03-08,50,144.75,144.75,Clean-Paid,,False
4141,4126,21,37,4,2,In-Network,2025-26,2026-01-15,2026-01-16,2026-02-15,30,58.06,0.0,Denied,Max Benefit Exceeded,False
4142,4412,22,144,16,6,Out-of-Network,2025-26,2026-01-15,2026-01-20,2026-02-26,37,120.28,120.28,Clean-Paid,,False
4143,4307,15,106,5,1,In-Network,2025-26,2026-01-15,2026-01-18,2026-02-23,36,192.82,192.82,Clean-Paid,,False
4144,4134,21,39,11,2,In-Network,2025-26,2026-01-16,2026-01-16,2026-02-17,32,436.62,436.62,Clean-Paid,,True
4145,5783,4,688,4,2,In-Network,2025-26,2026-01-16,2026-01-16,2026-02-13,28,224.02,224.02,Clean-Paid,,False
4146,4383,35,135,2,7,In-Network,2025-26,2026-01-16,2026-01-18,2026-02-17,30,223.08,223.08,Clean-Paid,,False
4147,4185,3,60,9,1,Out-of-Network,2025-26,2026-01-16,2026-01-17,2026-03-05,47,101.24,101.24,Clean-Paid,,False
4148,5812,33,699,20,8,In-Network,2025-26,2026-01-16,2026-01-18,2026-02-27,40,241.96,241.96,Clean-Paid,,False
4149,5021,19,378,3,9,In-Network,2025-26,2026-01-16,2026-01-17,2026-02-27,41,166.53,166.53,Clean-Paid,,False
4150,4217,34,73,10,2,In-Network,2025-26,2026-01-19,2026-01-19,2026-02-16,28,93.78,0.0,Denied,Max Benefit Exceeded,False
4151,4322,5,112,18,4,In-Network,2025-26,2026-01-19,2026-01-19,2026-03-04,44,64.1,64.1,Clean-Paid,,False
4152,5927,6,744,2,8,In-Network,2025-26,2026-01-19,2026-01-24,2026-02-25,32,144.75,144.75,Clean-Paid,,False
4153,4661,19,233,11,9,In-Network,2025-26,2026-01-19,2026-01-23,2026-03-12,48,237.48,237.48,Clean-Paid,,False
4154,5731,9,664,11,6,Out-of-Network,2025-26,2026-01-19,2026-01-20,2026-02-13,24,285.94,285.94,Clean-Paid,,False
4155,5579,11,599,7,5,In-Network,2025-26,2026-01-19,2026-01-22,2026-02-23,32,224.02,0.0,Denied,Coding Error,False
4156,5953,23,759,19,5,In-Network,2025-26,2026-01-19,2026-01-23,2026-03-04,40,224.02,224.02,Clean-Paid,,False
4157,5924,6,744,2,8,In-Network,2025-26,2026-01-19,2026-01-20,2026-02-23,34,267.74,267.74,Clean-Paid,,False
4158,4563,9,198,5,6,In-Network,2025-26,2026-01-19,2026-01-22,2026-02-27,36,224.02,224.02,Clean-Paid,,False
4159,4407,22,143,6,6,In-Network,2025-26,2026-01-19,2026-01-22,2026-03-03,40,46.44,46.44,Clean-Paid,,False
4160,4864,34,309,13,2,In-Network,2025-26,2026-01-19,2026-01-23,2026-02-18,26,254.28,254.28,Clean-Paid,,False
4161,4811,9,289,3,6,In-Network,2025-26,2026-01-19,2026-01-24,2026-03-04,39,23.9,23.9,Clean-Paid,,False
4162,5272,28,476,15,3,In-Network,2025-26,2026-01-20,2026-01-20,2026-02-12,23,132.57,132.57,Clean-Paid,,False
4163,6016,25,783,18,9,In-Network,2025-26,2026-01-20,2026-01-21,2026-03-10,48,83.9,83.9,Clean-Paid,,False
4164,5116,30,413,4,5,In-Network,2025-26,2026-01-20,2026-01-20,2026-02-17,28,66.46,66.46,Clean-Paid,,False
4165,5469,6,556,2,8,In-Network,2025-26,2026-01-20,2026-01-22,2026-03-01,38,107.74,0.0,Denied,Prior Auth Required,False
4166,5695,5,648,18,4,In-Network,2025-26,2026-01-20,2026-01-21,2026-02-26,36,135.07,0.0,Denied,Coding Error,False
4167,5774,27,682,2,9,In-Network,2025-26,2026-01-21,2026-01-26,2026-03-11,44,64.1,64.1,Clean-Paid,,False
4168,5669,35,638,8,7,In-Network,2025-26,2026-01-21,2026-01-21,2026-02-22,32,204.75,204.75,Clean-Paid,,False
4169,5300,1,488,4,4,In-Network,2025-26,2026-01-21,2026-01-24,2026-02-26,33,58.06,58.06,Clean-Paid,,False
4170,6006,22,778,11,6,Out-of-Network,2025-26,2026-01-21,2026-01-24,2026-02-20,27,168.93,168.93,Clean-Paid,,False
4171,4841,27,299,5,9,In-Network,2025-26,2026-01-22,2026-01-26,2026-03-08,41,109.58,109.58,Clean-Paid,,False
4172,4788,3,282,11,1,Out-of-Network,2025-26,2026-01-22,2026-01-26,2026-03-16,49,298.04,0.0,Denied,Max Benefit Exceeded,False
4173,4238,6,81,18,8,In-Network,2025-26,2026-01-22,2026-01-27,2026-03-01,33,224.02,224.02,Clean-Paid,,False
4174,4078,21,20,5,2,In-Network,2025-26,2026-01-23,2026-01-23,2026-03-05,41,71.88,71.88,Clean-Paid,,False
4175,4939,6,341,2,8,In-Network,2025-26,2026-01-23,2026-01-27,2026-02-28,32,48.47,48.47,Clean-Paid,,False
4176,4043,23,8,4,5,In-Network,2025-26,2026-01-23,2026-01-25,2026-02-19,25,224.02,224.02,Clean-Paid,,False
4177,4656,19,231,14,9,In-Network,2025-26,2026-01-26,2026-01-31,2026-03-17,45,224.02,224.02,Clean-Paid,,False
4178,4565,9,198,5,6,In-Network,2025-26,2026-01-26,2026-01-28,2026-03-06,37,64.1,64.1,Clean-Paid,,False
4179,5088,18,404,11,1,Out-of-Network,2025-26,2026-01-26,2026-01-31,2026-03-11,39,148.93,148.93,Clean-Paid,,False
4180,4830,33,296,15,8,In-Network,2025-26,2026-01-26,2026-01-27,2026-03-14,46,223.08,223.08,Clean-Paid,,False
4181,5388,27,523,2,9,In-Network,2025-26,2026-01-26,2026-01-27,2026-03-10,42,192.82,192.82,Clean-Paid,,False
4182,4764,29,272,2,5,Out-of-Network,2025-26,2026-01-26,2026-01-30,2026-03-02,31,307.07,307.07,Clean-Paid,,False
4183,4566,3,199,6,1,In-Network,2025-26,2026-01-26,2026-01-30,2026-03-04,33,224.02,224.02,Clean-Paid,,False
4184,5013,5,375,3,4,Out-of-Network,2025-26,2026-01-26,2026-01-27,2026-03-17,49,45.28,45.28,Clean-Paid,,False
4185,5578,31,598,2,2,In-Network,2025-26,2026-01-26,2026-01-28,2026-03-05,36,29.68,29.68,Clean-Paid,,False
4186,5967,35,764,11,7,In-Network,2025-26,2026-01-26,2026-01-28,2026-03-08,39,224.02,0.0,Denied,Missing X-Ray,False
4187,4243,6,82,11,8,In-Network,2025-26,2026-01-26,2026-01-31,2026-03-07,35,118.15,0.0,Denied,Missing X-Ray,False
4188,4261,26,88,13,4,In-Network,2025-26,2026-01-26,2026-01-26,2026-03-15,48,223.08,223.08,Clean-Paid,,False
4189,5129,10,418,13,9,In-Network,2025-26,2026-01-26,2026-01-28,2026-03-20,51,206.53,206.53,Clean-Paid,,False
4190,4657,19,231,14,9,In-Network,2025-26,2026-01-26,2026-01-27,2026-03-21,53,108.47,108.47,Clean-Paid,,False
4191,5174,18,435,12,1,In-Network,2025-26,2026-01-26,2026-01-31,2026-03-11,39,763.65,763.65,Clean-Paid,,True
4192,4210,3,71,20,1,Out-of-Network,2025-26,2026-01-26,2026-01-28,2026-03-07,38,285.94,0.0,Denied,Coverage Terminated,False
4193,4371,35,130,9,7,In-Network,2025-26,2026-01-26,2026-01-27,2026-03-01,33,38.06,0.0,Denied,Timely Filing Expired,False
4194,4523,8,186,19,1,Out-of-Network,2025-26,2026-01-26,2026-01-31,2026-03-14,42,298.04,298.04,Clean-Paid,,False
4195,4397,32,140,13,1,In-Network,2025-26,2026-01-26,2026-01-31,2026-03-09,37,349.14,0.0,Denied,Prior Auth Required,True
4196,6044,32,796,14,1,Out-of-Network,2025-26,2026-01-26,2026-01-26,2026-02-28,33,101.24,101.24,Clean-Paid,,False
4197,5238,31,465,1,2,In-Network,2025-26,2026-01-26,2026-01-27,2026-02-28,32,162.16,0.0,Denied,Frequency Limit Exceeded,False
4198,4866,34,310,3,2,In-Network,2025-26,2026-01-26,2026-01-29,2026-03-10,40,192.82,192.82,Clean-Paid,,False
4199,4388,1,137,20,4,In-Network,2025-26,2026-01-26,2026-01-26,2026-02-28,33,130.82,130.82,Clean-Paid,,False
4200,5565,15,593,11,1,Out-of-Network,2025-26,2026-01-26,2026-01-26,2026-03-07,40,21.24,21.24,Clean-Paid,,False
4201,5792,4,691,10,2,In-Network,2025-26,2026-01-26,2026-01-29,2026-02-25,27,187.9,187.9,Clean-Paid,,False
4202,5449,35,549,15,7,In-Network,2025-26,2026-01-27,2026-01-28,2026-03-04,35,102.16,102.16,Clean-Paid,,False
4203,4138,16,42,12,7,In-Network,2025-26,2026-01-27,2026-01-27,2026-02-27,31,254.28,254.28,Clean-Paid,,False
4204,4991,13,364,16,4,In-Network,2025-26,2026-01-27,2026-02-01,2026-03-23,50,208.0,208.0,Clean-Paid,,False
4205,5755,2,673,20,9,In-Network,2025-26,2026-01-27,2026-01-31,2026-03-24,52,729.71,729.71,Clean-Paid,,True
4206,4040,23,7,19,5,In-Network,2025-26,2026-01-27,2026-01-30,2026-03-02,31,224.02,224.02,Clean-Paid,,False
4207,5878,28,724,7,3,In-Network,2025-26,2026-01-27,2026-01-29,2026-02-26,28,192.82,0.0,Denied,Missing X-Ray,False
4208,5536,16,581,17,7,In-Network,2025-26,2026-01-28,2026-01-30,2026-03-04,33,224.02,224.02,Clean-Paid,,False
4209,5581,11,600,2,5,Out-of-Network,2025-26,2026-01-28,2026-02-02,2026-03-11,37,285.94,0.0,Denied,Max Benefit Exceeded,False
4210,5577,31,598,2,2,In-Network,2025-26,2026-01-28,2026-01-28,2026-03-04,35,162.16,162.16,Clean-Paid,,False
4211,4969,9,355,16,6,Out-of-Network,2025-26,2026-01-28,2026-01-30,2026-03-02,31,258.13,258.13,Clean-Paid,,False
4212,5054,4,392,12,2,In-Network,2025-26,2026-01-29,2026-02-03,2026-03-06,31,224.02,224.02,Clean-Paid,,False
4213,4467,32,166,18,1,In-Network,2025-26,2026-01-29,2026-02-03,2026-03-10,35,224.02,224.02,Clean-Paid,,False
4214,6003,15,777,19,1,Out-of-Network,2025-26,2026-01-29,2026-01-30,2026-03-11,40,21.42,21.42,Clean-Paid,,False
4215,5153,31,429,16,2,In-Network,2025-26,2026-01-29,2026-01-30,2026-03-09,38,224.02,224.02,Clean-Paid,,False
4216,4914,9,331,6,6,In-Network,2025-26,2026-01-29,2026-02-03,2026-03-05,30,224.02,224.02,Clean-Paid,,False
4217,4916,9,332,15,6,In-Network,2025-26,2026-01-30,2026-01-31,2026-02-26,26,15.07,15.07,Clean-Paid,,False
4218,5839,24,709,16,8,In-Network,2025-26,2026-01-30,2026-02-04,2026-03-12,36,704.71,704.71,Clean-Paid,,True
4219,4348,6,121,4,8,In-Network,2025-26,2026-01-30,2026-02-03,2026-03-13,38,224.02,224.02,Clean-Paid,,False
4220,4369,35,130,9,7,In-Network,2025-26,2026-01-30,2026-02-01,2026-03-08,35,224.02,224.02,Clean-Paid,,False
4221,5478,25,560,3,9,In-Network,2025-26,2026-01-30,2026-02-02,2026-03-14,40,224.02,0.0,Denied,Prior Auth Required,False
4222,6031,31,790,12,2,In-Network,2025-26,2026-02-02,2026-02-07,2026-03-22,43,298.94,298.94,Clean-Paid,,False
4223,5616,30,614,8,5,In-Network,2025-26,2026-02-02,2026-02-04,2026-03-01,25,75.07,75.07,Clean-Paid,,False
4224,5218,12,458,18,9,In-Network,2025-26,2026-02-02,2026-02-04,2026-03-21,45,192.82,192.82,Clean-Paid,,False
4225,5152,31,428,6,2,In-Network,2025-26,2026-02-02,2026-02-03,2026-03-14,39,224.02,224.02,Clean-Paid,,False
4226,4319,5,112,18,4,In-Network,2025-26,2026-02-02,2026-02-03,2026-03-13,38,224.02,0.0,Denied,Max Benefit Exceeded,False
4227,4686,5,243,7,4,In-Network,2025-26,2026-02-02,2026-02-04,2026-03-22,46,143.9,143.9,Clean-Paid,,False
4228,4504,24,180,7,8,In-Network,2025-26,2026-02-02,2026-02-06,2026-03-23,45,224.02,224.02,Clean-Paid,,False
4229,4264,26,89,5,4,In-Network,2025-26,2026-02-02,2026-02-05,2026-03-16,39,192.82,192.82,Clean-Paid,,False
4230,4450,22,158,16,6,Out-of-Network,2025-26,2026-02-02,2026-02-06,2026-03-12,34,298.04,298.04,Clean-Paid,,False
4231,5628,35,619,18,7,In-Network,2025-26,2026-02-02,2026-02-04,2026-03-04,28,223.08,223.08,Clean-Paid,,False
4232,5852,2,714,19,9,In-Network,2025-26,2026-02-02,2026-02-02,2026-03-12,38,254.28,254.28,Clean-Paid,,False
4233,4338,4,118,17,2,In-Network,2025-26,2026-02-02,2026-02-06,2026-03-14,36,267.74,267.74,Clean-Paid,,False
4234,4205,3,69,10,1,In-Network,2025-26,2026-02-03,2026-02-03,2026-03-17,42,199.17,199.17,Clean-Paid,,False
4235,5816,33,701,7,8,In-Network,2025-26,2026-02-04,2026-02-07,2026-03-19,40,224.02,224.02,Clean-Paid,,False
4236,5594,14,606,17,4,In-Network,2025-26,2026-02-04,2026-02-06,2026-03-22,44,237.48,237.48,Clean-Paid,,False
4237,5052,11,391,8,5,In-Network,2025-26,2026-02-04,2026-02-05,2026-02-28,23,83.94,83.94,Clean-Paid,,False
4238,4880,17,317,8,5,In-Network,2025-26,2026-02-04,2026-02-07,2026-03-10,31,224.02,0.0,Denied,Timely Filing Expired,False
4239,5038,11,386,15,5,In-Network,2025-26,2026-02-04,2026-02-09,2026-03-16,35,224.02,224.02,Clean-Paid,,False
4240,5208,12,454,17,9,In-Network,2025-26,2026-02-04,2026-02-09,2026-03-20,39,15.07,15.07,Clean-Paid,,False
4241,4035,10,4,6,9,In-Network,2025-26,2026-02-04,2026-02-07,2026-03-20,41,224.02,224.02,Clean-Paid,,False
4242,4698,29,248,14,5,In-Network,2025-26,2026-02-05,2026-02-06,2026-03-07,29,237.48,237.48,Clean-Paid,,False
4243,5642,32,624,6,1,In-Network,2025-26,2026-02-05,2026-02-08,2026-03-23,43,201.96,201.96,Clean-Paid,,False
4244,4843,27,301,16,9,In-Network,2025-26,2026-02-05,2026-02-05,2026-03-26,49,223.08,223.08,Clean-Paid,,False
4245,4541,21,191,8,2,In-Network,2025-26,2026-02-06,2026-02-10,2026-03-10,28,122.16,0.0,Denied,Prior Auth Required,False
4246,4921,5,334,7,4,In-Network,2025-26,2026-02-06,2026-02-10,2026-03-22,40,69.68,69.68,Clean-Paid,,False
4247,4285,32,97,14,1,Out-of-Network,2025-26,2026-02-06,2026-02-08,2026-03-28,48,285.94,285.94,Clean-Paid,,False
4248,4340,4,118,17,2,In-Network,2025-26,2026-02-09,2026-02-09,2026-03-07,26,98.06,98.06,Clean-Paid,,False
4249,4542,21,192,10,2,In-Network,2025-26,2026-02-09,2026-02-14,2026-03-12,26,267.74,267.74,Clean-Paid,,False
4250,4385,1,136,6,4,In-Network,2025-26,2026-02-09,2026-02-09,2026-03-16,35,224.02,224.02,Clean-Paid,,False
4251,4729,21,259,15,2,In-Network,2025-26,2026-02-09,2026-02-11,2026-03-11,28,254.28,254.28,Clean-Paid,,False
4252,5099,30,409,17,5,In-Network,2025-26,2026-02-09,2026-02-11,2026-03-08,25,224.02,0.0,Denied,Prior Auth Required,False
4253,4727,21,258,10,2,In-Network,2025-26,2026-02-09,2026-02-12,2026-03-22,38,237.48,237.48,Clean-Paid,,False
4254,5432,4,542,13,2,In-Network,2025-26,2026-02-09,2026-02-14,2026-03-18,32,223.08,0.0,Denied,Frequency Limit Exceeded,False
4255,5480,2,561,6,9,In-Network,2025-26,2026-02-09,2026-02-09,2026-03-21,40,224.02,224.02,Clean-Paid,,False
4256,4972,12,356,16,9,In-Network,2025-26,2026-02-09,2026-02-10,2026-03-25,43,224.02,224.02,Clean-Paid,,False
4257,5267,29,475,6,5,In-Network,2025-26,2026-02-09,2026-02-10,2026-03-13,31,223.08,0.0,Denied,Prior Auth Required,False
4258,4209,3,70,8,1,In-Network,2025-26,2026-02-09,2026-02-10,2026-03-18,36,384.12,0.0,Denied,Prior Auth Required,True
4259,5133,10,419,5,9,In-Network,2025-26,2026-02-09,2026-02-11,2026-03-23,40,371.62,371.62,Clean-Paid,,True
4260,5228,20,462,10,4,In-Network,2025-26,2026-02-09,2026-02-10,2026-03-23,41,224.02,224.02,Clean-Paid,,False
4261,4489,17,173,15,5,In-Network,2025-26,2026-02-09,2026-02-11,2026-03-21,38,192.82,192.82,Clean-Paid,,False
4262,4080,21,21,3,2,In-Network,2025-26,2026-02-09,2026-02-11,2026-03-10,27,224.02,224.02,Clean-Paid,,False
4263,5674,9,640,15,6,In-Network,2025-26,2026-02-09,2026-02-14,2026-03-23,37,224.02,224.02,Clean-Paid,,False
4264,5077,28,401,3,3,In-Network,2025-26,2026-02-09,2026-02-14,2026-03-20,34,224.02,224.02,Clean-Paid,,False
4265,5462,15,554,9,1,Out-of-Network,2025-26,2026-02-10,2026-02-14,2026-03-21,35,258.13,258.13,Clean-Paid,,False
4266,5992,23,774,19,5,In-Network,2025-26,2026-02-10,2026-02-10,2026-03-21,39,254.28,0.0,Denied,Coding Error,False
4267,5498,25,567,8,9,In-Network,2025-26,2026-02-10,2026-02-11,2026-03-23,40,148.0,0.0,Denied,Frequency Limit Exceeded,False
4268,5567,15,594,7,1,In-Network,2025-26,2026-02-10,2026-02-13,2026-03-29,44,654.71,654.71,Clean-Paid,,True
4269,4203,3,69,10,1,In-Network,2025-26,2026-02-11,2026-02-13,2026-03-29,44,224.02,224.02,Clean-Paid,,False
4270,5575,31,598,2,2,In-Network,2025-26,2026-02-11,2026-02-14,2026-03-22,36,223.08,223.08,Clean-Paid,,False
4271,4798,10,285,12,9,In-Network,2025-26,2026-02-11,2026-02-12,2026-04-05,52,488.68,488.68,Clean-Paid,,True
4272,4994,13,366,20,4,In-Network,2025-26,2026-02-12,2026-02-16,2026-03-22,34,192.82,192.82,Clean-Paid,,False
4273,4936,28,340,14,3,In-Network,2025-26,2026-02-12,2026-02-17,2026-03-12,23,164.75,0.0,Denied,Prior Auth Required,False
4274,5042,11,388,15,5,In-Network,2025-26,2026-02-12,2026-02-16,2026-03-12,24,224.02,224.02,Clean-Paid,,False
4275,5256,29,472,20,5,In-Network,2025-26,2026-02-12,2026-02-12,2026-03-21,37,298.94,0.0,Denied,Max Benefit Exceeded,False
4276,4912,9,330,6,6,In-Network,2025-26,2026-02-12,2026-02-15,2026-03-17,30,224.02,224.02,Clean-Paid,,False
4277,4965,9,354,7,6,In-Network,2025-26,2026-02-12,2026-02-13,2026-03-20,35,224.02,224.02,Clean-Paid,,False
4278,5980,26,769,11,4,In-Network,2025-26,2026-02-13,2026-02-13,2026-03-29,44,69.68,0.0,Denied,Prior Auth Required,False
4279,4427,25,150,17,9,In-Network,2025-26,2026-02-16,2026-02-20,2026-04-14,53,224.02,224.02,Clean-Paid,,False
4280,4207,3,70,8,1,In-Network,2025-26,2026-02-16,2026-02-17,2026-03-21,32,254.28,254.28,Clean-Paid,,False
4281,5236,31,464,5,2,In-Network,2025-26,2026-02-16,2026-02-20,2026-03-25,33,409.12,409.12,Clean-Paid,,True
4282,5475,25,559,19,9,In-Network,2025-26,2026-02-16,2026-02-16,2026-04-07,50,192.82,192.82,Clean-Paid,,False
4283,4076,21,20,5,2,In-Network,2025-26,2026-02-16,2026-02-17,2026-03-26,37,224.02,224.02,Clean-Paid,,False
4284,4483,17,171,11,5,In-Network,2025-26,2026-02-16,2026-02-17,2026-03-22,33,224.02,224.02,Clean-Paid,,False
4285,4355,3,124,14,1,Out-of-Network,2025-26,2026-02-16,2026-02-17,2026-03-29,40,298.04,298.04,Clean-Paid,,False
4286,5084,28,403,2,3,In-Network,2025-26,2026-02-16,2026-02-20,2026-03-24,32,159.17,0.0,Denied,Frequency Limit Exceeded,False
4287,5730,9,663,18,6,In-Network,2025-26,2026-02-16,2026-02-17,2026-03-27,38,15.07,0.0,Denied,Missing X-Ray,False
4288,4663,19,233,11,9,In-Network,2025-26,2026-02-16,2026-02-17,2026-04-06,48,204.75,204.75,Clean-Paid,,False
4289,4605,21,214,13,2,In-Network,2025-26,2026-02-16,2026-02-20,2026-03-26,34,267.74,267.74,Clean-Paid,,False
4290,4440,29,154,8,5,In-Network,2025-26,2026-02-16,2026-02-21,2026-03-30,37,108.47,108.47,Clean-Paid,,False
4291,5994,23,775,1,5,In-Network,2025-26,2026-02-16,2026-02-18,2026-03-26,36,223.08,223.08,Clean-Paid,,False
4292,5752,2,673,20,9,In-Network,2025-26,2026-02-17,2026-02-22,2026-04-03,40,192.82,192.82,Clean-Paid,,False
4293,4575,3,202,14,1,Out-of-Network,2025-26,2026-02-17,2026-02-21,2026-04-08,46,101.24,101.24,Clean-Paid,,False
4294,4893,17,321,19,5,In-Network,2025-26,2026-02-17,2026-02-18,2026-03-16,26,311.64,311.64,Clean-Paid,,True
4295,5610,30,612,9,5,Out-of-Network,2025-26,2026-02-17,2026-02-20,2026-03-24,32,203.06,0.0,Denied,Frequency Limit Exceeded,False
4296,5025,22,380,9,6,Out-of-Network,2025-26,2026-02-17,2026-02-19,2026-03-29,38,285.94,285.94,Clean-Paid,,False
4297,5450,35,549,15,7,In-Network,2025-26,2026-02-18,2026-02-20,2026-03-28,36,208.0,208.0,Clean-Paid,,False
4298,5865,3,718,13,1,In-Network,2025-26,2026-02-18,2026-02-23,2026-04-08,44,58.06,0.0,Denied,Max Benefit Exceeded,False
4299,4887,17,319,7,5,In-Network,2025-26,2026-02-18,2026-02-19,2026-03-31,40,38.06,38.06,Clean-Paid,,False
4300,5922,6,743,15,8,In-Network,2025-26,2026-02-19,2026-02-20,2026-03-24,32,237.48,237.48,Clean-Paid,,False
4301,5473,25,558,8,9,In-Network,2025-26,2026-02-19,2026-02-23,2026-04-07,43,224.02,224.02,Clean-Paid,,False
4302,4984,29,362,2,5,Out-of-Network,2025-26,2026-02-19,2026-02-19,2026-03-29,38,298.04,298.04,Clean-Paid,,False
4303,5422,15,538,18,1,In-Network,2025-26,2026-02-19,2026-02-24,2026-04-09,44,451.18,0.0,Denied,Prior Auth Required,True
4304,4485,17,171,11,5,In-Network,2025-26,2026-02-19,2026-02-24,2026-03-26,30,118.15,118.15,Clean-Paid,,False
4305,6002,15,777,19,1,Out-of-Network,2025-26,2026-02-20,2026-02-23,2026-03-31,36,254.46,254.46,Clean-Paid,,False
4306,5887,7,727,17,7,In-Network,2025-26,2026-02-20,2026-02-22,2026-03-22,28,122.16,122.16,Clean-Paid,,False
4307,4975,12,357,12,9,In-Network,2025-26,2026-02-20,2026-02-20,2026-04-04,43,79.17,79.17,Clean-Paid,,False
4308,4220,34,74,13,2,In-Network,2025-26,2026-02-20,2026-02-23,2026-03-26,31,93.78,93.78,Clean-Paid,,False
4309,5423,15,538,18,1,In-Network,2025-26,2026-02-20,2026-02-24,2026-04-07,42,178.15,178.15,Clean-Paid,,False
4310,4358,22,125,16,6,Out-of-Network,2025-26,2026-02-20,2026-02-21,2026-04-01,39,285.94,285.94,Clean-Paid,,False
4311,5086,18,404,11,1,Out-of-Network,2025-26,2026-02-20,2026-02-24,2026-04-10,45,285.94,285.94,Clean-Paid,,False
4312,5085,28,403,2,3,In-Network,2025-26,2026-02-23,2026-02-23,2026-03-22,27,143.9,143.9,Clean-Paid,,False
4313,5676,9,641,11,6,Out-of-Network,2025-26,2026-02-23,2026-02-26,2026-03-27,29,325.85,325.85,Clean-Paid,,False
4314,5067,30,397,7,5,In-Network,2025-26,2026-02-23,2026-02-23,2026-03-29,34,75.07,75.07,Clean-Paid,,False
4315,4684,5,243,7,4,In-Network,2025-26,2026-02-23,2026-02-25,2026-03-30,33,224.02,224.02,Clean-Paid,,False
4316,5142,21,424,16,2,In-Network,2025-26,2026-02-23,2026-02-26,2026-03-24,26,224.02,224.02,Clean-Paid,,False
4317,4345,4,119,5,2,In-Network,2025-26,2026-02-23,2026-02-24,2026-03-27,31,133.78,133.78,Clean-Paid,,False
4318,4116,12,33,13,9,In-Network,2025-26,2026-02-23,2026-02-28,2026-04-19,50,224.02,224.02,Clean-Paid,,False
4319,5859,3,717,18,1,In-Network,2025-26,2026-02-23,2026-02-24,2026-04-09,44,224.02,0.0,Denied,Missing X-Ray,False
4320,4267,13,90,14,4,In-Network,2025-26,2026-02-23,2026-02-25,2026-04-13,47,224.02,224.02,Clean-Paid,,False
4321,4647,21,228,19,2,In-Network,2025-26,2026-02-23,2026-02-24,2026-03-30,34,237.48,237.48,Clean-Paid,,False
4322,4736,16,262,18,7,In-Network,2025-26,2026-02-23,2026-02-24,2026-04-03,38,224.02,224.02,Clean-Paid,,False
4323,4423,25,149,11,9,In-Network,2025-26,2026-02-23,2026-02-26,2026-04-12,45,192.82,192.82,Clean-Paid,,False
4324,4250,26,84,11,4,In-Network,2025-26,2026-02-23,2026-02-23,2026-04-09,45,98.06,98.06,Clean-Paid,,False
4325,4942,6,342,16,8,In-Network,2025-26,2026-02-23,2026-02-28,2026-04-11,42,73.78,0.0,Denied,Frequency Limit Exceeded,False
4326,4987,29,362,2,5,Out-of-Network,2025-26,2026-02-24,2026-02-28,2026-04-03,34,197.81,197.81,Clean-Paid,,False
4327,4641,21,226,5,2,In-Network,2025-26,2026-02-24,2026-03-01,2026-04-11,41,224.02,0.0,Denied,Missing X-Ray,False
4328,5493,25,566,14,9,In-Network,2025-26,2026-02-24,2026-02-28,2026-04-18,49,224.02,224.02,Clean-Paid,,False
4329,5966,35,763,6,7,In-Network,2025-26,2026-02-24,2026-02-26,2026-03-27,29,135.07,135.07,Clean-Paid,,False
4330,4198,2,67,3,9,In-Network,2025-26,2026-02-24,2026-02-28,2026-04-16,47,224.02,224.02,Clean-Paid,,False
4331,5586,11,601,3,5,In-Network,2025-26,2026-02-24,2026-03-01,2026-04-04,34,139.17,139.17,Clean-Paid,,False
4332,4509,24,181,11,8,In-Network,2025-26,2026-02-25,2026-03-02,2026-03-31,29,201.96,201.96,Clean-Paid,,False
4333,4666,8,236,8,1,In-Network,2025-26,2026-02-25,2026-02-28,2026-04-04,35,224.02,224.02,Clean-Paid,,False
4334,5972,9,766,11,6,Out-of-Network,2025-26,2026-02-25,2026-02-27,2026-03-31,32,285.94,285.94,Clean-Paid,,False
4335,5330,12,499,8,9,In-Network,2025-26,2026-02-26,2026-03-02,2026-04-26,55,0.0,0.0,Clean-Paid,,False
4336,5663,35,636,7,7,In-Network,2025-26,2026-02-26,2026-03-02,2026-04-08,37,224.02,224.02,Clean-Paid,,False
4337,4571,3,201,18,1,In-Network,2025-26,2026-02-26,2026-02-28,2026-04-17,48,138.15,138.15,Clean-Paid,,False
4338,5571,31,596,5,2,In-Network,2025-26,2026-02-26,2026-03-02,2026-04-02,31,224.02,0.0,Denied,Timely Filing Expired,False
4339,5673,9,639,7,6,In-Network,2025-26,2026-02-26,2026-03-03,2026-04-04,32,102.54,102.54,Clean-Paid,,False
4340,4419,25,148,14,9,In-Network,2025-26,2026-02-27,2026-02-28,2026-04-17,48,224.02,224.02,Clean-Paid,,False
4341,5682,30,644,19,5,In-Network,2025-26,2026-02-27,2026-03-01,2026-04-09,39,224.02,224.02,Clean-Paid,,False
4342,5386,27,522,2,9,In-Network,2025-26,2026-02-27,2026-02-28,2026-04-20,51,37.33,0.0,Denied,Max Benefit Exceeded,False
4343,5491,25,565,11,9,In-Network,2025-26,2026-02-27,2026-03-01,2026-04-13,43,224.02,224.02,Clean-Paid,,False
4344,4900,16,324,17,7,In-Network,2025-26,2026-02-27,2026-03-03,2026-04-02,30,224.02,224.02,Clean-Paid,,False
4345,5453,15,550,2,1,Out-of-Network,2025-26,2026-02-27,2026-03-01,2026-04-13,43,254.64,254.64,Clean-Paid,,False
4346,4258,26,86,19,4,In-Network,2025-26,2026-03-02,2026-03-04,2026-04-06,33,138.15,138.15,Clean-Paid,,False
4347,5779,27,686,9,9,In-Network,2025-26,2026-03-02,2026-03-04,2026-04-18,45,224.02,224.02,Clean-Paid,,False
4348,4093,21,26,19,2,In-Network,2025-26,2026-03-02,2026-03-03,2026-04-10,38,192.82,0.0,Denied,Prior Auth Required,False
4349,5699,5,650,10,4,In-Network,2025-26,2026-03-02,2026-03-04,2026-04-10,37,192.82,192.82,Clean-Paid,,False
4350,4287,32,98,13,1,In-Network,2025-26,2026-03-02,2026-03-05,2026-04-07,33,224.02,224.02,Clean-Paid,,False
4351,5352,14,509,15,4,In-Network,2025-26,2026-03-02,2026-03-04,2026-04-18,45,178.15,178.15,Clean-Paid,,False
4352,4901,34,325,19,2,In-Network,2025-26,2026-03-02,2026-03-02,2026-04-04,33,224.02,224.02,Clean-Paid,,False
4353,5389,27,523,2,9,In-Network,2025-26,2026-03-02,2026-03-05,2026-04-27,53,0.0,0.0,Clean-Paid,,False
4354,4555,9,196,7,6,In-Network,2025-26,2026-03-02,2026-03-04,2026-03-31,27,224.02,0.0,Denied,Timely Filing Expired,False
4355,5748,2,672,16,9,In-Network,2025-26,2026-03-02,2026-03-03,2026-04-21,49,224.02,224.02,Clean-Paid,,False
4356,5175,18,436,15,1,In-Network,2025-26,2026-03-02,2026-03-02,2026-04-13,42,224.02,224.02,Clean-Paid,,False
4357,5082,28,403,2,3,In-Network,2025-26,2026-03-02,2026-03-07,2026-03-28,21,254.28,0.0,Denied,Coding Error,False
4358,4237,2,80,5,9,In-Network,2025-26,2026-03-03,2026-03-07,2026-04-22,46,135.07,135.07,Clean-Paid,,False
4359,4394,32,139,13,1,In-Network,2025-26,2026-03-03,2026-03-08,2026-04-24,47,201.96,0.0,Denied,Missing X-Ray,False
4360,4127,21,38,10,2,In-Network,2025-26,2026-03-03,2026-03-06,2026-04-09,34,254.28,254.28,Clean-Paid,,False
4361,4253,26,85,15,4,In-Network,2025-26,2026-03-03,2026-03-07,2026-04-14,38,212.37,212.37,Clean-Paid,,False
4362,4395,32,140,13,1,In-Network,2025-26,2026-03-03,2026-03-04,2026-04-18,45,224.02,224.02,Clean-Paid,,False
4363,5617,30,614,8,5,In-Network,2025-26,2026-03-04,2026-03-04,2026-03-29,25,108.47,108.47,Clean-Paid,,False
4364,4266,26,89,5,4,In-Network,2025-26,2026-03-04,2026-03-07,2026-04-26,50,159.17,159.17,Clean-Paid,,False
4365,5535,16,580,7,7,In-Network,2025-26,2026-03-04,2026-03-04,2026-04-10,37,763.65,763.65,Clean-Paid,,True
4366,4167,15,53,9,1,Out-of-Network,2025-26,2026-03-05,2026-03-05,2026-04-08,34,21.24,21.24,Clean-Paid,,False
4367,5880,28,724,7,3,In-Network,2025-26,2026-03-05,2026-03-06,2026-04-02,27,201.96,201.96,Clean-Paid,,False
4368,5484,2,562,19,9,In-Network,2025-26,2026-03-05,2026-03-07,2026-04-22,46,192.82,192.82,Clean-Paid,,False
4369,5517,22,573,19,6,Out-of-Network,2025-26,2026-03-05,2026-03-05,2026-04-14,40,278.37,278.37,Clean-Paid,,False
4370,4948,6,344,19,8,In-Network,2025-26,2026-03-06,2026-03-11,2026-04-22,42,75.07,75.07,Clean-Paid,,False
4371,4598,21,211,18,2,In-Network,2025-26,2026-03-06,2026-03-09,2026-04-09,31,224.02,224.02,Clean-Paid,,False
4372,4482,17,170,2,5,Out-of-Network,2025-26,2026-03-06,2026-03-09,2026-04-18,40,53.22,53.22,Clean-Paid,,False
4373,5112,30,412,1,5,In-Network,2025-26,2026-03-06,2026-03-11,2026-04-16,36,148.0,148.0,Clean-Paid,,False
4374,4272,13,91,15,4,In-Network,2025-26,2026-03-06,2026-03-07,2026-04-21,45,78.96,78.96,Clean-Paid,,False
4375,5550,35,586,6,7,In-Network,2025-26,2026-03-06,2026-03-10,2026-04-14,35,38.06,38.06,Clean-Paid,,False
4376,4877,7,315,9,7,In-Network,2025-26,2026-03-09,2026-03-09,2026-04-06,28,223.08,223.08,Clean-Paid,,False
4377,4265,26,89,5,4,In-Network,2025-26,2026-03-09,2026-03-10,2026-04-19,40,213.58,213.58,Clean-Paid,,False
4378,5072,30,399,7,5,In-Network,2025-26,2026-03-09,2026-03-10,2026-04-17,38,223.08,223.08,Clean-Paid,,False
4379,5394,32,525,13,1,In-Network,2025-26,2026-03-09,2026-03-09,2026-04-23,45,133.78,133.78,Clean-Paid,,False
4380,5136,10,421,18,9,In-Network,2025-26,2026-03-09,2026-03-13,2026-05-03,51,254.28,254.28,Clean-Paid,,False
4381,5411,31,533,2,2,In-Network,2025-26,2026-03-09,2026-03-09,2026-04-12,34,137.51,0.0,Denied,Missing X-Ray,False
4382,5505,17,570,18,5,In-Network,2025-26,2026-03-09,2026-03-14,2026-04-12,29,192.82,192.82,Clean-Paid,,False
4383,4708,3,251,9,1,Out-of-Network,2025-26,2026-03-09,2026-03-12,2026-04-20,39,714.06,0.0,Denied,Max Benefit Exceeded,True
4384,5017,19,377,7,9,In-Network,2025-26,2026-03-09,2026-03-14,2026-05-04,51,224.02,224.02,Clean-Paid,,False
4385,4242,6,82,11,8,In-Network,2025-26,2026-03-10,2026-03-15,2026-04-13,29,224.02,224.02,Clean-Paid,,False
4386,5829,24,704,1,8,In-Network,2025-26,2026-03-10,2026-03-10,2026-04-24,45,130.82,130.82,Clean-Paid,,False
4387,5606,30,610,12,5,In-Network,2025-26,2026-03-10,2026-03-15,2026-04-24,40,572.62,572.62,Clean-Paid,,True
4388,4977,12,358,5,9,In-Network,2025-26,2026-03-10,2026-03-13,2026-04-25,43,8.94,8.94,Clean-Paid,,False
4389,5342,35,503,2,7,In-Network,2025-26,2026-03-10,2026-03-14,2026-04-22,39,340.18,340.18,Clean-Paid,,True
4390,4857,34,306,4,2,In-Network,2025-26,2026-03-11,2026-03-12,2026-04-16,35,224.02,224.02,Clean-Paid,,False
4391,5900,14,732,20,4,In-Network,2025-26,2026-03-11,2026-03-11,2026-04-28,48,64.1,64.1,Clean-Paid,,False
4392,5091,10,406,17,9,In-Network,2025-26,2026-03-11,2026-03-16,2026-05-09,54,138.45,138.45,Clean-Paid,,False
4393,4533,1,189,20,4,In-Network,2025-26,2026-03-11,2026-03-16,2026-05-04,49,238.97,238.97,Clean-Paid,,False
4394,5952,16,758,6,7,In-Network,2025-26,2026-03-11,2026-03-11,2026-04-08,28,161.96,161.96,Clean-Paid,,False
4395,6026,31,788,7,2,In-Network,2025-26,2026-03-12,2026-03-17,2026-04-16,30,224.02,0.0,Denied,Missing X-Ray,False
4396,5882,7,725,1,7,In-Network,2025-26,2026-03-12,2026-03-15,2026-04-11,27,224.02,224.02,Clean-Paid,,False
4397,4520,8,185,2,1,Out-of-Network,2025-26,2026-03-12,2026-03-14,2026-04-30,47,178.82,178.82,Clean-Paid,,False
4398,5107,30,411,17,5,In-Network,2025-26,2026-03-12,2026-03-17,2026-04-24,38,138.45,138.45,Clean-Paid,,False
4399,4222,34,75,19,2,In-Network,2025-26,2026-03-13,2026-03-17,2026-04-15,29,704.71,0.0,Denied,Prior Auth Required,True
4400,4573,3,202,14,1,Out-of-Network,2025-26,2026-03-13,2026-03-16,2026-05-03,48,258.13,258.13,Clean-Paid,,False
4401,5005,5,371,17,4,In-Network,2025-26,2026-03-16,2026-03-21,2026-05-09,49,88.0,88.0,Clean-Paid,,False
4402,5592,14,604,4,4,In-Network,2025-26,2026-03-16,2026-03-20,2026-05-06,47,224.02,224.02,Clean-Paid,,False
4403,5884,7,726,5,7,In-Network,2025-26,2026-03-16,2026-03-20,2026-04-24,35,468.06,468.06,Clean-Paid,,True
4404,5563,15,593,11,1,Out-of-Network,2025-26,2026-03-16,2026-03-20,2026-04-29,40,298.04,298.04,Clean-Paid,,False
4405,4521,8,185,2,1,Out-of-Network,2025-26,2026-03-16,2026-03-20,2026-05-02,43,472.74,472.74,Clean-Paid,,True
4406,4989,13,364,16,4,In-Network,2025-26,2026-03-16,2026-03-19,2026-05-03,45,224.02,224.02,Clean-Paid,,False
4407,4831,33,296,15,8,In-Network,2025-26,2026-03-16,2026-03-18,2026-04-19,32,107.25,107.25,Clean-Paid,,False
4408,5140,10,422,5,9,In-Network,2025-26,2026-03-16,2026-03-20,2026-05-07,48,9.68,9.68,Clean-Paid,,False
4409,5360,31,512,20,2,In-Network,2025-26,2026-03-16,2026-03-18,2026-04-23,36,224.02,224.02,Clean-Paid,,False
4410,5068,30,398,8,5,In-Network,2025-26,2026-03-16,2026-03-19,2026-04-28,40,224.02,224.02,Clean-Paid,,False
4411,5048,11,390,13,5,In-Network,2025-26,2026-03-16,2026-03-16,2026-04-10,25,223.08,223.08,Clean-Paid,,False
4412,4945,6,343,19,8,In-Network,2025-26,2026-03-16,2026-03-19,2026-04-23,35,75.07,75.07,Clean-Paid,,False
4413,5406,31,530,12,2,In-Network,2025-26,2026-03-16,2026-03-20,2026-04-22,33,208.0,208.0,Clean-Paid,,False
4414,4884,17,318,4,5,In-Network,2025-26,2026-03-16,2026-03-18,2026-04-22,35,488.68,488.68,Clean-Paid,,True
4415,4316,5,111,2,4,Out-of-Network,2025-26,2026-03-16,2026-03-16,2026-04-27,42,285.94,285.94,Clean-Paid,,False
4416,4374,35,131,10,7,In-Network,2025-26,2026-03-16,2026-03-17,2026-04-18,32,138.45,0.0,Denied,Missing X-Ray,False
4417,5050,11,391,8,5,In-Network,2025-26,2026-03-16,2026-03-17,2026-04-14,28,224.02,224.02,Clean-Paid,,False
4418,5822,33,703,10,8,In-Network,2025-26,2026-03-16,2026-03-17,2026-04-25,39,192.82,0.0,Denied,Timely Filing Expired,False
4419,4730,21,259,15,2,In-Network,2025-26,2026-03-16,2026-03-19,2026-04-15,27,168.71,168.71,Clean-Paid,,False
4420,4810,9,289,3,6,In-Network,2025-26,2026-03-16,2026-03-18,2026-04-21,34,138.45,138.45,Clean-Paid,,False
4421,4214,34,72,5,2,In-Network,2025-26,2026-03-16,2026-03-18,2026-04-28,41,173.58,173.58,Clean-Paid,,False
4422,5939,31,753,5,2,In-Network,2025-26,2026-03-17,2026-03-18,2026-04-26,39,224.02,224.02,Clean-Paid,,False
4423,5032,22,384,4,6,Out-of-Network,2025-26,2026-03-17,2026-03-21,2026-04-18,28,325.85,0.0,Denied,Max Benefit Exceeded,False
4424,4707,3,251,9,1,Out-of-Network,2025-26,2026-03-17,2026-03-18,2026-05-01,44,0.0,0.0,Clean-Paid,,False
4425,4842,27,300,19,9,In-Network,2025-26,2026-03-17,2026-03-17,2026-05-11,55,64.1,64.1,Clean-Paid,,False
4426,5574,31,597,13,2,In-Network,2025-26,2026-03-17,2026-03-22,2026-04-29,38,138.45,138.45,Clean-Paid,,False
4427,5519,22,574,10,6,In-Network,2025-26,2026-03-17,2026-03-20,2026-04-20,31,46.44,46.44,Clean-Paid,,False
4428,5548,35,586,6,7,In-Network,2025-26,2026-03-17,2026-03-20,2026-04-30,41,267.74,267.74,Clean-Paid,,False
4429,5888,7,728,4,7,In-Network,2025-26,2026-03-17,2026-03-20,2026-04-16,27,223.08,223.08,Clean-Paid,,False
4430,4146,30,45,19,5,In-Network,2025-26,2026-03-18,2026-03-20,2026-04-17,28,34.38,34.38,Clean-Paid,,False
4431,4270,13,91,15,4,In-Network,2025-26,2026-03-18,2026-03-20,2026-05-04,45,224.02,224.02,Clean-Paid,,False
4432,6005,22,778,11,6,Out-of-Network,2025-26,2026-03-18,2026-03-22,2026-04-29,38,141.42,141.42,Clean-Paid,,False
4433,4546,21,193,14,2,In-Network,2025-26,2026-03-18,2026-03-20,2026-04-19,30,223.08,223.08,Clean-Paid,,False
4434,4481,17,170,2,5,Out-of-Network,2025-26,2026-03-18,2026-03-21,2026-04-15,25,178.82,178.82,Clean-Paid,,False
4435,4152,30,48,7,5,In-Network,2025-26,2026-03-19,2026-03-19,2026-04-12,24,224.02,224.02,Clean-Paid,,False
4436,5096,30,408,14,5,In-Network,2025-26,2026-03-19,2026-03-20,2026-04-15,26,138.45,138.45,Clean-Paid,,False
4437,5973,9,766,11,6,Out-of-Network,2025-26,2026-03-19,2026-03-23,2026-04-29,37,178.82,178.82,Clean-Paid,,False
4438,5499,17,568,1,5,In-Network,2025-26,2026-03-19,2026-03-23,2026-04-18,26,224.02,0.0,Denied,Missing X-Ray,False
4439,4524,8,186,19,1,Out-of-Network,2025-26,2026-03-19,2026-03-24,2026-04-28,35,190.92,190.92,Clean-Paid,,False
4440,4915,9,331,6,6,In-Network,2025-26,2026-03-19,2026-03-24,2026-04-28,35,138.45,0.0,Denied,Coverage Terminated,False
4441,4204,3,69,10,1,In-Network,2025-26,2026-03-19,2026-03-23,2026-04-26,34,138.45,138.45,Clean-Paid,,False
4442,4192,3,64,13,1,In-Network,2025-26,2026-03-19,2026-03-23,2026-05-04,42,223.08,223.08,Clean-Paid,,False
4443,5195,35,445,6,7,In-Network,2025-26,2026-03-19,2026-03-24,2026-04-21,28,223.08,223.08,Clean-Paid,,False
4444,5496,25,567,8,9,In-Network,2025-26,2026-03-19,2026-03-19,2026-04-28,40,168.71,168.71,Clean-Paid,,False
4445,4343,4,119,5,2,In-Network,2025-26,2026-03-20,2026-03-24,2026-04-28,35,182.17,0.0,Denied,Coding Error,False
4446,4637,21,225,15,2,In-Network,2025-26,2026-03-20,2026-03-25,2026-04-25,31,224.02,224.02,Clean-Paid,,False
4447,4789,3,282,11,1,Out-of-Network,2025-26,2026-03-23,2026-03-27,2026-04-28,32,190.92,190.92,Clean-Paid,,False
4448,4046,23,8,4,5,In-Network,2025-26,2026-03-23,2026-03-26,2026-04-19,24,349.14,349.14,Clean-Paid,,True
4449,5704,2,652,2,9,In-Network,2025-26,2026-03-23,2026-03-24,2026-05-13,50,122.16,122.16,Clean-Paid,,False
4450,4793,3,284,11,1,Out-of-Network,2025-26,2026-03-23,2026-03-26,2026-05-12,47,285.94,285.94,Clean-Paid,,False
4451,5308,16,492,16,7,In-Network,2025-26,2026-03-23,2026-03-26,2026-05-07,42,192.82,192.82,Clean-Paid,,False
4452,5830,24,705,13,8,In-Network,2025-26,2026-03-23,2026-03-23,2026-05-08,46,69.68,69.68,Clean-Paid,,False
4453,5241,31,466,16,2,In-Network,2025-26,2026-03-23,2026-03-28,2026-04-29,32,138.45,0.0,Denied,Timely Filing Expired,False
4454,4628,21,221,3,2,In-Network,2025-26,2026-03-23,2026-03-27,2026-05-03,37,93.78,93.78,Clean-Paid,,False
4455,4954,29,348,1,5,In-Network,2025-26,2026-03-23,2026-03-27,2026-05-03,37,75.07,0.0,Denied,Prior Auth Required,False
4456,4268,13,90,14,4,In-Network,2025-26,2026-03-23,2026-03-23,2026-04-29,37,138.45,138.45,Clean-Paid,,False
4457,4065,8,15,19,1,Out-of-Network,2025-26,2026-03-23,2026-03-25,2026-05-03,39,87.69,87.69,Clean-Paid,,False
4458,5583,11,600,2,5,Out-of-Network,2025-26,2026-03-23,2026-03-24,2026-04-26,33,224.64,224.64,Clean-Paid,,False
4459,4710,3,252,8,1,In-Network,2025-26,2026-03-23,2026-03-25,2026-05-10,46,133.78,133.78,Clean-Paid,,False
4460,5244,31,467,10,2,In-Network,2025-26,2026-03-23,2026-03-26,2026-04-29,34,192.82,192.82,Clean-Paid,,False
4461,4456,22,159,16,6,Out-of-Network,2025-26,2026-03-23,2026-03-25,2026-04-20,26,196.95,0.0,Denied,Max Benefit Exceeded,False
4462,5494,25,566,14,9,In-Network,2025-26,2026-03-24,2026-03-27,2026-05-17,51,138.45,138.45,Clean-Paid,,False
4463,5947,31,755,11,2,In-Network,2025-26,2026-03-24,2026-03-24,2026-05-06,43,138.45,138.45,Clean-Paid,,False
4464,5732,9,664,11,6,Out-of-Network,2025-26,2026-03-24,2026-03-28,2026-05-06,39,178.82,178.82,Clean-Paid,,False
4465,4955,29,348,1,5,In-Network,2025-26,2026-03-24,2026-03-29,2026-04-26,28,208.0,208.0,Clean-Paid,,False
4466,5325,21,497,14,2,In-Network,2025-26,2026-03-24,2026-03-29,2026-05-01,33,68.47,68.47,Clean-Paid,,False
4467,4537,1,190,13,4,In-Network,2025-26,2026-03-24,2026-03-24,2026-05-10,47,83.94,83.94,Clean-Paid,,False
4468,5451,15,550,2,1,Out-of-Network,2025-26,2026-03-24,2026-03-25,2026-05-12,48,285.94,285.94,Clean-Paid,,False
4469,4642,21,226,5,2,In-Network,2025-26,2026-03-25,2026-03-25,2026-05-07,43,138.45,138.45,Clean-Paid,,False
4470,4528,1,187,6,4,In-Network,2025-26,2026-03-25,2026-03-28,2026-05-09,42,58.94,0.0,Denied,Prior Auth Required,False
4471,4254,26,85,15,4,In-Network,2025-26,2026-03-25,2026-03-29,2026-05-15,47,98.06,98.06,Clean-Paid,,False
4472,4617,20,217,15,4,In-Network,2025-26,2026-03-25,2026-03-30,2026-05-19,50,138.45,138.45,Clean-Paid,,False
4473,5245,31,467,10,2,In-Network,2025-26,2026-03-25,2026-03-26,2026-04-23,28,501.18,501.18,Clean-Paid,,True
4474,4393,32,139,13,1,In-Network,2025-26,2026-03-26,2026-03-30,2026-05-18,49,223.08,223.08,Clean-Paid,,False
4475,5784,4,688,4,2,In-Network,2025-26,2026-03-26,2026-03-31,2026-05-08,38,138.45,138.45,Clean-Paid,,False
4476,4960,9,350,11,6,Out-of-Network,2025-26,2026-03-26,2026-03-31,2026-04-27,27,191.54,191.54,Clean-Paid,,False
4477,4056,35,12,16,7,In-Network,2025-26,2026-03-26,2026-03-26,2026-04-25,30,138.45,138.45,Clean-Paid,,False
4478,5631,35,619,18,7,In-Network,2025-26,2026-03-27,2026-03-29,2026-05-04,36,108.47,108.47,Clean-Paid,,False
4479,4953,29,347,14,5,In-Network,2025-26,2026-03-27,2026-03-28,2026-04-27,30,192.82,192.82,Clean-Paid,,False
4480,5627,35,618,10,7,In-Network,2025-26,2026-03-27,2026-03-28,2026-04-27,30,138.45,138.45,Clean-Paid,,False
4481,6037,32,794,5,1,In-Network,2025-26,2026-03-27,2026-04-01,2026-05-05,34,224.02,224.02,Clean-Paid,,False
4482,5448,35,549,15,7,In-Network,2025-26,2026-03-27,2026-03-30,2026-05-10,41,138.45,138.45,Clean-Paid,,False
4483,5223,1,460,18,4,In-Network,2025-26,2026-03-27,2026-03-28,2026-05-02,35,138.45,0.0,Denied,Frequency Limit Exceeded,False
4484,4816,9,291,19,6,Out-of-Network,2025-26,2026-03-30,2026-04-01,2026-05-07,36,190.92,190.92,Clean-Paid,,False
4485,5654,20,630,20,4,In-Network,2025-26,2026-03-30,2026-03-31,2026-05-10,40,138.45,138.45,Clean-Paid,,False
4486,4362,22,126,16,6,Out-of-Network,2025-26,2026-03-30,2026-04-04,2026-05-08,34,178.82,178.82,Clean-Paid,,False
4487,5349,16,508,5,7,In-Network,2025-26,2026-03-30,2026-04-04,2026-05-13,39,82.16,82.16,Clean-Paid,,False
4488,5033,22,384,4,6,Out-of-Network,2025-26,2026-03-30,2026-04-02,2026-05-07,35,178.82,178.82,Clean-Paid,,False
4489,4470,32,167,20,1,Out-of-Network,2025-26,2026-03-30,2026-04-02,2026-05-08,36,190.92,190.92,Clean-Paid,,False
4490,5322,21,496,7,2,In-Network,2025-26,2026-03-30,2026-04-04,2026-05-04,30,138.15,138.15,Clean-Paid,,False
4491,5315,16,494,18,7,In-Network,2025-26,2026-03-30,2026-03-31,2026-05-07,37,204.75,204.75,Clean-Paid,,False
4492,5413,31,533,2,2,In-Network,2025-26,2026-03-30,2026-04-04,2026-05-09,35,172.57,172.57,Clean-Paid,,False
4493,5936,31,752,15,2,In-Network,2025-26,2026-03-30,2026-04-01,2026-04-30,29,224.02,0.0,Denied,Max Benefit Exceeded,False
4494,4986,29,362,2,5,Out-of-Network,2025-26,2026-03-30,2026-03-31,2026-05-06,36,282.66,282.66,Clean-Paid,,False
4495,4208,3,70,8,1,In-Network,2025-26,2026-03-30,2026-04-02,2026-05-15,43,138.45,138.45,Clean-Paid,,False
4496,4775,3,275,7,1,In-Network,2025-26,2026-03-30,2026-04-03,2026-05-09,36,162.16,162.16,Clean-Paid,,False
4497,4128,21,38,10,2,In-Network,2025-26,2026-03-30,2026-04-04,2026-05-09,35,138.45,138.45,Clean-Paid,,False
4498,5436,4,543,18,2,In-Network,2025-26,2026-03-30,2026-03-31,2026-05-10,40,18.06,0.0,Denied,Coverage Terminated,False
4499,6034,31,791,5,2,In-Network,2025-26,2026-03-30,2026-03-30,2026-05-08,39,182.17,182.17,Clean-Paid,,False
4500,4484,17,171,11,5,In-Network,2025-26,2026-03-30,2026-04-02,2026-04-26,24,138.45,138.45,Clean-Paid,,False
4501,5899,14,732,20,4,In-Network,2025-26,2026-03-30,2026-03-31,2026-05-18,48,107.25,0.0,Denied,Missing X-Ray,False
4502,4391,32,138,12,1,In-Network,2025-26,2026-03-31,2026-04-02,2026-05-07,35,172.57,172.57,Clean-Paid,,False
4503,5637,32,622,17,1,Out-of-Network,2025-26,2026-03-31,2026-04-03,2026-05-21,48,228.93,0.0,Denied,Coding Error,False
4504,4646,21,227,20,2,In-Network,2025-26,2026-04-01,2026-04-01,2026-05-04,33,138.45,138.45,Clean-Paid,,False
4505,5482,2,561,6,9,In-Network,2025-26,2026-04-01,2026-04-02,2026-05-17,45,98.06,98.06,Clean-Paid,,False
4506,5264,29,474,9,5,Out-of-Network,2025-26,2026-04-01,2026-04-06,2026-05-06,30,190.92,190.92,Clean-Paid,,False
4507,5795,4,692,9,2,In-Network,2025-26,2026-04-01,2026-04-05,2026-05-01,26,55.07,0.0,Denied,Coverage Terminated,False
4508,4263,26,88,13,4,In-Network,2025-26,2026-04-02,2026-04-02,2026-05-09,37,159.17,159.17,Clean-Paid,,False
4509,4903,34,325,19,2,In-Network,2025-26,2026-04-02,2026-04-02,2026-05-09,37,58.06,58.06,Clean-Paid,,False
4510,4680,5,241,12,4,Out-of-Network,2025-26,2026-04-02,2026-04-05,2026-05-25,50,178.82,178.82,Clean-Paid,,False
4511,4683,5,242,16,4,In-Network,2025-26,2026-04-02,2026-04-02,2026-05-08,36,69.68,69.68,Clean-Paid,,False
4512,4844,27,301,16,9,In-Network,2025-26,2026-04-02,2026-04-02,2026-05-18,46,137.51,137.51,Clean-Paid,,False
4513,4891,17,320,14,5,In-Network,2025-26,2026-04-02,2026-04-06,2026-05-10,34,83.9,83.9,Clean-Paid,,False
4514,4067,8,16,4,1,Out-of-Network,2025-26,2026-04-03,2026-04-07,2026-05-22,45,137.81,137.81,Clean-Paid,,False
4515,4378,35,132,6,7,In-Network,2025-26,2026-04-03,2026-04-03,2026-05-13,40,183.54,183.54,Clean-Paid,,False
4516,4618,20,217,15,4,In-Network,2025-26,2026-04-03,2026-04-06,2026-05-12,36,132.57,132.57,Clean-Paid,,False
4517,4983,29,361,11,5,In-Network,2025-26,2026-04-03,2026-04-07,2026-05-14,37,138.45,138.45,Clean-Paid,,False
4518,5452,15,550,2,1,Out-of-Network,2025-26,2026-04-03,2026-04-07,2026-05-19,42,178.82,178.82,Clean-Paid,,False
4519,5857,7,715,12,7,In-Network,2025-26,2026-04-06,2026-04-07,2026-05-17,40,224.02,0.0,Denied,Missing X-Ray,False
4520,5409,31,532,2,2,In-Network,2025-26,2026-04-06,2026-04-09,2026-05-13,34,192.82,192.82,Clean-Paid,,False
4521,4777,3,276,11,1,Out-of-Network,2025-26,2026-04-06,2026-04-07,2026-05-25,48,178.82,178.82,Clean-Paid,,False
4522,4943,6,342,16,8,In-Network,2025-26,2026-04-06,2026-04-10,2026-05-20,40,278.97,278.97,Clean-Paid,,False
4523,4859,34,307,9,2,In-Network,2025-26,2026-04-06,2026-04-09,2026-05-08,29,138.45,138.45,Clean-Paid,,False
4524,5132,10,419,5,9,In-Network,2025-26,2026-04-06,2026-04-06,2026-05-20,44,409.12,409.12,Clean-Paid,,True
4525,5260,29,473,10,5,In-Network,2025-26,2026-04-06,2026-04-10,2026-05-17,37,138.45,138.45,Clean-Paid,,False
4526,4976,12,358,5,9,In-Network,2025-26,2026-04-06,2026-04-11,2026-05-20,39,224.02,224.02,Clean-Paid,,False
4527,4094,21,26,19,2,In-Network,2025-26,2026-04-06,2026-04-08,2026-05-14,36,107.25,107.25,Clean-Paid,,False
4528,5003,5,371,17,4,In-Network,2025-26,2026-04-06,2026-04-07,2026-05-21,44,224.02,224.02,Clean-Paid,,False
4529,5058,4,393,9,2,In-Network,2025-26,2026-04-06,2026-04-11,2026-05-08,27,21.88,0.0,Denied,Prior Auth Required,False
4530,4160,15,50,1,1,In-Network,2025-26,2026-04-07,2026-04-07,2026-05-18,41,138.45,138.45,Clean-Paid,,False
4531,4522,8,185,2,1,Out-of-Network,2025-26,2026-04-07,2026-04-10,2026-05-14,34,62.5,0.0,Denied,Max Benefit Exceeded,True
4532,5016,19,376,12,9,In-Network,2025-26,2026-04-07,2026-04-08,2026-05-18,40,98.06,98.06,Clean-Paid,,False
4533,5541,16,582,14,7,In-Network,2025-26,2026-04-07,2026-04-11,2026-05-08,27,138.45,138.45,Clean-Paid,,False
4534,5502,17,568,1,5,In-Network,2025-26,2026-04-07,2026-04-08,2026-05-10,32,340.18,0.0,Denied,Prior Auth Required,True
4535,4920,5,334,7,4,In-Network,2025-26,2026-04-07,2026-04-10,2026-05-15,35,107.25,107.25,Clean-Paid,,False
4536,4443,22,155,13,6,In-Network,2025-26,2026-04-07,2026-04-09,2026-05-10,31,138.45,138.45,Clean-Paid,,False
4537,5678,9,642,14,6,Out-of-Network,2025-26,2026-04-07,2026-04-07,2026-04-30,23,240.32,240.32,Clean-Paid,,False
4538,5608,30,611,17,5,In-Network,2025-26,2026-04-08,2026-04-12,2026-05-17,35,138.45,138.45,Clean-Paid,,False
4539,4860,34,307,9,2,In-Network,2025-26,2026-04-08,2026-04-09,2026-05-17,38,127.74,127.74,Clean-Paid,,False
4540,4177,30,57,9,5,Out-of-Network,2025-26,2026-04-08,2026-04-13,2026-05-12,29,151.01,151.01,Clean-Paid,,False
4541,4390,32,138,12,1,In-Network,2025-26,2026-04-09,2026-04-14,2026-05-17,33,224.02,224.02,Clean-Paid,,False
4542,5182,18,439,14,1,Out-of-Network,2025-26,2026-04-09,2026-04-12,2026-05-31,49,113.22,113.22,Clean-Paid,,False
4543,5173,18,435,12,1,In-Network,2025-26,2026-04-09,2026-04-12,2026-05-20,38,729.71,729.71,Clean-Paid,,True
4544,4908,34,327,20,2,In-Network,2025-26,2026-04-09,2026-04-10,2026-05-19,39,164.75,164.75,Clean-Paid,,False
4545,4713,32,253,15,1,In-Network,2025-26,2026-04-09,2026-04-12,2026-05-31,49,68.47,68.47,Clean-Paid,,False
4546,4169,30,54,10,5,In-Network,2025-26,2026-04-09,2026-04-13,2026-05-07,24,138.45,138.45,Clean-Paid,,False
4547,4534,1,189,20,4,In-Network,2025-26,2026-04-09,2026-04-11,2026-05-22,41,135.07,135.07,Clean-Paid,,False
4548,5819,33,702,10,8,In-Network,2025-26,2026-04-10,2026-04-14,2026-05-15,31,182.17,182.17,Clean-Paid,,False
4549,4964,9,353,9,6,Out-of-Network,2025-26,2026-04-10,2026-04-12,2026-05-11,29,21.42,0.0,Denied,Frequency Limit Exceeded,False
4550,4223,34,75,19,2,In-Network,2025-26,2026-04-10,2026-04-15,2026-05-13,28,72.21,72.21,Clean-Paid,,False
4551,6030,31,789,7,2,In-Network,2025-26,2026-04-13,2026-04-13,2026-05-25,42,166.53,166.53,Clean-Paid,,False
4552,5369,24,515,17,8,In-Network,2025-26,2026-04-13,2026-04-13,2026-05-12,29,107.25,107.25,Clean-Paid,,False
4553,4911,34,329,5,2,In-Network,2025-26,2026-04-13,2026-04-17,2026-05-26,39,29.68,29.68,Clean-Paid,,False
4554,4499,32,177,5,1,In-Network,2025-26,2026-04-13,2026-04-15,2026-05-24,39,206.53,206.53,Clean-Paid,,False
4555,4330,4,115,15,2,In-Network,2025-26,2026-04-13,2026-04-13,2026-05-13,30,138.45,138.45,Clean-Paid,,False
4556,5719,6,659,6,8,In-Network,2025-26,2026-04-13,2026-04-17,2026-06-01,45,182.17,182.17,Clean-Paid,,False
4557,5853,2,714,19,9,In-Network,2025-26,2026-04-13,2026-04-14,2026-05-25,41,138.45,138.45,Clean-Paid,,False
4558,5420,15,537,8,1,In-Network,2025-26,2026-04-13,2026-04-15,2026-05-17,32,0.0,0.0,Clean-Paid,,False
4559,5344,16,506,12,7,In-Network,2025-26,2026-04-13,2026-04-13,2026-05-17,34,224.02,224.02,Clean-Paid,,False
4560,4497,32,177,5,1,In-Network,2025-26,2026-04-13,2026-04-18,2026-06-05,48,138.45,138.45,Clean-Paid,,False
4561,4178,30,58,1,5,In-Network,2025-26,2026-04-13,2026-04-13,2026-05-23,40,192.82,192.82,Clean-Paid,,False
4562,5825,33,703,10,8,In-Network,2025-26,2026-04-13,2026-04-17,2026-06-02,46,107.74,107.74,Clean-Paid,,False
4563,4560,9,197,10,6,In-Network,2025-26,2026-04-13,2026-04-17,2026-05-15,28,138.45,138.45,Clean-Paid,,False
4564,4971,9,355,16,6,Out-of-Network,2025-26,2026-04-13,2026-04-18,2026-05-21,33,141.24,141.24,Clean-Paid,,False
4565,4175,30,56,8,5,In-Network,2025-26,2026-04-13,2026-04-14,2026-05-20,36,137.51,137.51,Clean-Paid,,False
4566,5580,11,599,7,5,In-Network,2025-26,2026-04-13,2026-04-16,2026-05-22,36,138.45,138.45,Clean-Paid,,False
4567,4154,30,48,7,5,In-Network,2025-26,2026-04-13,2026-04-18,2026-05-25,37,144.75,144.75,Clean-Paid,,False
4568,4452,22,158,16,6,Out-of-Network,2025-26,2026-04-13,2026-04-14,2026-05-16,32,168.93,168.93,Clean-Paid,,False
4569,5468,6,556,2,8,In-Network,2025-26,2026-04-13,2026-04-16,2026-05-31,45,138.45,138.45,Clean-Paid,,False
4570,5802,8,695,16,1,Out-of-Network,2025-26,2026-04-13,2026-04-18,2026-05-22,34,178.82,0.0,Denied,Missing X-Ray,False
4571,4581,6,204,1,8,In-Network,2025-26,2026-04-13,2026-04-17,2026-05-24,37,107.25,107.25,Clean-Paid,,False
4572,4162,15,52,19,1,Out-of-Network,2025-26,2026-04-13,2026-04-15,2026-06-02,48,178.82,178.82,Clean-Paid,,False
4573,4403,32,142,4,1,Out-of-Network,2025-26,2026-04-13,2026-04-17,2026-05-26,39,242.66,242.66,Clean-Paid,,False
4574,4148,30,46,7,5,In-Network,2025-26,2026-04-13,2026-04-13,2026-05-06,23,137.51,0.0,Denied,Prior Auth Required,False
4575,5337,35,502,20,7,In-Network,2025-26,2026-04-14,2026-04-19,2026-05-18,29,138.45,138.45,Clean-Paid,,False
4576,5159,31,430,11,2,In-Network,2025-26,2026-04-14,2026-04-18,2026-05-19,31,68.47,68.47,Clean-Paid,,False
4577,4567,3,199,6,1,In-Network,2025-26,2026-04-14,2026-04-17,2026-05-26,39,138.45,138.45,Clean-Paid,,False
4578,4892,17,321,19,5,In-Network,2025-26,2026-04-14,2026-04-19,2026-05-25,36,224.02,224.02,Clean-Paid,,False
4579,5683,30,644,19,5,In-Network,2025-26,2026-04-14,2026-04-14,2026-05-10,26,138.45,138.45,Clean-Paid,,False
4580,5619,30,615,5,5,In-Network,2025-26,2026-04-14,2026-04-17,2026-05-22,35,168.71,168.71,Clean-Paid,,False
4581,5375,24,517,20,8,In-Network,2025-26,2026-04-15,2026-04-17,2026-05-27,40,107.25,107.25,Clean-Paid,,False
4582,5381,27,519,16,9,In-Network,2025-26,2026-04-15,2026-04-15,2026-06-05,51,138.45,138.45,Clean-Paid,,False
4583,5150,31,427,19,2,In-Network,2025-26,2026-04-15,2026-04-20,2026-05-20,30,107.25,107.25,Clean-Paid,,False
4584,5850,2,713,11,9,In-Network,2025-26,2026-04-15,2026-04-19,2026-06-06,48,704.71,0.0,Denied,Prior Auth Required,True
4585,6013,25,782,5,9,In-Network,2025-26,2026-04-15,2026-04-18,2026-06-05,48,168.71,0.0,Denied,Coverage Terminated,False
4586,5210,12,455,12,9,In-Network,2025-26,2026-04-16,2026-04-20,2026-06-11,52,107.25,107.25,Clean-Paid,,False
4587,6007,22,779,10,6,In-Network,2025-26,2026-04-16,2026-04-16,2026-05-21,35,224.02,224.02,Clean-Paid,,False
4588,5688,5,646,2,4,Out-of-Network,2025-26,2026-04-16,2026-04-20,2026-05-30,40,178.82,178.82,Clean-Paid,,False
4589,4429,25,151,19,9,In-Network,2025-26,2026-04-16,2026-04-17,2026-05-30,43,138.45,138.45,Clean-Paid,,False
4590,5605,30,610,12,5,In-Network,2025-26,2026-04-16,2026-04-21,2026-05-17,26,71.88,71.88,Clean-Paid,,False
4591,5225,20,461,18,4,In-Network,2025-26,2026-04-16,2026-04-19,2026-05-26,37,224.02,224.02,Clean-Paid,,False
4592,5217,12,457,9,9,In-Network,2025-26,2026-04-16,2026-04-18,2026-06-10,53,208.0,208.0,Clean-Paid,,False
4593,6015,25,783,18,9,In-Network,2025-26,2026-04-17,2026-04-19,2026-06-03,45,135.07,135.07,Clean-Paid,,False
4594,5544,35,584,12,7,In-Network,2025-26,2026-04-17,2026-04-17,2026-05-15,28,138.45,0.0,Denied,Prior Auth Required,False
4595,4201,3,68,11,1,Out-of-Network,2025-26,2026-04-17,2026-04-20,2026-06-06,47,160.91,160.91,Clean-Paid,,False
4596,4724,21,257,12,2,In-Network,2025-26,2026-04-17,2026-04-20,2026-06-02,43,138.45,0.0,Denied,Missing X-Ray,False
4597,5564,15,593,11,1,Out-of-Network,2025-26,2026-04-20,2026-04-24,2026-05-31,37,190.92,0.0,Denied,Coverage Terminated,False
4598,5047,11,389,1,5,In-Network,2025-26,2026-04-20,2026-04-24,2026-05-29,35,135.07,135.07,Clean-Paid,,False
4599,4966,9,354,7,6,In-Network,2025-26,2026-04-20,2026-04-24,2026-05-21,27,168.71,168.71,Clean-Paid,,False
4600,4333,4,116,16,2,In-Network,2025-26,2026-04-20,2026-04-24,2026-06-03,40,224.02,0.0,Denied,Missing X-Ray,False
4601,5078,28,401,3,3,In-Network,2025-26,2026-04-20,2026-04-25,2026-05-22,27,138.45,138.45,Clean-Paid,,False
4602,5119,27,415,9,9,In-Network,2025-26,2026-04-20,2026-04-25,2026-06-10,46,224.02,224.02,Clean-Paid,,False
4603,4104,20,29,12,4,Out-of-Network,2025-26,2026-04-20,2026-04-25,2026-06-08,44,178.82,178.82,Clean-Paid,,False
4604,5405,31,530,12,2,In-Network,2025-26,2026-04-20,2026-04-25,2026-06-02,38,224.02,224.02,Clean-Paid,,False
4605,4795,3,284,11,1,Out-of-Network,2025-26,2026-04-20,2026-04-23,2026-05-25,32,244.64,244.64,Clean-Paid,,False
4606,5440,18,545,11,1,Out-of-Network,2025-26,2026-04-20,2026-04-20,2026-05-23,33,178.82,0.0,Denied,Prior Auth Required,False
4607,5786,4,689,17,2,In-Network,2025-26,2026-04-20,2026-04-24,2026-05-21,27,138.45,0.0,Denied,Missing X-Ray,False
4608,5438,18,544,12,1,In-Network,2025-26,2026-04-21,2026-04-24,2026-05-29,35,138.45,138.45,Clean-Paid,,False
4609,5158,31,430,11,2,In-Network,2025-26,2026-04-21,2026-04-23,2026-05-21,28,199.17,199.17,Clean-Paid,,False
4610,4957,29,349,1,5,In-Network,2025-26,2026-04-21,2026-04-26,2026-05-28,32,83.9,83.9,Clean-Paid,,False
4611,5971,35,765,14,7,In-Network,2025-26,2026-04-21,2026-04-24,2026-05-31,37,69.68,69.68,Clean-Paid,,False
4612,4595,9,209,18,6,In-Network,2025-26,2026-04-21,2026-04-23,2026-06-01,39,451.18,451.18,Clean-Paid,,True
4613,5328,12,498,9,9,In-Network,2025-26,2026-04-21,2026-04-24,2026-06-10,47,138.45,138.45,Clean-Paid,,False
4614,4561,9,197,10,6,In-Network,2025-26,2026-04-21,2026-04-22,2026-05-20,28,64.1,0.0,Denied,Prior Auth Required,False
4615,5445,18,547,8,1,In-Network,2025-26,2026-04-22,2026-04-24,2026-06-09,46,98.06,98.06,Clean-Paid,,False
4616,5155,31,429,16,2,In-Network,2025-26,2026-04-22,2026-04-25,2026-06-03,39,135.07,135.07,Clean-Paid,,False
4617,5371,24,515,17,8,In-Network,2025-26,2026-04-22,2026-04-27,2026-06-02,36,243.54,243.54,Clean-Paid,,False
4618,4240,6,81,18,8,In-Network,2025-26,2026-04-22,2026-04-27,2026-05-26,29,199.17,199.17,Clean-Paid,,False
4619,4715,32,254,1,1,In-Network,2025-26,2026-04-22,2026-04-22,2026-05-29,37,138.45,138.45,Clean-Paid,,False
4620,5993,23,774,19,5,In-Network,2025-26,2026-04-23,2026-04-25,2026-06-02,38,144.75,144.75,Clean-Paid,,False
4621,5747,2,671,16,9,In-Network,2025-26,2026-04-23,2026-04-23,2026-06-03,41,159.17,159.17,Clean-Paid,,False
4622,5061,30,395,16,5,In-Network,2025-26,2026-04-23,2026-04-23,2026-05-21,28,138.45,138.45,Clean-Paid,,False
4623,4737,16,262,18,7,In-Network,2025-26,2026-04-23,2026-04-24,2026-06-01,38,138.45,138.45,Clean-Paid,,False
4624,4851,11,304,12,5,In-Network,2025-26,2026-04-23,2026-04-27,2026-05-20,23,224.02,224.02,Clean-Paid,,False
4625,4799,10,285,12,9,In-Network,2025-26,2026-04-23,2026-04-25,2026-06-15,51,143.9,143.9,Clean-Paid,,False
4626,5234,31,464,5,2,In-Network,2025-26,2026-04-23,2026-04-26,2026-06-07,42,138.45,0.0,Denied,Max Benefit Exceeded,False
4627,4869,34,311,8,2,In-Network,2025-26,2026-04-23,2026-04-26,2026-06-06,41,137.51,137.51,Clean-Paid,,False
4628,4336,4,117,1,2,In-Network,2025-26,2026-04-23,2026-04-23,2026-05-19,26,224.02,224.02,Clean-Paid,,False
4629,4979,12,359,8,9,In-Network,2025-26,2026-04-23,2026-04-24,2026-06-09,46,137.51,137.51,Clean-Paid,,False
4630,4990,13,364,16,4,In-Network,2025-26,2026-04-23,2026-04-25,2026-05-31,36,138.45,138.45,Clean-Paid,,False
4631,4786,3,280,5,1,In-Network,2025-26,2026-04-23,2026-04-23,2026-06-07,45,704.71,704.71,Clean-Paid,,True
4632,4599,21,211,18,2,In-Network,2025-26,2026-04-24,2026-04-26,2026-05-31,35,138.45,138.45,Clean-Paid,,False
4633,5105,30,410,6,5,In-Network,2025-26,2026-04-24,2026-04-26,2026-05-30,34,83.9,83.9,Clean-Paid,,False
4634,5435,4,543,18,2,In-Network,2025-26,2026-04-24,2026-04-29,2026-05-29,30,254.28,254.28,Clean-Paid,,False
4635,5426,4,539,4,2,In-Network,2025-26,2026-04-24,2026-04-29,2026-06-04,36,162.16,162.16,Clean-Paid,,False
4636,4872,7,312,12,7,In-Network,2025-26,2026-04-27,2026-05-02,2026-06-13,42,138.45,138.45,Clean-Paid,,False
4637,4918,5,333,13,4,In-Network,2025-26,2026-04-27,2026-04-29,2026-06-07,39,138.45,138.45,Clean-Paid,,False
4638,5961,23,761,10,5,In-Network,2025-26,2026-04-27,2026-04-27,2026-05-29,32,433.08,0.0,Denied,Prior Auth Required,True
4639,4061,8,14,2,1,Out-of-Network,2025-26,2026-04-27,2026-04-30,2026-06-04,35,285.94,0.0,Denied,Max Benefit Exceeded,False
4640,4797,10,285,12,9,In-Network,2025-26,2026-04-27,2026-04-28,2026-06-11,44,138.45,138.45,Clean-Paid,,False
4641,4785,3,280,5,1,In-Network,2025-26,2026-04-27,2026-04-28,2026-06-04,37,71.27,71.27,Clean-Paid,,False
4642,5194,35,444,19,7,In-Network,2025-26,2026-04-27,2026-04-28,2026-06-02,35,138.45,138.45,Clean-Paid,,False
4643,5602,14,609,6,4,In-Network,2025-26,2026-04-27,2026-05-01,2026-06-15,45,224.02,224.02,Clean-Paid,,False
4644,4985,29,362,2,5,Out-of-Network,2025-26,2026-04-27,2026-04-29,2026-06-03,35,190.92,0.0,Denied,Max Benefit Exceeded,False
4645,4354,3,123,17,1,Out-of-Network,2025-26,2026-04-27,2026-05-01,2026-06-19,49,347.44,347.44,Clean-Paid,,False
4646,5287,12,482,7,9,In-Network,2025-26,2026-04-27,2026-05-01,2026-06-10,40,168.71,168.71,Clean-Paid,,False
4647,5242,31,466,16,2,In-Network,2025-26,2026-04-27,2026-05-02,2026-06-02,31,252.37,252.37,Clean-Paid,,False
4648,5566,15,593,11,1,Out-of-Network,2025-26,2026-04-27,2026-04-28,2026-06-06,39,113.22,113.22,Clean-Paid,,False
4649,5055,4,392,12,2,In-Network,2025-26,2026-04-27,2026-04-27,2026-06-04,38,138.45,138.45,Clean-Paid,,False
4650,5306,16,491,4,7,In-Network,2025-26,2026-04-27,2026-05-01,2026-06-01,31,63.9,63.9,Clean-Paid,,False
4651,5700,5,650,10,4,In-Network,2025-26,2026-04-27,2026-04-27,2026-06-06,40,137.51,137.51,Clean-Paid,,False
4652,4300,10,102,10,9,In-Network,2025-26,2026-04-27,2026-04-30,2026-06-11,42,395.58,0.0,Denied,Prior Auth Required,True
4653,4070,8,17,6,1,In-Network,2025-26,2026-04-27,2026-04-30,2026-06-05,36,138.45,138.45,Clean-Paid,,False
4654,5237,31,465,1,2,In-Network,2025-26,2026-04-27,2026-05-02,2026-06-09,38,223.08,223.08,Clean-Paid,,False
4655,5529,16,578,5,7,In-Network,2025-26,2026-04-28,2026-05-01,2026-06-11,41,138.45,138.45,Clean-Paid,,False
4656,4574,3,202,14,1,Out-of-Network,2025-26,2026-04-28,2026-05-02,2026-06-16,45,640.63,0.0,Denied,Max Benefit Exceeded,True
4657,5926,6,744,2,8,In-Network,2025-26,2026-04-28,2026-04-29,2026-06-13,45,243.54,243.54,Clean-Paid,,False
4658,4468,32,166,18,1,In-Network,2025-26,2026-04-28,2026-05-02,2026-06-09,38,138.45,138.45,Clean-Paid,,False
4659,4421,25,148,14,9,In-Network,2025-26,2026-04-28,2026-04-28,2026-06-18,51,409.12,409.12,Clean-Paid,,True
4660,5780,27,686,9,9,In-Network,2025-26,2026-04-29,2026-05-03,2026-06-25,53,138.45,0.0,Denied,Max Benefit Exceeded,False
4661,4271,13,91,15,4,In-Network,2025-26,2026-04-29,2026-04-30,2026-06-11,42,138.45,138.45,Clean-Paid,,False
4662,4194,2,65,12,9,In-Network,2025-26,2026-04-29,2026-05-04,2026-06-13,40,224.02,224.02,Clean-Paid,,False
4663,5746,25,670,16,9,In-Network,2025-26,2026-04-29,2026-04-29,2026-06-09,41,34.38,34.38,Clean-Paid,,False
4664,4847,27,302,16,9,In-Network,2025-26,2026-04-29,2026-05-01,2026-06-11,41,654.71,654.71,Clean-Paid,,True
4665,5348,16,508,5,7,In-Network,2025-26,2026-04-29,2026-04-30,2026-06-07,38,223.08,223.08,Clean-Paid,,False
4666,5456,15,551,17,1,Out-of-Network,2025-26,2026-04-29,2026-05-02,2026-06-14,43,190.17,190.17,Clean-Paid,,False
4667,5121,27,416,12,9,In-Network,2025-26,2026-04-30,2026-05-01,2026-06-08,38,224.02,224.02,Clean-Paid,,False
4668,5161,31,431,18,2,In-Network,2025-26,2026-04-30,2026-05-03,2026-06-08,36,137.51,137.51,Clean-Paid,,False
4669,4767,29,273,18,5,In-Network,2025-26,2026-04-30,2026-05-01,2026-05-28,27,138.45,138.45,Clean-Paid,,False
4670,4682,5,242,16,4,In-Network,2025-26,2026-04-30,2026-05-03,2026-06-06,34,178.15,178.15,Clean-Paid,,False
4671,4257,26,86,19,4,In-Network,2025-26,2026-04-30,2026-05-02,2026-06-07,36,133.78,133.78,Clean-Paid,,False
4672,4324,5,113,2,4,Out-of-Network,2025-26,2026-04-30,2026-05-04,2026-06-07,34,252.42,252.42,Clean-Paid,,False
4673,5421,15,537,8,1,In-Network,2025-26,2026-05-01,2026-05-06,2026-06-23,48,133.78,133.78,Clean-Paid,,False
4674,4309,15,107,12,1,In-Network,2025-26,2026-05-01,2026-05-06,2026-06-20,45,224.02,0.0,Denied,Coding Error,False
4675,4941,6,342,16,8,In-Network,2025-26,2026-05-01,2026-05-02,2026-06-17,46,138.45,138.45,Clean-Paid,,False
4676,5655,20,631,20,4,In-Network,2025-26,2026-05-01,2026-05-06,2026-06-22,47,224.02,224.02,Clean-Paid,,False
4677,4668,8,236,8,1,In-Network,2025-26,2026-05-01,2026-05-06,2026-06-22,47,172.57,172.57,Clean-Paid,,False
4678,4306,15,105,17,1,Out-of-Network,2025-26,2026-05-01,2026-05-04,2026-06-08,35,178.82,178.82,Clean-Paid,,False
4679,4540,21,191,8,2,In-Network,2025-26,2026-05-04,2026-05-09,2026-06-19,41,224.02,224.02,Clean-Paid,,False
4680,5814,33,700,11,8,In-Network,2025-26,2026-05-04,2026-05-07,2026-06-06,30,138.45,138.45,Clean-Paid,,False
4681,4477,32,169,15,1,In-Network,2025-26,2026-05-04,2026-05-05,2026-06-10,36,138.45,138.45,Clean-Paid,,False
4682,5200,3,447,3,1,In-Network,2025-26,2026-05-04,2026-05-07,2026-06-12,36,224.02,224.02,Clean-Paid,,False
4683,4878,7,315,9,7,In-Network,2025-26,2026-05-04,2026-05-05,2026-06-14,40,107.25,107.25,Clean-Paid,,False
4684,4769,29,274,10,5,In-Network,2025-26,2026-05-04,2026-05-04,2026-05-29,25,138.45,138.45,Clean-Paid,,False
4685,4578,6,203,18,8,In-Network,2025-26,2026-05-04,2026-05-08,2026-06-06,29,118.15,118.15,Clean-Paid,,False
4686,5020,19,378,3,9,In-Network,2025-26,2026-05-04,2026-05-07,2026-06-26,50,138.45,138.45,Clean-Paid,,False
4687,5521,16,575,11,7,In-Network,2025-26,2026-05-04,2026-05-04,2026-06-02,29,138.45,138.45,Clean-Paid,,False
4688,6029,31,789,7,2,In-Network,2025-26,2026-05-04,2026-05-09,2026-06-15,37,729.71,729.71,Clean-Paid,,True
4689,5892,7,729,5,7,In-Network,2025-26,2026-05-04,2026-05-09,2026-06-09,31,224.02,224.02,Clean-Paid,,False
4690,5640,32,623,5,1,In-Network,2025-26,2026-05-04,2026-05-06,2026-06-10,35,132.57,132.57,Clean-Paid,,False
4691,5537,16,581,17,7,In-Network,2025-26,2026-05-04,2026-05-09,2026-06-18,40,138.45,138.45,Clean-Paid,,False
4692,4420,25,148,14,9,In-Network,2025-26,2026-05-04,2026-05-06,2026-06-27,52,138.45,138.45,Clean-Paid,,False
4693,5034,22,384,4,6,Out-of-Network,2025-26,2026-05-04,2026-05-06,2026-06-07,32,311.36,311.36,Clean-Paid,,False
4694,5633,35,620,19,7,In-Network,2025-26,2026-05-05,2026-05-05,2026-06-11,37,75.07,75.07,Clean-Paid,,False
4695,4122,21,36,10,2,In-Network,2025-26,2026-05-06,2026-05-07,2026-06-18,42,224.02,224.02,Clean-Paid,,False
4696,5667,35,638,8,7,In-Network,2025-26,2026-05-06,2026-05-11,2026-06-10,30,192.82,192.82,Clean-Paid,,False
4697,4819,9,292,2,6,Out-of-Network,2025-26,2026-05-06,2026-05-08,2026-06-08,31,151.01,151.01,Clean-Paid,,False
4698,5275,28,477,20,3,In-Network,2025-26,2026-05-06,2026-05-10,2026-06-02,23,138.45,138.45,Clean-Paid,,False
4699,6032,31,790,12,2,In-Network,2025-26,2026-05-06,2026-05-10,2026-06-17,38,168.71,168.71,Clean-Paid,,False
4700,5552,26,587,15,4,In-Network,2025-26,2026-05-06,2026-05-09,2026-06-27,49,224.02,224.02,Clean-Paid,,False
4701,5064,30,396,19,5,In-Network,2025-26,2026-05-06,2026-05-08,2026-06-16,39,102.16,102.16,Clean-Paid,,False
4702,5685,30,645,2,5,Out-of-Network,2025-26,2026-05-06,2026-05-07,2026-06-09,33,254.64,254.64,Clean-Paid,,False
4703,5585,11,601,3,5,In-Network,2025-26,2026-05-07,2026-05-10,2026-06-10,31,254.28,254.28,Clean-Paid,,False
4704,4883,17,318,4,5,In-Network,2025-26,2026-05-07,2026-05-08,2026-06-03,26,107.25,107.25,Clean-Paid,,False
4705,5139,10,422,5,9,In-Network,2025-26,2026-05-07,2026-05-08,2026-06-16,39,409.12,409.12,Clean-Paid,,True
4706,4117,12,33,13,9,In-Network,2025-26,2026-05-07,2026-05-07,2026-06-15,39,138.45,138.45,Clean-Paid,,False
4707,4089,21,24,20,2,In-Network,2025-26,2026-05-08,2026-05-11,2026-06-13,33,138.45,138.45,Clean-Paid,,False
4708,5176,18,436,15,1,In-Network,2025-26,2026-05-08,2026-05-10,2026-06-24,45,138.45,138.45,Clean-Paid,,False
4709,5011,5,375,3,4,Out-of-Network,2025-26,2026-05-08,2026-05-12,2026-06-27,46,298.04,0.0,Denied,Missing X-Ray,False
4710,5656,20,631,20,4,In-Network,2025-26,2026-05-11,2026-05-16,2026-06-26,41,58.94,0.0,Denied,Coding Error,False
4711,4674,8,239,4,1,Out-of-Network,2025-26,2026-05-11,2026-05-11,2026-06-18,38,258.13,258.13,Clean-Paid,,False
4712,4648,21,228,19,2,In-Network,2025-26,2026-05-11,2026-05-11,2026-06-19,39,137.51,137.51,Clean-Paid,,False
4713,5611,30,612,9,5,Out-of-Network,2025-26,2026-05-11,2026-05-15,2026-06-23,39,200.91,0.0,Denied,Coding Error,False
4714,4907,34,327,20,2,In-Network,2025-26,2026-05-11,2026-05-11,2026-06-18,38,137.51,137.51,Clean-Paid,,False
4715,5777,27,684,14,9,In-Network,2025-26,2026-05-11,2026-05-16,2026-07-10,55,79.17,79.17,Clean-Paid,,False
4716,4368,22,129,17,6,Out-of-Network,2025-26,2026-05-11,2026-05-13,2026-06-15,33,307.07,307.07,Clean-Paid,,False
4717,4867,34,310,3,2,In-Network,2025-26,2026-05-11,2026-05-13,2026-06-19,37,137.51,137.51,Clean-Paid,,False
4718,5717,6,658,11,8,In-Network,2025-26,2026-05-11,2026-05-16,2026-06-14,29,138.45,138.45,Clean-Paid,,False
4719,5170,31,434,18,2,In-Network,2025-26,2026-05-11,2026-05-13,2026-06-10,28,142.88,142.88,Clean-Paid,,False
4720,4246,6,83,8,8,In-Network,2025-26,2026-05-11,2026-05-15,2026-06-26,42,208.0,0.0,Denied,Missing X-Ray,False
4721,5278,12,478,5,9,In-Network,2025-26,2026-05-11,2026-05-14,2026-06-25,42,224.02,224.02,Clean-Paid,,False
4722,4057,35,12,16,7,In-Network,2025-26,2026-05-11,2026-05-16,2026-06-23,38,311.64,311.64,Clean-Paid,,True
4723,4275,13,92,6,4,In-Network,2025-26,2026-05-11,2026-05-13,2026-06-25,43,103.9,103.9,Clean-Paid,,False
4724,4586,14,206,9,4,Out-of-Network,2025-26,2026-05-11,2026-05-15,2026-06-19,35,254.46,254.46,Clean-Paid,,False
4725,4293,32,100,17,1,Out-of-Network,2025-26,2026-05-11,2026-05-14,2026-06-21,38,298.37,298.37,Clean-Paid,,False
4726,4722,21,256,19,2,In-Network,2025-26,2026-05-12,2026-05-14,2026-06-10,27,241.96,241.96,Clean-Paid,,False
4727,5114,30,413,4,5,In-Network,2025-26,2026-05-13,2026-05-16,2026-06-14,29,107.25,107.25,Clean-Paid,,False
4728,5613,30,613,1,5,In-Network,2025-26,2026-05-13,2026-05-16,2026-06-22,37,138.45,138.45,Clean-Paid,,False
4729,4339,4,118,17,2,In-Network,2025-26,2026-05-14,2026-05-16,2026-06-20,35,137.51,137.51,Clean-Paid,,False
4730,5600,14,608,10,4,In-Network,2025-26,2026-05-14,2026-05-15,2026-06-18,34,138.45,138.45,Clean-Paid,,False
4731,4548,21,193,14,2,In-Network,2025-26,2026-05-14,2026-05-15,2026-06-24,40,127.74,127.74,Clean-Paid,,False
4732,5975,9,767,3,6,In-Network,2025-26,2026-05-14,2026-05-19,2026-06-27,39,138.45,138.45,Clean-Paid,,False
4733,4758,29,270,20,5,In-Network,2025-26,2026-05-15,2026-05-20,2026-06-18,29,153.58,0.0,Denied,Coding Error,False
4734,5094,10,407,19,9,In-Network,2025-26,2026-05-15,2026-05-16,2026-06-23,38,218.97,218.97,Clean-Paid,,False
4735,5069,30,398,8,5,In-Network,2025-26,2026-05-15,2026-05-17,2026-06-23,37,138.45,138.45,Clean-Paid,,False
4736,4125,21,37,4,2,In-Network,2025-26,2026-05-15,2026-05-18,2026-06-15,28,143.9,0.0,Denied,Prior Auth Required,False
4737,5868,3,720,2,1,Out-of-Network,2025-26,2026-05-18,2026-05-21,2026-07-08,48,359.54,359.54,Clean-Paid,,False
4738,5569,31,595,18,2,In-Network,2025-26,2026-05-18,2026-05-22,2026-06-21,30,138.45,138.45,Clean-Paid,,False
4739,5531,16,578,5,7,In-Network,2025-26,2026-05-18,2026-05-19,2026-06-24,36,98.06,98.06,Clean-Paid,,False
4740,4640,21,225,15,2,In-Network,2025-26,2026-05-18,2026-05-18,2026-06-20,33,203.54,203.54,Clean-Paid,,False
4741,5329,12,499,8,9,In-Network,2025-26,2026-05-18,2026-05-21,2026-07-12,52,224.02,224.02,Clean-Paid,,False
4742,5757,2,674,18,9,In-Network,2025-26,2026-05-18,2026-05-20,2026-07-08,49,107.25,107.25,Clean-Paid,,False
4743,4235,2,80,5,9,In-Network,2025-26,2026-05-18,2026-05-23,2026-07-13,51,182.17,182.17,Clean-Paid,,False
4744,4862,34,308,18,2,In-Network,2025-26,2026-05-18,2026-05-22,2026-06-23,32,168.71,0.0,Denied,Max Benefit Exceeded,False
4745,5876,28,723,4,3,In-Network,2025-26,2026-05-18,2026-05-20,2026-06-09,20,137.51,137.51,Clean-Paid,,False
4746,5658,14,633,16,4,In-Network,2025-26,2026-05-18,2026-05-19,2026-06-24,36,224.02,224.02,Clean-Paid,,False
4747,5797,4,693,12,2,In-Network,2025-26,2026-05-18,2026-05-21,2026-06-20,30,182.17,0.0,Denied,Timely Filing Expired,False
4748,5912,8,738,4,1,Out-of-Network,2025-26,2026-05-18,2026-05-22,2026-07-03,42,191.54,191.54,Clean-Paid,,False
4749,4047,23,9,18,5,In-Network,2025-26,2026-05-18,2026-05-19,2026-06-14,26,192.82,192.82,Clean-Paid,,False
4750,5098,30,408,14,5,In-Network,2025-26,2026-05-18,2026-05-19,2026-06-25,37,409.12,409.12,Clean-Paid,,True
4751,5603,14,609,6,4,In-Network,2025-26,2026-05-19,2026-05-20,2026-06-22,33,64.1,0.0,Denied,Missing X-Ray,False
4752,4183,3,60,9,1,Out-of-Network,2025-26,2026-05-19,2026-05-19,2026-06-23,35,178.82,0.0,Denied,Frequency Limit Exceeded,False
4753,4691,5,245,18,4,In-Network,2025-26,2026-05-20,2026-05-25,2026-07-13,49,137.51,137.51,Clean-Paid,,False
4754,5968,35,764,11,7,In-Network,2025-26,2026-05-20,2026-05-23,2026-06-26,34,138.45,0.0,Denied,Frequency Limit Exceeded,False
4755,5879,28,724,7,3,In-Network,2025-26,2026-05-20,2026-05-23,2026-06-27,35,107.25,107.25,Clean-Paid,,False
4756,4583,14,205,5,4,In-Network,2025-26,2026-05-20,2026-05-20,2026-06-28,39,224.02,224.02,Clean-Paid,,False
4757,5905,8,735,7,1,In-Network,2025-26,2026-05-20,2026-05-24,2026-07-06,43,15.07,15.07,Clean-Paid,,False
4758,4829,33,295,19,8,In-Network,2025-26,2026-05-20,2026-05-24,2026-06-22,29,138.45,138.45,Clean-Paid,,False
4759,5933,16,748,7,7,In-Network,2025-26,2026-05-20,2026-05-23,2026-06-29,37,107.25,107.25,Clean-Paid,,False
4760,4503,24,179,7,8,In-Network,2025-26,2026-05-21,2026-05-21,2026-06-27,37,193.13,193.13,Clean-Paid,,False
4761,4060,35,13,10,7,In-Network,2025-26,2026-05-22,2026-05-24,2026-06-24,31,148.0,148.0,Clean-Paid,,False
4762,4464,34,164,4,2,In-Network,2025-26,2026-05-22,2026-05-25,2026-07-06,42,122.16,122.16,Clean-Paid,,False
4763,4262,26,88,13,4,In-Network,2025-26,2026-05-22,2026-05-24,2026-07-10,47,137.51,137.51,Clean-Paid,,False
4764,4946,6,344,19,8,In-Network,2025-26,2026-05-22,2026-05-23,2026-07-01,39,223.08,223.08,Clean-Paid,,False
4765,5895,14,730,13,4,In-Network,2025-26,2026-05-22,2026-05-22,2026-06-25,34,138.45,138.45,Clean-Paid,,False
4766,4996,13,367,13,4,In-Network,2025-26,2026-05-25,2026-05-25,2026-07-03,39,267.74,267.74,Clean-Paid,,False
4767,5827,24,704,1,8,In-Network,2025-26,2026-05-25,2026-05-25,2026-07-02,38,224.02,224.02,Clean-Paid,,False
4768,5474,25,558,8,9,In-Network,2025-26,2026-05-25,2026-05-28,2026-07-11,44,138.45,138.45,Clean-Paid,,False
4769,5385,27,522,2,9,In-Network,2025-26,2026-05-25,2026-05-26,2026-07-17,52,0.0,0.0,Clean-Paid,,False
4770,4086,21,23,15,2,In-Network,2025-26,2026-05-25,2026-05-25,2026-07-03,39,182.17,0.0,Denied,Coding Error,False
4771,5861,3,717,18,1,In-Network,2025-26,2026-05-25,2026-05-25,2026-06-28,34,208.0,0.0,Denied,Max Benefit Exceeded,False
4772,5446,35,548,18,7,In-Network,2025-26,2026-05-25,2026-05-28,2026-07-05,38,224.02,224.02,Clean-Paid,,False
4773,5122,27,416,12,9,In-Network,2025-26,2026-05-25,2026-05-29,2026-07-12,44,63.74,0.0,Denied,Coverage Terminated,False
4774,4380,35,133,12,7,In-Network,2025-26,2026-05-25,2026-05-28,2026-06-25,28,107.25,107.25,Clean-Paid,,False
4775,5398,32,526,19,1,Out-of-Network,2025-26,2026-05-25,2026-05-28,2026-07-03,36,271.54,271.54,Clean-Paid,,False
4776,5501,17,568,1,5,In-Network,2025-26,2026-05-25,2026-05-30,2026-06-22,23,98.06,98.06,Clean-Paid,,False
4777,5299,1,488,4,4,In-Network,2025-26,2026-05-25,2026-05-26,2026-07-08,43,224.02,224.02,Clean-Paid,,False
4778,5510,22,571,8,6,In-Network,2025-26,2026-05-25,2026-05-26,2026-06-28,33,138.45,138.45,Clean-Paid,,False
4779,4075,21,19,14,2,In-Network,2025-26,2026-05-25,2026-05-26,2026-06-21,26,138.45,138.45,Clean-Paid,,False
4780,4787,3,281,11,1,Out-of-Network,2025-26,2026-05-25,2026-05-25,2026-07-09,45,325.85,325.85,Clean-Paid,,False
4781,4733,21,260,1,2,In-Network,2025-26,2026-05-25,2026-05-25,2026-06-29,35,107.25,107.25,Clean-Paid,,False
4782,4967,9,354,7,6,In-Network,2025-26,2026-05-25,2026-05-29,2026-07-07,39,172.57,172.57,Clean-Paid,,False
4783,4995,13,366,20,4,In-Network,2025-26,2026-05-25,2026-05-26,2026-07-13,48,137.51,137.51,Clean-Paid,,False
4784,4151,30,47,15,5,In-Network,2025-26,2026-05-25,2026-05-26,2026-06-26,31,224.02,224.02,Clean-Paid,,False
4785,5027,22,381,15,6,In-Network,2025-26,2026-05-26,2026-05-26,2026-06-27,32,224.02,224.02,Clean-Paid,,False
4786,5697,5,649,2,4,Out-of-Network,2025-26,2026-05-26,2026-05-31,2026-07-15,45,190.92,190.92,Clean-Paid,,False
4787,5266,29,474,9,5,Out-of-Network,2025-26,2026-05-26,2026-05-30,2026-06-28,29,228.93,228.93,Clean-Paid,,False
4788,4281,13,94,15,4,In-Network,2025-26,2026-05-26,2026-05-29,2026-07-02,34,138.15,138.15,Clean-Paid,,False
4789,5305,16,491,4,7,In-Network,2025-26,2026-05-26,2026-05-26,2026-07-04,39,224.02,224.02,Clean-Paid,,False
4790,4675,8,239,4,1,Out-of-Network,2025-26,2026-05-27,2026-05-30,2026-07-08,39,108.93,108.93,Clean-Paid,,False
4791,5184,18,440,3,1,In-Network,2025-26,2026-05-27,2026-05-29,2026-07-03,35,237.48,237.48,Clean-Paid,,False
4792,5280,12,479,6,9,In-Network,2025-26,2026-05-27,2026-05-31,2026-07-12,42,138.45,138.45,Clean-Paid,,False
4793,4879,7,315,9,7,In-Network,2025-26,2026-05-27,2026-05-27,2026-06-30,34,130.82,130.82,Clean-Paid,,False
4794,5843,16,711,14,7,In-Network,2025-26,2026-05-27,2026-05-28,2026-07-02,35,224.02,224.02,Clean-Paid,,False
4795,5705,2,652,2,9,In-Network,2025-26,2026-05-27,2026-06-01,2026-07-17,46,243.54,243.54,Clean-Paid,,False
4796,4389,1,137,20,4,In-Network,2025-26,2026-05-27,2026-05-29,2026-07-07,39,243.54,243.54,Clean-Paid,,False
4797,5319,21,495,10,2,In-Network,2025-26,2026-05-28,2026-05-29,2026-07-11,43,135.07,135.07,Clean-Paid,,False
4798,4568,3,200,11,1,Out-of-Network,2025-26,2026-05-28,2026-05-30,2026-07-08,39,846.28,846.28,Clean-Paid,,True
4799,5294,1,486,3,4,Out-of-Network,2025-26,2026-05-28,2026-05-29,2026-07-15,47,258.13,258.13,Clean-Paid,,False
4800,4552,21,195,11,2,In-Network,2025-26,2026-05-28,2026-05-28,2026-07-08,41,107.25,107.25,Clean-Paid,,False
4801,5778,27,685,16,9,In-Network,2025-26,2026-05-28,2026-05-29,2026-07-23,55,224.02,224.02,Clean-Paid,,False
4802,5471,25,557,9,9,In-Network,2025-26,2026-05-28,2026-05-30,2026-07-23,54,138.45,138.45,Clean-Paid,,False
4803,5557,15,589,3,1,In-Network,2025-26,2026-05-28,2026-05-28,2026-07-05,38,224.02,224.02,Clean-Paid,,False
4804,5135,10,420,4,9,In-Network,2025-26,2026-05-28,2026-05-29,2026-07-19,51,254.28,254.28,Clean-Paid,,False
4805,4331,4,115,15,2,In-Network,2025-26,2026-05-28,2026-06-02,2026-07-14,42,63.9,63.9,Clean-Paid,,False
4806,5681,9,643,13,6,In-Network,2025-26,2026-05-29,2026-05-30,2026-06-28,29,15.07,15.07,Clean-Paid,,False
4807,5751,2,672,16,9,In-Network,2025-26,2026-05-29,2026-05-30,2026-07-21,52,252.37,252.37,Clean-Paid,,False
4808,5311,16,493,11,7,In-Network,2025-26,2026-05-29,2026-06-03,2026-07-06,33,137.51,137.51,Clean-Paid,,False
4809,4950,29,346,3,5,In-Network,2025-26,2026-05-29,2026-06-01,2026-07-02,31,224.02,224.02,Clean-Paid,,False
4810,5715,6,657,7,8,In-Network,2025-26,2026-05-29,2026-06-02,2026-07-06,34,138.45,138.45,Clean-Paid,,False
4811,5987,23,772,13,5,In-Network,2025-26,2026-06-01,2026-06-02,2026-07-10,38,371.62,371.62,Clean-Paid,,True
4812,5560,15,590,20,1,Out-of-Network,2025-26,2026-06-01,2026-06-03,2026-07-12,39,113.22,113.22,Clean-Paid,,False
4813,4803,10,287,9,9,In-Network,2025-26,2026-06-01,2026-06-01,2026-07-11,40,138.45,138.45,Clean-Paid,,False
4814,5835,24,708,16,8,In-Network,2025-26,2026-06-01,2026-06-04,2026-07-08,34,237.48,237.48,Clean-Paid,,False
4815,5906,8,736,9,1,Out-of-Network,2025-26,2026-06-01,2026-06-04,2026-07-08,34,285.94,285.94,Clean-Paid,,False
4816,4124,21,36,10,2,In-Network,2025-26,2026-06-01,2026-06-04,2026-07-15,41,164.75,164.75,Clean-Paid,,False
4817,5727,6,662,17,8,In-Network,2025-26,2026-06-01,2026-06-02,2026-07-15,43,48.47,48.47,Clean-Paid,,False
4818,5897,14,731,1,4,In-Network,2025-26,2026-06-01,2026-06-02,2026-07-05,33,138.45,138.45,Clean-Paid,,False
4819,4173,30,55,19,5,In-Network,2025-26,2026-06-01,2026-06-01,2026-07-08,37,48.47,48.47,Clean-Paid,,False
4820,4077,21,20,5,2,In-Network,2025-26,2026-06-01,2026-06-03,2026-07-15,42,138.45,138.45,Clean-Paid,,False
4821,5465,6,555,19,8,In-Network,2025-26,2026-06-01,2026-06-05,2026-07-15,40,224.02,224.02,Clean-Paid,,False
4822,5877,28,723,4,3,In-Network,2025-26,2026-06-01,2026-06-03,2026-07-02,29,95.07,95.07,Clean-Paid,,False
4823,5661,35,635,13,7,In-Network,2025-26,2026-06-01,2026-06-01,2026-07-10,39,138.45,138.45,Clean-Paid,,False
4824,4515,24,183,15,8,In-Network,2025-26,2026-06-01,2026-06-02,2026-07-10,38,137.51,137.51,Clean-Paid,,False
4825,5203,22,451,9,6,Out-of-Network,2025-26,2026-06-01,2026-06-06,2026-07-06,30,285.94,285.94,Clean-Paid,,False
4826,5361,31,512,20,2,In-Network,2025-26,2026-06-01,2026-06-05,2026-07-02,27,138.45,138.45,Clean-Paid,,False
4827,5079,28,401,3,3,In-Network,2025-26,2026-06-01,2026-06-01,2026-06-21,20,501.18,501.18,Clean-Paid,,True
4828,5000,13,369,6,4,In-Network,2025-26,2026-06-02,2026-06-05,2026-07-17,42,138.45,138.45,Clean-Paid,,False
4829,4845,27,301,16,9,In-Network,2025-26,2026-06-02,2026-06-05,2026-07-27,52,15.07,15.07,Clean-Paid,,False
4830,4807,10,288,18,9,In-Network,2025-26,2026-06-02,2026-06-03,2026-07-21,48,98.06,0.0,Denied,Prior Auth Required,False
4831,5848,16,712,17,7,In-Network,2025-26,2026-06-03,2026-06-06,2026-07-17,41,299.14,299.14,Clean-Paid,,True
4832,5118,27,414,9,9,In-Network,2025-26,2026-06-03,2026-06-06,2026-07-26,50,224.02,224.02,Clean-Paid,,False
4833,5271,28,476,15,3,In-Network,2025-26,2026-06-03,2026-06-03,2026-07-07,34,138.45,138.45,Clean-Paid,,False
4834,4750,23,267,3,5,In-Network,2025-26,2026-06-03,2026-06-07,2026-07-09,32,182.17,182.17,Clean-Paid,,False
4835,5940,31,753,5,2,In-Network,2025-26,2026-06-04,2026-06-07,2026-07-08,31,138.45,0.0,Denied,Frequency Limit Exceeded,False
4836,4036,16,5,6,7,In-Network,2025-26,2026-06-04,2026-06-07,2026-07-07,30,224.02,224.02,Clean-Paid,,False
4837,4849,27,303,8,9,In-Network,2025-26,2026-06-04,2026-06-07,2026-07-29,52,64.1,64.1,Clean-Paid,,False
4838,5488,2,563,10,9,In-Network,2025-26,2026-06-04,2026-06-06,2026-07-19,43,233.13,233.13,Clean-Paid,,False
4839,4755,29,269,17,5,In-Network,2025-26,2026-06-04,2026-06-09,2026-07-02,23,424.12,424.12,Clean-Paid,,True
4840,5213,12,456,16,9,In-Network,2025-26,2026-06-04,2026-06-09,2026-07-27,48,107.25,0.0,Denied,Coverage Terminated,False
4841,4931,28,339,20,3,In-Network,2025-26,2026-06-05,2026-06-05,2026-07-07,32,224.02,224.02,Clean-Paid,,False
4842,4585,14,206,9,4,Out-of-Network,2025-26,2026-06-05,2026-06-08,2026-07-16,38,212.51,212.51,Clean-Paid,,False
4843,5356,14,510,16,4,In-Network,2025-26,2026-06-05,2026-06-08,2026-07-15,37,0.0,0.0,Clean-Paid,,False
4844,4622,20,219,20,4,In-Network,2025-26,2026-06-05,2026-06-09,2026-07-14,35,72.21,72.21,Clean-Paid,,False
4845,4357,3,124,14,1,Out-of-Network,2025-26,2026-06-05,2026-06-08,2026-07-13,35,113.22,113.22,Clean-Paid,,False
4846,6004,22,778,11,6,Out-of-Network,2025-26,2026-06-05,2026-06-08,2026-07-08,30,285.94,285.94,Clean-Paid,,False
4847,5415,31,534,3,2,In-Network,2025-26,2026-06-08,2026-06-10,2026-07-07,27,69.68,69.68,Clean-Paid,,False
4848,4280,13,94,15,4,In-Network,2025-26,2026-06-08,2026-06-12,2026-07-29,47,204.75,204.75,Clean-Paid,,False
4849,5049,11,390,13,5,In-Network,2025-26,2026-06-08,2026-06-10,2026-07-15,35,107.25,107.25,Clean-Paid,,False
4850,4495,32,176,4,1,Out-of-Network,2025-26,2026-06-08,2026-06-13,2026-07-30,47,160.91,160.91,Clean-Paid,,False
4851,5302,16,489,13,7,In-Network,2025-26,2026-06-08,2026-06-09,2026-07-22,43,138.45,138.45,Clean-Paid,,False
4852,4735,16,261,5,7,In-Network,2025-26,2026-06-08,2026-06-09,2026-07-06,27,224.02,224.02,Clean-Paid,,False
4853,5847,16,712,17,7,In-Network,2025-26,2026-06-08,2026-06-13,2026-07-13,30,71.88,71.88,Clean-Paid,,False
4854,4821,9,292,2,6,Out-of-Network,2025-26,2026-06-08,2026-06-13,2026-07-22,39,282.66,282.66,Clean-Paid,,False
4855,4980,29,360,6,5,In-Network,2025-26,2026-06-08,2026-06-09,2026-07-02,23,224.02,224.02,Clean-Paid,,False
4856,5523,16,576,2,7,In-Network,2025-26,2026-06-08,2026-06-10,2026-07-11,31,224.02,224.02,Clean-Paid,,False
4857,4095,21,26,19,2,In-Network,2025-26,2026-06-08,2026-06-11,2026-07-22,41,58.06,0.0,Denied,Coverage Terminated,False
4858,5760,2,675,7,9,In-Network,2025-26,2026-06-08,2026-06-13,2026-08-05,53,166.53,166.53,Clean-Paid,,False
4859,5893,7,729,5,7,In-Network,2025-26,2026-06-08,2026-06-09,2026-07-20,41,132.57,132.57,Clean-Paid,,False
4860,5377,24,518,18,8,In-Network,2025-26,2026-06-09,2026-06-09,2026-07-16,37,192.82,192.82,Clean-Paid,,False
4861,4609,20,215,11,4,In-Network,2025-26,2026-06-09,2026-06-12,2026-07-18,36,138.45,138.45,Clean-Paid,,False
4862,5131,10,419,5,9,In-Network,2025-26,2026-06-09,2026-06-11,2026-07-27,46,138.45,138.45,Clean-Paid,,False
4863,5485,2,562,19,9,In-Network,2025-26,2026-06-09,2026-06-10,2026-07-26,46,151.91,151.91,Clean-Paid,,False
4864,5268,29,475,6,5,In-Network,2025-26,2026-06-10,2026-06-13,2026-07-17,34,107.25,107.25,Clean-Paid,,False
4865,5615,30,614,8,5,In-Network,2025-26,2026-06-10,2026-06-15,2026-07-20,35,224.02,224.02,Clean-Paid,,False
4866,5197,35,445,6,7,In-Network,2025-26,2026-06-10,2026-06-15,2026-07-25,40,46.44,0.0,Denied,Timely Filing Expired,False
4867,5518,22,574,10,6,In-Network,2025-26,2026-06-10,2026-06-11,2026-07-17,36,224.02,0.0,Denied,Prior Auth Required,False
4868,4445,22,156,20,6,Out-of-Network,2025-26,2026-06-10,2026-06-14,2026-07-08,24,285.94,0.0,Denied,Missing X-Ray,False
4869,5629,35,619,18,7,In-Network,2025-26,2026-06-10,2026-06-14,2026-07-27,43,137.51,137.51,Clean-Paid,,False
4870,5860,3,717,18,1,In-Network,2025-26,2026-06-10,2026-06-15,2026-07-28,43,138.45,138.45,Clean-Paid,,False
4871,4895,16,322,17,7,In-Network,2025-26,2026-06-11,2026-06-14,2026-07-10,26,138.45,0.0,Denied,Missing X-Ray,False
4872,4508,24,181,11,8,In-Network,2025-26,2026-06-12,2026-06-16,2026-07-17,31,349.14,0.0,Denied,Prior Auth Required,True
4873,5169,31,434,18,2,In-Network,2025-26,2026-06-12,2026-06-12,2026-07-21,39,168.71,168.71,Clean-Paid,,False
4874,4773,3,275,7,1,In-Network,2025-26,2026-06-12,2026-06-13,2026-07-31,48,138.45,138.45,Clean-Paid,,False
4875,4932,28,339,20,3,In-Network,2025-26,2026-06-12,2026-06-17,2026-07-19,32,98.06,98.06,Clean-Paid,,False
4876,5526,16,577,13,7,In-Network,2025-26,2026-06-12,2026-06-14,2026-07-20,36,107.25,107.25,Clean-Paid,,False
4877,5590,11,602,12,5,In-Network,2025-26,2026-06-12,2026-06-17,2026-07-20,33,526.18,526.18,Clean-Paid,,True
4878,5177,18,436,15,1,In-Network,2025-26,2026-06-12,2026-06-14,2026-07-20,36,161.96,0.0,Denied,Prior Auth Required,False
4879,4444,22,155,13,6,In-Network,2025-26,2026-06-15,2026-06-20,2026-07-14,24,112.57,112.57,Clean-Paid,,False
4880,5141,21,423,16,2,In-Network,2025-26,2026-06-15,2026-06-19,2026-07-28,39,224.02,224.02,Clean-Paid,,False
4881,4926,31,336,6,2,In-Network,2025-26,2026-06-15,2026-06-15,2026-07-21,36,224.02,224.02,Clean-Paid,,False
4882,4806,10,288,18,9,In-Network,2025-26,2026-06-15,2026-06-18,2026-08-08,51,182.17,0.0,Denied,Prior Auth Required,False
4883,4120,21,35,9,2,In-Network,2025-26,2026-06-15,2026-06-20,2026-07-16,26,138.45,138.45,Clean-Paid,,False
4884,5111,30,412,1,5,In-Network,2025-26,2026-06-15,2026-06-15,2026-07-22,37,107.25,0.0,Denied,Missing X-Ray,False
4885,5023,19,379,18,9,In-Network,2025-26,2026-06-15,2026-06-17,2026-08-10,54,223.08,223.08,Clean-Paid,,False
4886,5622,35,616,20,7,In-Network,2025-26,2026-06-15,2026-06-19,2026-07-18,29,224.02,224.02,Clean-Paid,,False
4887,4704,29,249,5,5,In-Network,2025-26,2026-06-15,2026-06-16,2026-07-24,38,243.54,243.54,Clean-Paid,,False
4888,4274,13,92,6,4,In-Network,2025-26,2026-06-15,2026-06-20,2026-07-23,33,107.25,107.25,Clean-Paid,,False
4889,5196,35,445,6,7,In-Network,2025-26,2026-06-15,2026-06-17,2026-07-24,37,182.17,182.17,Clean-Paid,,False
4890,4460,22,160,9,6,Out-of-Network,2025-26,2026-06-15,2026-06-16,2026-07-25,39,140.91,140.91,Clean-Paid,,False
4891,4493,32,175,10,1,In-Network,2025-26,2026-06-16,2026-06-19,2026-07-31,42,103.9,103.9,Clean-Paid,,False
4892,4814,9,290,17,6,Out-of-Network,2025-26,2026-06-16,2026-06-18,2026-07-16,28,282.47,282.47,Clean-Paid,,False
4893,4693,29,246,7,5,In-Network,2025-26,2026-06-16,2026-06-20,2026-07-16,26,138.45,138.45,Clean-Paid,,False
4894,4544,21,192,10,2,In-Network,2025-26,2026-06-18,2026-06-21,2026-07-20,29,203.54,203.54,Clean-Paid,,False
4895,5363,31,513,3,2,In-Network,2025-26,2026-06-18,2026-06-18,2026-07-21,33,224.02,224.02,Clean-Paid,,False
4896,5165,31,432,1,2,In-Network,2025-26,2026-06-18,2026-06-18,2026-07-27,39,93.78,93.78,Clean-Paid,,False
4897,5201,3,448,4,1,Out-of-Network,2025-26,2026-06-18,2026-06-23,2026-07-31,38,285.94,285.94,Clean-Paid,,False
4898,6021,19,785,10,9,In-Network,2025-26,2026-06-18,2026-06-20,2026-08-08,49,138.45,138.45,Clean-Paid,,False
4899,5083,28,403,2,3,In-Network,2025-26,2026-06-18,2026-06-20,2026-07-16,26,138.45,0.0,Denied,Coding Error,False
4900,4924,5,335,14,4,In-Network,2025-26,2026-06-19,2026-06-23,2026-08-01,39,108.47,108.47,Clean-Paid,,False
4901,5979,26,769,11,4,In-Network,2025-26,2026-06-19,2026-06-19,2026-08-01,43,138.45,138.45,Clean-Paid,,False
4902,5908,8,737,4,1,Out-of-Network,2025-26,2026-06-19,2026-06-19,2026-08-06,48,117.03,0.0,Denied,Max Benefit Exceeded,False
4903,4291,32,99,12,1,In-Network,2025-26,2026-06-19,2026-06-20,2026-07-28,38,729.71,729.71,Clean-Paid,,True
4904,4543,21,192,10,2,In-Network,2025-26,2026-06-19,2026-06-19,2026-07-31,42,137.51,137.51,Clean-Paid,,False
4905,4562,9,197,10,6,In-Network,2025-26,2026-06-19,2026-06-23,2026-07-22,29,246.44,246.44,Clean-Paid,,False
4906,5289,1,483,16,4,In-Network,2025-26,2026-06-19,2026-06-23,2026-08-01,39,164.75,164.75,Clean-Paid,,False
4907,4370,35,130,9,7,In-Network,2025-26,2026-06-19,2026-06-19,2026-07-15,26,138.45,138.45,Clean-Paid,,False
4908,4172,30,55,19,5,In-Network,2025-26,2026-06-19,2026-06-20,2026-07-20,30,138.45,0.0,Denied,Coding Error,False
4909,4545,21,192,10,2,In-Network,2025-26,2026-06-22,2026-06-27,2026-07-29,32,172.57,172.57,Clean-Paid,,False
4910,5635,32,621,5,1,In-Network,2025-26,2026-06-22,2026-06-25,2026-08-12,48,138.45,138.45,Clean-Paid,,False
4911,4740,16,263,10,7,In-Network,2025-26,2026-06-22,2026-06-24,2026-08-02,39,107.25,107.25,Clean-Paid,,False
4912,4651,9,229,11,6,Out-of-Network,2025-26,2026-06-22,2026-06-24,2026-07-31,37,109.11,109.11,Clean-Paid,,False
4913,4184,3,60,9,1,Out-of-Network,2025-26,2026-06-22,2026-06-22,2026-07-24,32,120.28,120.28,Clean-Paid,,False
4914,5425,4,539,4,2,In-Network,2025-26,2026-06-22,2026-06-22,2026-08-03,42,138.45,138.45,Clean-Paid,,False
4915,4276,13,92,6,4,In-Network,2025-26,2026-06-22,2026-06-24,2026-08-04,41,199.17,199.17,Clean-Paid,,False
4916,4313,1,109,5,4,In-Network,2025-26,2026-06-22,2026-06-26,2026-08-09,44,224.02,224.02,Clean-Paid,,False
4917,5314,16,494,18,7,In-Network,2025-26,2026-06-23,2026-06-26,2026-08-04,39,107.25,107.25,Clean-Paid,,False
4918,5763,25,677,19,9,In-Network,2025-26,2026-06-24,2026-06-29,2026-08-09,41,112.57,112.57,Clean-Paid,,False
4919,4602,21,212,18,2,In-Network,2025-26,2026-06-24,2026-06-24,2026-07-22,28,164.75,164.75,Clean-Paid,,False
4920,5524,16,576,2,7,In-Network,2025-26,2026-06-24,2026-06-29,2026-08-08,40,119.17,119.17,Clean-Paid,,False
4921,4577,6,203,18,8,In-Network,2025-26,2026-06-24,2026-06-28,2026-08-13,46,138.45,138.45,Clean-Paid,,False
4922,4360,22,125,16,6,Out-of-Network,2025-26,2026-06-24,2026-06-24,2026-07-19,25,223.34,0.0,Denied,Max Benefit Exceeded,False
4923,4121,21,35,9,2,In-Network,2025-26,2026-06-24,2026-06-27,2026-07-30,33,122.16,122.16,Clean-Paid,,False
4924,5089,18,405,19,1,Out-of-Network,2025-26,2026-06-25,2026-06-30,2026-08-05,36,285.94,0.0,Denied,Frequency Limit Exceeded,False
4925,5596,14,606,17,4,In-Network,2025-26,2026-06-25,2026-06-29,2026-08-15,47,0.0,0.0,Clean-Paid,,False
4926,4424,25,149,11,9,In-Network,2025-26,2026-06-26,2026-07-01,2026-08-16,46,137.51,137.51,Clean-Paid,,False
4927,4856,11,305,2,5,Out-of-Network,2025-26,2026-06-26,2026-06-27,2026-08-01,35,197.81,197.81,Clean-Paid,,False
4928,4659,19,232,12,9,In-Network,2025-26,2026-06-26,2026-07-01,2026-08-10,40,224.02,224.02,Clean-Paid,,False
4929,5726,6,662,17,8,In-Network,2025-26,2026-06-26,2026-06-28,2026-07-30,32,182.17,182.17,Clean-Paid,,False
4930,5736,10,666,2,9,In-Network,2025-26,2026-06-29,2026-06-29,2026-08-10,42,73.78,73.78,Clean-Paid,,False
4931,4239,6,81,18,8,In-Network,2025-26,2026-06-29,2026-07-04,2026-08-17,44,138.45,138.45,Clean-Paid,,False
4932,4625,21,220,7,2,In-Network,2025-26,2026-06-29,2026-07-03,2026-07-29,26,138.45,138.45,Clean-Paid,,False
4933,4556,9,196,7,6,In-Network,2025-26,2026-06-29,2026-07-04,2026-08-12,39,138.45,138.45,Clean-Paid,,False
4934,5172,18,435,12,1,In-Network,2025-26,2026-06-29,2026-06-29,2026-08-13,45,138.45,138.45,Clean-Paid,,False
4935,4466,32,165,1,1,In-Network,2025-26,2026-06-29,2026-07-03,2026-08-07,35,138.45,138.45,Clean-Paid,,False
4936,5976,9,768,16,6,Out-of-Network,2025-26,2026-06-29,2026-07-04,2026-07-28,24,141.42,0.0,Denied,Coverage Terminated,False
4937,5920,6,742,10,8,In-Network,2025-26,2026-06-29,2026-07-04,2026-08-02,29,138.45,138.45,Clean-Paid,,False
4938,4166,15,53,9,1,Out-of-Network,2025-26,2026-06-29,2026-06-29,2026-08-13,45,151.01,151.01,Clean-Paid,,False
4939,5823,33,703,10,8,In-Network,2025-26,2026-06-29,2026-06-29,2026-08-10,42,137.51,137.51,Clean-Paid,,False
4940,4454,22,159,16,6,Out-of-Network,2025-26,2026-06-29,2026-06-29,2026-07-27,28,151.01,151.01,Clean-Paid,,False
4941,5248,31,468,18,2,In-Network,2025-26,2026-06-29,2026-06-29,2026-08-01,33,243.54,0.0,Denied,Coverage Terminated,False
4942,4314,1,109,5,4,In-Network,2025-26,2026-06-30,2026-07-05,2026-08-13,39,193.13,0.0,Denied,Coding Error,False
4943,5321,21,496,7,2,In-Network,2025-26,2026-06-30,2026-07-01,2026-08-10,40,206.53,206.53,Clean-Paid,,False
4944,5022,19,378,3,9,In-Network,2025-26,2026-06-30,2026-07-05,2026-08-20,46,162.16,0.0,Denied,Frequency Limit Exceeded,False
4945,4068,8,16,4,1,Out-of-Network,2025-26,2026-06-30,2026-06-30,2026-08-08,39,254.46,254.46,Clean-Paid,,False
4946,4518,8,184,5,1,In-Network,2025-26,2026-06-30,2026-07-01,2026-08-15,45,138.45,138.45,Clean-Paid,,False
4947,4321,5,112,18,4,In-Network,2025-26,2026-06-30,2026-07-04,2026-08-06,33,69.68,69.68,Clean-Paid,,False
4948,5366,24,514,9,8,In-Network,2025-26,2026-06-30,2026-07-04,2026-08-02,29,493.06,0.0,Denied,Prior Auth Required,True
4949,5404,1,529,3,4,Out-of-Network,2025-26,2026-06-30,2026-06-30,2026-08-13,44,178.82,0.0,Denied,Frequency Limit Exceeded,False
4950,5549,35,586,6,7,In-Network,2025-26,2026-07-01,2026-07-06,2026-08-08,33,182.17,182.17,Clean-Paid,,False
4951,4902,34,325,19,2,In-Network,2025-26,2026-07-01,2026-07-05,2026-07-31,26,162.16,162.16,Clean-Paid,,False
4952,4196,2,66,10,9,In-Network,2025-26,2026-07-01,2026-07-05,2026-08-21,47,138.45,138.45,Clean-Paid,,False
4953,4317,5,111,2,4,Out-of-Network,2025-26,2026-07-01,2026-07-03,2026-08-17,45,178.82,178.82,Clean-Paid,,False
4954,4753,23,268,12,5,In-Network,2025-26,2026-07-01,2026-07-02,2026-08-01,30,138.45,138.45,Clean-Paid,,False
4955,4031,24,2,13,8,In-Network,2025-26,2026-07-02,2026-07-04,2026-08-08,35,68.47,68.47,Clean-Paid,,False
4956,4744,23,265,18,5,In-Network,2025-26,2026-07-02,2026-07-07,2026-08-13,37,224.02,224.02,Clean-Paid,,False
4957,4638,21,225,15,2,In-Network,2025-26,2026-07-03,2026-07-06,2026-08-12,37,138.45,138.45,Clean-Paid,,False
4958,4406,22,143,6,6,In-Network,2025-26,2026-07-06,2026-07-08,2026-08-14,37,138.45,138.45,Clean-Paid,,False
4959,5189,27,442,9,9,In-Network,2025-26,2026-07-06,2026-07-11,2026-09-02,53,182.17,182.17,Clean-Paid,,False
4960,5303,16,490,2,7,In-Network,2025-26,2026-07-06,2026-07-06,2026-08-02,27,224.02,224.02,Clean-Paid,,False
4961,4475,32,168,17,1,Out-of-Network,2025-26,2026-07-06,2026-07-07,2026-08-08,32,668.02,668.02,Clean-Paid,,True
4962,5513,22,572,13,6,In-Network,2025-26,2026-07-06,2026-07-10,2026-08-09,30,138.45,138.45,Clean-Paid,,False
4963,6019,25,784,18,9,In-Network,2025-26,2026-07-06,2026-07-06,2026-08-30,55,48.47,48.47,Clean-Paid,,False
4964,5365,24,514,9,8,In-Network,2025-26,2026-07-06,2026-07-11,2026-08-23,43,224.02,224.02,Clean-Paid,,False
4965,4320,5,112,18,4,In-Network,2025-26,2026-07-06,2026-07-10,2026-08-14,35,138.45,138.45,Clean-Paid,,False
4966,5768,25,679,6,9,In-Network,2025-26,2026-07-06,2026-07-11,2026-08-25,45,192.82,192.82,Clean-Paid,,False
4967,4473,32,168,17,1,Out-of-Network,2025-26,2026-07-06,2026-07-06,2026-08-24,49,190.92,190.92,Clean-Paid,,False
4968,4505,24,180,7,8,In-Network,2025-26,2026-07-06,2026-07-11,2026-08-26,46,138.45,0.0,Denied,Missing X-Ray,False
4969,4649,21,228,19,2,In-Network,2025-26,2026-07-06,2026-07-11,2026-08-11,31,68.47,68.47,Clean-Paid,,False
4970,4747,23,266,19,5,In-Network,2025-26,2026-07-06,2026-07-11,2026-08-10,30,138.45,138.45,Clean-Paid,,False
4971,4838,27,298,20,9,In-Network,2025-26,2026-07-07,2026-07-08,2026-08-28,51,71.88,71.88,Clean-Paid,,False
4972,5943,31,754,12,2,In-Network,2025-26,2026-07-07,2026-07-08,2026-08-20,43,182.17,182.17,Clean-Paid,,False
4973,5690,5,646,2,4,Out-of-Network,2025-26,2026-07-07,2026-07-10,2026-08-24,45,311.36,311.36,Clean-Paid,,False
4974,4187,3,62,12,1,In-Network,2025-26,2026-07-07,2026-07-08,2026-08-09,32,138.45,138.45,Clean-Paid,,False
4975,4947,6,344,19,8,In-Network,2025-26,2026-07-08,2026-07-08,2026-08-14,37,143.9,0.0,Denied,Missing X-Ray,False
4976,5866,3,719,10,1,In-Network,2025-26,2026-07-08,2026-07-11,2026-08-22,42,237.48,237.48,Clean-Paid,,False
4977,4130,21,38,10,2,In-Network,2025-26,2026-07-08,2026-07-13,2026-08-17,35,135.07,135.07,Clean-Paid,,False
4978,4034,10,3,9,9,In-Network,2025-26,2026-07-08,2026-07-08,2026-08-15,38,138.45,138.45,Clean-Paid,,False
4979,4041,23,7,19,5,In-Network,2025-26,2026-07-08,2026-07-08,2026-08-12,35,138.45,0.0,Denied,Missing X-Ray,False
4980,5576,31,598,2,2,In-Network,2025-26,2026-07-08,2026-07-09,2026-08-15,37,137.51,137.51,Clean-Paid,,False
4981,5104,30,410,6,5,In-Network,2025-26,2026-07-08,2026-07-12,2026-08-15,34,138.45,138.45,Clean-Paid,,False
4982,5290,1,483,16,4,In-Network,2025-26,2026-07-09,2026-07-13,2026-08-19,37,98.06,98.06,Clean-Paid,,False
4983,4596,21,210,4,2,In-Network,2025-26,2026-07-09,2026-07-10,2026-08-22,43,224.02,224.02,Clean-Paid,,False
4984,5625,35,617,14,7,In-Network,2025-26,2026-07-09,2026-07-10,2026-08-17,38,138.45,138.45,Clean-Paid,,False
4985,5066,30,397,7,5,In-Network,2025-26,2026-07-09,2026-07-13,2026-08-07,25,192.82,192.82,Clean-Paid,,False
4986,5941,31,753,5,2,In-Network,2025-26,2026-07-10,2026-07-11,2026-08-14,34,95.07,95.07,Clean-Paid,,False
4987,5331,12,500,16,9,In-Network,2025-26,2026-07-10,2026-07-11,2026-08-28,48,192.82,192.82,Clean-Paid,,False
4988,5229,20,462,10,4,In-Network,2025-26,2026-07-10,2026-07-15,2026-08-27,43,138.45,138.45,Clean-Paid,,False
4989,4712,32,253,15,1,In-Network,2025-26,2026-07-13,2026-07-17,2026-08-28,42,224.02,224.02,Clean-Paid,,False
4990,4526,1,187,6,4,In-Network,2025-26,2026-07-13,2026-07-17,2026-08-26,40,138.45,138.45,Clean-Paid,,False
4991,5791,4,691,10,2,In-Network,2025-26,2026-07-13,2026-07-13,2026-08-10,28,138.45,138.45,Clean-Paid,,False
4992,4670,8,237,20,1,Out-of-Network,2025-26,2026-07-13,2026-07-15,2026-08-20,36,212.51,212.51,Clean-Paid,,False
4993,5645,32,625,4,1,Out-of-Network,2025-26,2026-07-13,2026-07-16,2026-08-30,45,101.42,0.0,Denied,Frequency Limit Exceeded,False
4994,6011,25,781,20,9,In-Network,2025-26,2026-07-13,2026-07-18,2026-09-01,45,102.16,102.16,Clean-Paid,,False
4995,4216,34,73,10,2,In-Network,2025-26,2026-07-13,2026-07-14,2026-08-26,43,138.45,0.0,Denied,Prior Auth Required,False
4996,5179,18,438,6,1,In-Network,2025-26,2026-07-13,2026-07-16,2026-08-28,43,192.82,192.82,Clean-Paid,,False
4997,5187,27,441,11,9,In-Network,2025-26,2026-07-13,2026-07-17,2026-09-09,54,224.02,224.02,Clean-Paid,,False
4998,4252,26,85,15,4,In-Network,2025-26,2026-07-13,2026-07-15,2026-08-17,33,138.45,0.0,Denied,Frequency Limit Exceeded,False
4999,5766,25,678,3,9,In-Network,2025-26,2026-07-13,2026-07-18,2026-08-30,43,69.68,69.68,Clean-Paid,,False
5000,4414,22,145,6,6,In-Network,2025-26,2026-07-14,2026-07-14,2026-08-20,37,73.78,73.78,Clean-Paid,,False
5001,5662,35,635,13,7,In-Network,2025-26,2026-07-14,2026-07-17,2026-08-23,37,83.9,83.9,Clean-Paid,,False
5002,4536,1,190,13,4,In-Network,2025-26,2026-07-15,2026-07-15,2026-08-26,42,138.45,138.45,Clean-Paid,,False
5003,4589,14,207,10,4,In-Network,2025-26,2026-07-15,2026-07-18,2026-09-03,47,138.45,138.45,Clean-Paid,,False
5004,4426,25,149,11,9,In-Network,2025-26,2026-07-15,2026-07-17,2026-09-04,49,108.47,108.47,Clean-Paid,,False
5005,6018,25,784,18,9,In-Network,2025-26,2026-07-15,2026-07-19,2026-08-28,40,107.25,0.0,Denied,Prior Auth Required,False
5006,4678,5,240,10,4,In-Network,2025-26,2026-07-15,2026-07-16,2026-08-23,38,138.45,0.0,Denied,Missing X-Ray,False
5007,5937,31,752,15,2,In-Network,2025-26,2026-07-15,2026-07-20,2026-08-26,37,138.45,138.45,Clean-Paid,,False
5008,4110,13,31,6,4,In-Network,2025-26,2026-07-16,2026-07-18,2026-08-23,36,137.51,137.51,Clean-Paid,,False
5009,4782,3,279,20,1,Out-of-Network,2025-26,2026-07-16,2026-07-16,2026-09-02,48,178.82,178.82,Clean-Paid,,False
5010,5292,1,484,2,4,Out-of-Network,2025-26,2026-07-16,2026-07-18,2026-08-21,34,178.82,178.82,Clean-Paid,,False
5011,4302,15,103,19,1,Out-of-Network,2025-26,2026-07-16,2026-07-19,2026-08-31,43,285.94,285.94,Clean-Paid,,False
5012,4386,1,136,6,4,In-Network,2025-26,2026-07-16,2026-07-21,2026-09-03,44,138.45,138.45,Clean-Paid,,False
5013,5018,19,377,7,9,In-Network,2025-26,2026-07-16,2026-07-20,2026-08-29,40,138.45,138.45,Clean-Paid,,False
5014,5115,30,413,4,5,In-Network,2025-26,2026-07-16,2026-07-19,2026-08-17,29,409.12,409.12,Clean-Paid,,True
5015,4200,3,68,11,1,Out-of-Network,2025-26,2026-07-16,2026-07-21,2026-08-27,37,178.82,178.82,Clean-Paid,,False
5016,5995,23,775,1,5,In-Network,2025-26,2026-07-17,2026-07-22,2026-08-15,24,107.25,107.25,Clean-Paid,,False
5017,5723,6,661,3,8,In-Network,2025-26,2026-07-17,2026-07-18,2026-08-25,38,178.15,0.0,Denied,Missing X-Ray,False
5018,4347,6,120,17,8,In-Network,2025-26,2026-07-17,2026-07-18,2026-08-30,43,118.15,118.15,Clean-Paid,,False
5019,5516,22,573,19,6,Out-of-Network,2025-26,2026-07-20,2026-07-21,2026-08-17,27,200.91,0.0,Denied,Coding Error,False
5020,5820,33,702,10,8,In-Network,2025-26,2026-07-20,2026-07-21,2026-08-19,29,167.74,167.74,Clean-Paid,,False
5021,6035,32,793,14,1,Out-of-Network,2025-26,2026-07-20,2026-07-21,2026-08-22,32,285.94,0.0,Denied,Coding Error,False
5022,5753,2,673,20,9,In-Network,2025-26,2026-07-20,2026-07-22,2026-08-31,40,137.51,137.51,Clean-Paid,,False
5023,5127,10,418,13,9,In-Network,2025-26,2026-07-20,2026-07-20,2026-08-28,39,138.45,138.45,Clean-Paid,,False
5024,5651,33,629,5,8,In-Network,2025-26,2026-07-20,2026-07-25,2026-08-30,36,208.0,208.0,Clean-Paid,,False
5025,5333,12,501,3,9,In-Network,2025-26,2026-07-20,2026-07-24,2026-09-07,45,107.25,107.25,Clean-Paid,,False
5026,5324,21,497,14,2,In-Network,2025-26,2026-07-20,2026-07-21,2026-08-26,36,107.25,107.25,Clean-Paid,,False
5027,4738,16,262,18,7,In-Network,2025-26,2026-07-20,2026-07-22,2026-08-26,35,327.68,0.0,Denied,Prior Auth Required,True
5028,4098,20,27,4,4,In-Network,2025-26,2026-07-20,2026-07-23,2026-08-25,33,166.53,166.53,Clean-Paid,,False
5029,4052,35,10,8,7,In-Network,2025-26,2026-07-21,2026-07-22,2026-08-30,39,208.0,208.0,Clean-Paid,,False
5030,4062,8,14,2,1,Out-of-Network,2025-26,2026-07-21,2026-07-21,2026-08-22,32,714.06,0.0,Denied,Max Benefit Exceeded,True
5031,5466,6,555,19,8,In-Network,2025-26,2026-07-21,2026-07-25,2026-09-04,41,183.54,183.54,Clean-Paid,,False
5032,4627,21,221,3,2,In-Network,2025-26,2026-07-22,2026-07-24,2026-08-19,26,138.45,138.45,Clean-Paid,,False
5033,4685,5,243,7,4,In-Network,2025-26,2026-07-22,2026-07-22,2026-09-04,44,138.45,138.45,Clean-Paid,,False
5034,4123,21,36,10,2,In-Network,2025-26,2026-07-22,2026-07-25,2026-08-24,30,69.68,69.68,Clean-Paid,,False
5035,6028,31,789,7,2,In-Network,2025-26,2026-07-23,2026-07-25,2026-08-31,37,138.45,138.45,Clean-Paid,,False
5036,4256,26,86,19,4,In-Network,2025-26,2026-07-23,2026-07-27,2026-09-14,49,107.25,107.25,Clean-Paid,,False
5037,5729,9,663,18,6,In-Network,2025-26,2026-07-23,2026-07-24,2026-08-22,29,252.37,252.37,Clean-Paid,,False
5038,4039,16,6,15,7,In-Network,2025-26,2026-07-23,2026-07-24,2026-08-26,33,192.82,192.82,Clean-Paid,,False
5039,5828,24,704,1,8,In-Network,2025-26,2026-07-24,2026-07-28,2026-09-06,40,133.78,133.78,Clean-Paid,,False
5040,4400,32,141,14,1,Out-of-Network,2025-26,2026-07-27,2026-07-31,2026-09-13,44,130.12,130.12,Clean-Paid,,False
5041,5145,21,425,17,2,In-Network,2025-26,2026-07-27,2026-07-27,2026-08-30,34,138.45,138.45,Clean-Paid,,False
5042,4550,21,194,17,2,In-Network,2025-26,2026-07-27,2026-07-30,2026-09-10,42,107.25,107.25,Clean-Paid,,False
5043,4050,35,10,8,7,In-Network,2025-26,2026-07-27,2026-07-28,2026-08-29,32,138.45,138.45,Clean-Paid,,False
5044,4219,34,74,13,2,In-Network,2025-26,2026-07-27,2026-08-01,2026-09-11,41,151.91,151.91,Clean-Paid,,False
5045,4865,34,309,13,2,In-Network,2025-26,2026-07-27,2026-07-30,2026-09-01,33,168.71,168.71,Clean-Paid,,False
5046,4832,33,296,15,8,In-Network,2025-26,2026-07-27,2026-07-28,2026-09-05,39,107.74,107.74,Clean-Paid,,False
5047,4415,22,146,20,6,Out-of-Network,2025-26,2026-07-27,2026-08-01,2026-09-10,40,250.17,250.17,Clean-Paid,,False
5048,4248,26,84,11,4,In-Network,2025-26,2026-07-27,2026-07-28,2026-09-12,46,138.45,138.45,Clean-Paid,,False
5049,5276,28,477,20,3,In-Network,2025-26,2026-07-27,2026-07-29,2026-08-26,28,164.75,164.75,Clean-Paid,,False
5050,5138,10,422,5,9,In-Network,2025-26,2026-07-27,2026-07-30,2026-09-11,43,224.02,224.02,Clean-Paid,,False
5051,5002,5,370,7,4,In-Network,2025-26,2026-07-27,2026-08-01,2026-09-14,44,74.15,74.15,Clean-Paid,,False
5052,4137,16,41,14,7,In-Network,2025-26,2026-07-28,2026-07-28,2026-08-31,34,64.1,64.1,Clean-Paid,,False
5053,4431,29,152,11,5,In-Network,2025-26,2026-07-28,2026-07-31,2026-08-25,25,138.45,138.45,Clean-Paid,,False
5054,4801,10,286,4,9,In-Network,2025-26,2026-07-28,2026-07-30,2026-09-07,39,138.45,138.45,Clean-Paid,,False
5055,4765,29,272,2,5,Out-of-Network,2025-26,2026-07-28,2026-08-01,2026-08-26,25,200.91,200.91,Clean-Paid,,False
5056,5401,1,527,20,4,In-Network,2025-26,2026-07-29,2026-07-29,2026-09-03,36,103.9,103.9,Clean-Paid,,False
5057,4132,21,39,11,2,In-Network,2025-26,2026-07-29,2026-07-30,2026-08-30,31,168.71,168.71,Clean-Paid,,False
5058,5815,33,700,11,8,In-Network,2025-26,2026-07-29,2026-07-30,2026-09-06,38,107.74,107.74,Clean-Paid,,False
5059,5497,25,567,8,9,In-Network,2025-26,2026-07-29,2026-07-30,2026-09-22,54,108.47,108.47,Clean-Paid,,False
5060,4190,3,63,10,1,In-Network,2025-26,2026-07-30,2026-08-01,2026-09-06,36,107.25,107.25,Clean-Paid,,False
5061,4193,3,64,13,1,In-Network,2025-26,2026-07-30,2026-07-31,2026-09-12,43,122.16,122.16,Clean-Paid,,False
5062,4106,13,30,16,4,In-Network,2025-26,2026-07-30,2026-08-03,2026-09-12,40,224.02,0.0,Denied,Timely Filing Expired,False
5063,5340,35,503,2,7,In-Network,2025-26,2026-07-30,2026-07-31,2026-08-30,30,223.08,223.08,Clean-Paid,,False
5064,5904,8,735,7,1,In-Network,2025-26,2026-07-30,2026-07-31,2026-09-06,37,224.02,224.02,Clean-Paid,,False
5065,5037,22,385,18,6,In-Network,2025-26,2026-07-31,2026-07-31,2026-08-28,28,137.51,137.51,Clean-Paid,,False
5066,4372,35,130,9,7,In-Network,2025-26,2026-07-31,2026-08-05,2026-09-05,31,187.9,187.9,Clean-Paid,,False
5067,6014,25,783,18,9,In-Network,2025-26,2026-07-31,2026-08-04,2026-09-17,44,224.02,224.02,Clean-Paid,,False
5068,5320,21,496,7,2,In-Network,2025-26,2026-08-03,2026-08-07,2026-09-03,27,224.02,224.02,Clean-Paid,,False
5069,5737,10,666,2,9,In-Network,2025-26,2026-08-03,2026-08-04,2026-09-23,50,206.53,206.53,Clean-Paid,,False
5070,5251,29,470,13,5,In-Network,2025-26,2026-08-03,2026-08-06,2026-09-08,33,224.02,224.02,Clean-Paid,,False
5071,5997,23,775,1,5,In-Network,2025-26,2026-08-03,2026-08-06,2026-08-29,23,107.74,107.74,Clean-Paid,,False
5072,5039,11,387,8,5,In-Network,2025-26,2026-08-03,2026-08-05,2026-09-13,39,224.02,224.02,Clean-Paid,,False
5073,5749,2,672,16,9,In-Network,2025-26,2026-08-03,2026-08-08,2026-09-19,42,138.45,138.45,Clean-Paid,,False
5074,4064,8,15,19,1,Out-of-Network,2025-26,2026-08-04,2026-08-05,2026-09-09,35,178.82,178.82,Clean-Paid,,False
5075,5075,30,399,7,5,In-Network,2025-26,2026-08-04,2026-08-06,2026-09-15,40,71.88,71.88,Clean-Paid,,False
5076,5123,27,416,12,9,In-Network,2025-26,2026-08-04,2026-08-09,2026-10-03,55,233.13,233.13,Clean-Paid,,False
5077,4532,1,189,20,4,In-Network,2025-26,2026-08-04,2026-08-05,2026-09-20,46,138.45,138.45,Clean-Paid,,False
5078,5506,17,570,18,5,In-Network,2025-26,2026-08-04,2026-08-07,2026-09-09,33,182.17,182.17,Clean-Paid,,False
5079,5262,29,473,10,5,In-Network,2025-26,2026-08-05,2026-08-07,2026-09-08,32,162.16,162.16,Clean-Paid,,False
5080,5108,30,411,17,5,In-Network,2025-26,2026-08-05,2026-08-05,2026-09-05,31,143.9,143.9,Clean-Paid,,False
5081,5872,28,721,8,3,In-Network,2025-26,2026-08-05,2026-08-09,2026-09-08,30,138.45,138.45,Clean-Paid,,False
5082,5507,17,570,18,5,In-Network,2025-26,2026-08-05,2026-08-08,2026-09-11,34,38.06,38.06,Clean-Paid,,False
5083,5073,30,399,7,5,In-Network,2025-26,2026-08-06,2026-08-07,2026-09-06,30,137.51,0.0,Denied,Max Benefit Exceeded,False
5084,4191,3,63,10,1,In-Network,2025-26,2026-08-06,2026-08-06,2026-09-24,49,103.9,103.9,Clean-Paid,,False
5085,5570,31,595,18,2,In-Network,2025-26,2026-08-06,2026-08-08,2026-09-10,33,352.68,352.68,Clean-Paid,,True
5086,4579,6,203,18,8,In-Network,2025-26,2026-08-06,2026-08-08,2026-09-06,29,233.13,233.13,Clean-Paid,,False
5087,4439,29,154,8,5,In-Network,2025-26,2026-08-06,2026-08-07,2026-09-16,40,138.45,138.45,Clean-Paid,,False
5088,4211,3,71,20,1,Out-of-Network,2025-26,2026-08-06,2026-08-09,2026-09-10,32,178.82,178.82,Clean-Paid,,False
5089,4905,34,326,10,2,In-Network,2025-26,2026-08-06,2026-08-08,2026-09-15,38,137.51,137.51,Clean-Paid,,False
5090,6043,32,796,14,1,Out-of-Network,2025-26,2026-08-06,2026-08-11,2026-09-24,44,178.82,178.82,Clean-Paid,,False
5091,5101,30,409,17,5,In-Network,2025-26,2026-08-06,2026-08-10,2026-09-03,24,208.0,208.0,Clean-Paid,,False
5092,5373,24,516,1,8,In-Network,2025-26,2026-08-06,2026-08-06,2026-09-09,34,223.08,223.08,Clean-Paid,,False
5093,4593,9,208,2,6,Out-of-Network,2025-26,2026-08-06,2026-08-08,2026-09-06,29,178.82,0.0,Denied,Coverage Terminated,False
5094,4564,9,198,5,6,In-Network,2025-26,2026-08-07,2026-08-07,2026-09-05,29,138.25,138.25,Clean-Paid,,False
5095,5675,9,640,15,6,In-Network,2025-26,2026-08-07,2026-08-08,2026-09-02,25,138.45,138.45,Clean-Paid,,False
5096,5391,27,524,4,9,In-Network,2025-26,2026-08-07,2026-08-10,2026-10-04,55,182.17,182.17,Clean-Paid,,False
5097,4606,21,214,13,2,In-Network,2025-26,2026-08-07,2026-08-12,2026-09-19,38,137.51,137.51,Clean-Paid,,False
5098,4318,5,111,2,4,Out-of-Network,2025-26,2026-08-07,2026-08-11,2026-09-23,43,134.64,134.64,Clean-Paid,,False
5099,4115,12,32,20,9,In-Network,2025-26,2026-08-10,2026-08-10,2026-09-18,39,133.78,133.78,Clean-Paid,,False
5100,5281,12,479,6,9,In-Network,2025-26,2026-08-10,2026-08-15,2026-10-09,55,302.68,302.68,Clean-Paid,,True
5101,5249,31,469,18,2,In-Network,2025-26,2026-08-10,2026-08-10,2026-09-05,26,223.08,223.08,Clean-Paid,,False
5102,4202,3,68,11,1,Out-of-Network,2025-26,2026-08-10,2026-08-15,2026-09-21,37,283.34,0.0,Denied,Prior Auth Required,False
5103,5043,11,388,15,5,In-Network,2025-26,2026-08-10,2026-08-14,2026-09-11,28,138.45,138.45,Clean-Paid,,False
5104,4492,32,175,10,1,In-Network,2025-26,2026-08-10,2026-08-11,2026-09-15,35,98.06,98.06,Clean-Paid,,False
5105,5504,17,569,2,5,Out-of-Network,2025-26,2026-08-10,2026-08-10,2026-09-04,25,178.82,178.82,Clean-Paid,,False
5106,5703,2,652,2,9,In-Network,2025-26,2026-08-10,2026-08-12,2026-09-28,47,168.71,168.71,Clean-Paid,,False
5107,5057,4,393,9,2,In-Network,2025-26,2026-08-10,2026-08-12,2026-09-13,32,138.45,0.0,Denied,Missing X-Ray,False
5108,5481,2,561,6,9,In-Network,2025-26,2026-08-10,2026-08-14,2026-10-07,54,138.45,138.45,Clean-Paid,,False
5109,4597,21,210,4,2,In-Network,2025-26,2026-08-10,2026-08-14,2026-09-25,42,95.07,0.0,Denied,Coding Error,False
5110,5341,35,503,2,7,In-Network,2025-26,2026-08-10,2026-08-12,2026-09-13,32,433.08,433.08,Clean-Paid,,True
5111,5931,16,747,15,7,In-Network,2025-26,2026-08-10,2026-08-13,2026-09-19,37,138.45,138.45,Clean-Paid,,False
5112,6009,22,779,10,6,In-Network,2025-26,2026-08-11,2026-08-13,2026-09-14,32,162.16,162.16,Clean-Paid,,False
5113,5851,2,713,11,9,In-Network,2025-26,2026-08-11,2026-08-13,2026-09-25,43,178.15,178.15,Clean-Paid,,False
5114,5711,20,655,18,4,In-Network,2025-26,2026-08-11,2026-08-16,2026-10-02,47,324.14,0.0,Denied,Prior Auth Required,True
5115,5007,5,372,20,4,In-Network,2025-26,2026-08-11,2026-08-12,2026-09-30,49,168.71,168.71,Clean-Paid,,False
5116,4728,21,258,10,2,In-Network,2025-26,2026-08-11,2026-08-15,2026-09-22,38,182.17,0.0,Denied,Prior Auth Required,False
5117,4610,20,215,11,4,In-Network,2025-26,2026-08-11,2026-08-16,2026-10-01,46,213.58,213.58,Clean-Paid,,False
5118,4794,3,284,11,1,Out-of-Network,2025-26,2026-08-12,2026-08-13,2026-09-30,48,200.91,200.91,Clean-Paid,,False
5119,4644,21,226,5,2,In-Network,2025-26,2026-08-12,2026-08-15,2026-09-12,28,95.07,95.07,Clean-Paid,,False
5120,4582,6,204,1,8,In-Network,2025-26,2026-08-12,2026-08-14,2026-09-23,40,102.16,102.16,Clean-Paid,,False
5121,4998,13,368,20,4,In-Network,2025-26,2026-08-13,2026-08-15,2026-09-26,42,224.02,224.02,Clean-Paid,,False
5122,4458,22,160,9,6,Out-of-Network,2025-26,2026-08-13,2026-08-18,2026-09-26,39,190.92,0.0,Denied,Missing X-Ray,False
5123,5004,5,371,17,4,In-Network,2025-26,2026-08-13,2026-08-14,2026-09-30,47,729.71,729.71,Clean-Paid,,True
5124,4635,21,224,19,2,In-Network,2025-26,2026-08-13,2026-08-18,2026-09-21,34,254.28,254.28,Clean-Paid,,False
5125,5383,27,521,4,9,In-Network,2025-26,2026-08-13,2026-08-18,2026-10-09,52,237.48,237.48,Clean-Paid,,False
5126,4312,15,108,13,1,In-Network,2025-26,2026-08-17,2026-08-20,2026-09-29,40,64.1,64.1,Clean-Paid,,False
5127,5254,29,471,3,5,In-Network,2025-26,2026-08-17,2026-08-22,2026-09-24,33,224.02,224.02,Clean-Paid,,False
5128,5253,29,470,13,5,In-Network,2025-26,2026-08-17,2026-08-17,2026-09-14,28,204.75,0.0,Denied,Coverage Terminated,False
5129,5770,25,680,20,9,In-Network,2025-26,2026-08-17,2026-08-19,2026-10-12,54,107.25,107.25,Clean-Paid,,False
5130,4630,21,222,17,2,In-Network,2025-26,2026-08-17,2026-08-19,2026-09-21,33,224.02,0.0,Denied,Missing X-Ray,False
5131,5758,2,674,18,9,In-Network,2025-26,2026-08-17,2026-08-20,2026-09-30,41,103.9,103.9,Clean-Paid,,False
5132,4643,21,226,5,2,In-Network,2025-26,2026-08-17,2026-08-18,2026-09-23,36,204.75,204.75,Clean-Paid,,False
5133,4910,34,329,5,2,In-Network,2025-26,2026-08-17,2026-08-18,2026-09-25,38,224.02,224.02,Clean-Paid,,False
5134,5776,27,684,14,9,In-Network,2025-26,2026-08-17,2026-08-17,2026-10-02,46,243.54,243.54,Clean-Paid,,False
5135,5154,31,429,16,2,In-Network,2025-26,2026-08-17,2026-08-21,2026-09-27,37,138.45,138.45,Clean-Paid,,False
5136,5246,31,468,18,2,In-Network,2025-26,2026-08-17,2026-08-18,2026-09-29,42,224.02,0.0,Denied,Missing X-Ray,False
5137,4156,15,49,17,1,Out-of-Network,2025-26,2026-08-17,2026-08-22,2026-10-04,43,178.82,178.82,Clean-Paid,,False
5138,5587,11,601,3,5,In-Network,2025-26,2026-08-17,2026-08-21,2026-09-23,33,69.68,0.0,Denied,Prior Auth Required,False
5139,5137,10,421,18,9,In-Network,2025-26,2026-08-17,2026-08-22,2026-10-04,43,138.45,138.45,Clean-Paid,,False
5140,4839,27,299,5,9,In-Network,2025-26,2026-08-18,2026-08-18,2026-10-04,47,224.02,224.02,Clean-Paid,,False
5141,4962,9,351,14,6,Out-of-Network,2025-26,2026-08-19,2026-08-19,2026-09-11,23,50.12,50.12,Clean-Paid,,False
5142,4284,32,96,3,1,In-Network,2025-26,2026-08-19,2026-08-21,2026-10-04,44,127.74,0.0,Denied,Missing X-Ray,False
5143,4699,29,248,14,5,In-Network,2025-26,2026-08-19,2026-08-22,2026-09-24,33,107.25,107.25,Clean-Paid,,False
5144,4244,6,82,11,8,In-Network,2025-26,2026-08-19,2026-08-21,2026-09-29,39,433.08,0.0,Denied,Prior Auth Required,True
5145,5945,31,754,12,2,In-Network,2025-26,2026-08-19,2026-08-22,2026-10-04,43,98.06,98.06,Clean-Paid,,False
5146,5639,32,623,5,1,In-Network,2025-26,2026-08-19,2026-08-20,2026-10-01,42,223.08,223.08,Clean-Paid,,False
5147,5428,4,540,15,2,In-Network,2025-26,2026-08-19,2026-08-22,2026-09-22,31,224.02,0.0,Denied,Frequency Limit Exceeded,False
5148,5538,16,581,17,7,In-Network,2025-26,2026-08-19,2026-08-23,2026-09-20,28,135.07,135.07,Clean-Paid,,False
5149,5547,35,585,20,7,In-Network,2025-26,2026-08-20,2026-08-21,2026-09-17,27,526.18,526.18,Clean-Paid,,True
5150,5741,25,668,5,9,In-Network,2025-26,2026-08-20,2026-08-25,2026-10-06,42,224.02,224.02,Clean-Paid,,False
5151,4757,29,270,20,5,In-Network,2025-26,2026-08-20,2026-08-24,2026-10-01,38,138.45,138.45,Clean-Paid,,False
5152,5881,28,724,7,3,In-Network,2025-26,2026-08-20,2026-08-24,2026-09-20,27,178.15,178.15,Clean-Paid,,False
5153,5706,20,653,15,4,In-Network,2025-26,2026-08-20,2026-08-23,2026-09-25,33,224.02,224.02,Clean-Paid,,False
5154,5001,5,370,7,4,In-Network,2025-26,2026-08-21,2026-08-21,2026-09-23,33,224.02,224.02,Clean-Paid,,False
5155,5215,12,457,9,9,In-Network,2025-26,2026-08-21,2026-08-22,2026-10-13,52,86.54,86.54,Clean-Paid,,False
5156,4922,5,335,14,4,In-Network,2025-26,2026-08-21,2026-08-26,2026-10-09,44,224.02,224.02,Clean-Paid,,False
5157,5288,1,483,16,4,In-Network,2025-26,2026-08-21,2026-08-22,2026-10-03,42,224.02,224.02,Clean-Paid,,False
5158,5582,11,600,2,5,Out-of-Network,2025-26,2026-08-21,2026-08-22,2026-09-30,39,228.93,0.0,Denied,Coverage Terminated,False
5159,4037,16,5,6,7,In-Network,2025-26,2026-08-24,2026-08-29,2026-10-11,43,87.74,87.74,Clean-Paid,,False
5160,4058,35,13,10,7,In-Network,2025-26,2026-08-24,2026-08-26,2026-09-29,34,268.68,0.0,Denied,Timely Filing Expired,False
5161,5934,16,750,15,7,In-Network,2025-26,2026-08-24,2026-08-28,2026-10-04,37,192.82,192.82,Clean-Paid,,False
5162,4180,3,59,6,1,In-Network,2025-26,2026-08-24,2026-08-24,2026-10-11,48,224.02,0.0,Denied,Prior Auth Required,False
5163,5963,23,762,14,5,In-Network,2025-26,2026-08-24,2026-08-29,2026-10-05,37,223.08,223.08,Clean-Paid,,False
5164,5558,15,589,3,1,In-Network,2025-26,2026-08-24,2026-08-26,2026-09-29,34,84.75,84.75,Clean-Paid,,False
5165,4295,10,101,8,9,In-Network,2025-26,2026-08-24,2026-08-29,2026-10-08,40,224.02,224.02,Clean-Paid,,False
5166,5250,31,469,18,2,In-Network,2025-26,2026-08-24,2026-08-25,2026-09-30,36,58.06,0.0,Denied,Frequency Limit Exceeded,False
5167,4157,15,49,17,1,Out-of-Network,2025-26,2026-08-24,2026-08-24,2026-10-11,48,254.64,254.64,Clean-Paid,,False
5168,4461,29,161,13,5,In-Network,2025-26,2026-08-24,2026-08-28,2026-10-03,36,9.68,9.68,Clean-Paid,,False
5169,5355,14,510,16,4,In-Network,2025-26,2026-08-24,2026-08-28,2026-10-16,49,63.74,63.74,Clean-Paid,,False
5170,5463,15,554,9,1,Out-of-Network,2025-26,2026-08-24,2026-08-25,2026-10-10,46,190.92,0.0,Denied,Missing X-Ray,False
5171,4226,34,76,8,2,In-Network,2025-26,2026-08-24,2026-08-28,2026-10-04,37,172.57,172.57,Clean-Paid,,False
5172,4451,22,158,16,6,Out-of-Network,2025-26,2026-08-24,2026-08-29,2026-09-28,30,252.42,252.42,Clean-Paid,,False
5173,4087,21,23,15,2,In-Network,2025-26,2026-08-24,2026-08-24,2026-09-21,28,159.17,159.17,Clean-Paid,,False
5174,5735,10,666,2,9,In-Network,2025-26,2026-08-24,2026-08-27,2026-10-11,45,224.02,224.02,Clean-Paid,,False
5175,4310,15,107,12,1,In-Network,2025-26,2026-08-24,2026-08-26,2026-10-14,49,0.0,0.0,Clean-Paid,,False
5176,5351,14,509,15,4,In-Network,2025-26,2026-08-24,2026-08-26,2026-10-11,46,224.02,224.02,Clean-Paid,,False
5177,4676,8,239,4,1,Out-of-Network,2025-26,2026-08-24,2026-08-28,2026-10-07,40,632.94,632.94,Clean-Paid,,True
5178,5125,27,417,14,9,In-Network,2025-26,2026-08-24,2026-08-29,2026-10-20,52,138.45,138.45,Clean-Paid,,False
5179,5684,30,645,2,5,Out-of-Network,2025-26,2026-08-24,2026-08-24,2026-09-27,34,285.94,285.94,Clean-Paid,,False
5180,4153,30,48,7,5,In-Network,2025-26,2026-08-25,2026-08-30,2026-10-08,39,108.47,108.47,Clean-Paid,,False
5181,5030,22,382,9,6,Out-of-Network,2025-26,2026-08-25,2026-08-26,2026-09-24,29,178.82,178.82,Clean-Paid,,False
5182,4364,22,128,16,6,Out-of-Network,2025-26,2026-08-26,2026-08-28,2026-09-21,24,298.04,298.04,Clean-Paid,,False
5183,4959,9,350,11,6,Out-of-Network,2025-26,2026-08-26,2026-08-27,2026-10-06,40,178.82,178.82,Clean-Paid,,False
5184,5885,7,726,5,7,In-Network,2025-26,2026-08-26,2026-08-29,2026-10-01,33,108.47,108.47,Clean-Paid,,False
5185,5604,30,610,12,5,In-Network,2025-26,2026-08-26,2026-08-28,2026-09-30,33,224.02,224.02,Clean-Paid,,False
5186,4613,20,216,9,4,Out-of-Network,2025-26,2026-08-26,2026-08-28,2026-10-05,38,0.0,0.0,Clean-Paid,,False
5187,5255,29,471,3,5,In-Network,2025-26,2026-08-27,2026-08-27,2026-09-20,24,130.38,130.38,Clean-Paid,,False
5188,4304,15,104,2,1,Out-of-Network,2025-26,2026-08-27,2026-08-29,2026-09-30,32,190.92,190.92,Clean-Paid,,False
5189,5533,16,579,7,7,In-Network,2025-26,2026-08-27,2026-08-30,2026-10-10,41,161.96,0.0,Denied,Max Benefit Exceeded,False
5190,4863,34,308,18,2,In-Network,2025-26,2026-08-27,2026-08-31,2026-10-04,34,577.01,577.01,Clean-Paid,,True
5191,5400,1,527,20,4,In-Network,2025-26,2026-08-27,2026-08-27,2026-10-07,41,138.45,138.45,Clean-Paid,,False
5192,4639,21,225,15,2,In-Network,2025-26,2026-08-28,2026-09-02,2026-09-29,27,204.75,0.0,Denied,Prior Auth Required,False
5193,4417,25,147,5,9,In-Network,2025-26,2026-08-28,2026-09-01,2026-10-09,38,138.45,138.45,Clean-Paid,,False
5194,4032,24,2,13,8,In-Network,2025-26,2026-08-28,2026-08-29,2026-09-28,30,206.53,206.53,Clean-Paid,,False
5195,5063,30,396,19,5,In-Network,2025-26,2026-08-31,2026-09-05,2026-09-28,23,224.02,224.02,Clean-Paid,,False
5196,5728,9,663,18,6,In-Network,2025-26,2026-08-31,2026-08-31,2026-10-02,32,224.02,224.02,Clean-Paid,,False
5197,4290,32,99,12,1,In-Network,2025-26,2026-08-31,2026-09-05,2026-10-24,49,168.71,168.71,Clean-Paid,,False
5198,4834,33,297,12,8,Out-of-Network,2025-26,2026-08-31,2026-08-31,2026-10-04,34,190.92,190.92,Clean-Paid,,False
5199,5397,32,526,19,1,Out-of-Network,2025-26,2026-08-31,2026-08-31,2026-10-09,39,178.82,178.82,Clean-Paid,,False
5200,5925,6,744,2,8,In-Network,2025-26,2026-08-31,2026-08-31,2026-10-11,41,137.51,137.51,Clean-Paid,,False
5201,4410,22,144,16,6,Out-of-Network,2025-26,2026-08-31,2026-09-03,2026-10-12,39,178.82,0.0,Denied,Prior Auth Required,False
5202,4225,34,76,8,2,In-Network,2025-26,2026-08-31,2026-08-31,2026-10-01,31,138.45,138.45,Clean-Paid,,False
5203,5691,5,647,18,4,In-Network,2025-26,2026-08-31,2026-09-02,2026-10-12,40,224.02,224.02,Clean-Paid,,False
5204,5202,3,450,17,1,Out-of-Network,2025-26,2026-08-31,2026-09-03,2026-10-08,35,258.13,0.0,Denied,Prior Auth Required,False
5205,5100,30,409,17,5,In-Network,2025-26,2026-08-31,2026-09-03,2026-09-29,26,138.45,138.45,Clean-Paid,,False
5206,4823,9,293,18,6,In-Network,2025-26,2026-08-31,2026-09-02,2026-10-08,36,137.51,0.0,Denied,Missing X-Ray,False
5207,4759,29,270,20,5,In-Network,2025-26,2026-08-31,2026-08-31,2026-09-30,30,172.57,172.57,Clean-Paid,,False
5208,5157,31,430,11,2,In-Network,2025-26,2026-08-31,2026-09-02,2026-09-30,28,224.02,0.0,Denied,Frequency Limit Exceeded,False
5209,5147,21,425,17,2,In-Network,2025-26,2026-08-31,2026-08-31,2026-10-09,39,813.65,0.0,Denied,Prior Auth Required,True
5210,5935,31,751,15,2,In-Network,2025-26,2026-08-31,2026-09-04,2026-10-06,32,224.02,0.0,Denied,Coding Error,False
5211,5221,1,459,19,4,In-Network,2025-26,2026-08-31,2026-09-01,2026-10-08,37,138.45,138.45,Clean-Paid,,False
5212,5500,17,568,1,5,In-Network,2025-26,2026-08-31,2026-09-04,2026-10-06,32,138.45,138.45,Clean-Paid,,False
5213,5701,2,651,6,9,In-Network,2025-26,2026-08-31,2026-09-05,2026-10-17,42,224.02,224.02,Clean-Paid,,False
5214,6001,15,777,19,1,Out-of-Network,2025-26,2026-08-31,2026-09-02,2026-10-07,35,178.82,178.82,Clean-Paid,,False
5215,5840,16,710,18,7,In-Network,2025-26,2026-08-31,2026-09-05,2026-10-12,37,224.02,224.02,Clean-Paid,,False
5216,4763,29,272,2,5,Out-of-Network,2025-26,2026-08-31,2026-09-05,2026-10-07,32,178.82,178.82,Clean-Paid,,False
5217,4695,29,247,14,5,In-Network,2025-26,2026-08-31,2026-08-31,2026-10-08,38,138.45,138.45,Clean-Paid,,False
5218,4282,13,95,6,4,In-Network,2025-26,2026-08-31,2026-08-31,2026-10-10,40,224.02,224.02,Clean-Paid,,False
5219,4286,32,97,14,1,Out-of-Network,2025-26,2026-08-31,2026-09-01,2026-10-20,49,178.82,178.82,Clean-Paid,,False
5220,5960,23,761,10,5,In-Network,2025-26,2026-08-31,2026-09-03,2026-10-11,38,138.45,138.45,Clean-Paid,,False
5221,4881,17,317,8,5,In-Network,2025-26,2026-08-31,2026-09-03,2026-10-11,38,138.45,138.45,Clean-Paid,,False
5222,5492,25,565,11,9,In-Network,2025-26,2026-08-31,2026-09-03,2026-10-27,54,138.45,138.45,Clean-Paid,,False
5223,5858,7,716,1,7,In-Network,2025-26,2026-08-31,2026-09-05,2026-10-08,33,192.82,192.82,Clean-Paid,,False
5224,4547,21,193,14,2,In-Network,2025-26,2026-08-31,2026-08-31,2026-09-26,26,137.51,137.51,Clean-Paid,,False
5225,4620,20,218,12,4,Out-of-Network,2025-26,2026-08-31,2026-09-01,2026-10-13,42,190.92,190.92,Clean-Paid,,False
5226,4279,13,94,15,4,In-Network,2025-26,2026-08-31,2026-09-03,2026-10-19,46,107.25,107.25,Clean-Paid,,False
5227,4072,8,18,5,1,In-Network,2025-26,2026-08-31,2026-08-31,2026-10-12,42,267.74,267.74,Clean-Paid,,False
5228,5269,29,475,6,5,In-Network,2025-26,2026-08-31,2026-09-03,2026-09-29,26,48.47,48.47,Clean-Paid,,False
5229,5441,18,545,11,1,Out-of-Network,2025-26,2026-08-31,2026-08-31,2026-10-09,39,284.64,284.64,Clean-Paid,,False
5230,4934,28,340,14,3,In-Network,2025-26,2026-08-31,2026-09-04,2026-10-05,31,237.48,237.48,Clean-Paid,,False
5231,5192,27,443,15,9,In-Network,2025-26,2026-08-31,2026-09-03,2026-10-12,39,137.51,137.51,Clean-Paid,,False
5232,5917,6,741,10,8,In-Network,2025-26,2026-08-31,2026-09-01,2026-10-05,34,138.45,138.45,Clean-Paid,,False
